transaction_id,amount,payment_method,failure_reason,customer_age_days,previous_successful_payments,previous_failed_payments,retry_count,time_since_failure_hours,customer_avg_amount,is_subscription,recovered
TXN000001,531.96,UPI,Bank Decline,923,23,6,0,7.59,2732.71,1,1
TXN000002,1858.25,Wallet,Bank Decline,722,22,7,1,21.34,1373.98,0,0
TXN000003,3553.37,Card,Insufficient Funds,1308,9,0,2,7.21,913.46,0,1
TXN000004,363.5,Card,Network Error,545,13,7,0,2.59,2397.97,0,1
TXN000005,5120.86,UPI,Network Error,91,18,2,1,15.5,1180.09,0,0
TXN000006,976.82,UPI,Authentication Failed,1365,14,8,2,58.63,2081.49,1,1
TXN000007,455.99,UPI,Insufficient Funds,447,25,4,4,9.59,3320.04,1,1
TXN000008,2168.91,Net Banking,Expired Card,796,19,2,2,45.02,1169.69,0,0
TXN000009,733.77,Card,Limit Exceeded,1202,14,3,0,42.47,677.25,1,0
TXN000010,1018.86,Card,Limit Exceeded,345,12,6,0,19.87,1183.85,1,0
TXN000011,762.15,UPI,Authentication Failed,1259,16,5,1,1.31,772.9,0,1
TXN000012,525.81,Wallet,Expired Card,1209,20,4,1,19.1,620.94,0,0
TXN000013,2104.0,Net Banking,Authentication Failed,1277,15,4,1,16.09,243.55,1,1
TXN000014,847.53,UPI,Bank Decline,1010,17,3,1,15.67,504.03,1,1
TXN000015,300.97,UPI,Network Error,680,20,4,0,7.44,1719.21,1,1
TXN000016,1800.74,UPI,Insufficient Funds,736,18,2,4,24.99,1560.3,0,0
TXN000017,370.55,UPI,Insufficient Funds,323,21,8,1,38.61,435.35,0,0
TXN000018,388.41,Card,Bank Decline,1316,14,2,1,20.22,829.93,0,1
TXN000019,3207.82,Card,Insufficient Funds,82,16,1,1,2.88,1439.67,0,1
TXN000020,373.64,UPI,Bank Decline,980,24,9,1,27.64,637.44,1,0
TXN000021,136.35,Card,Insufficient Funds,1005,14,4,2,3.06,812.29,0,1
TXN000022,1920.95,UPI,Insufficient Funds,1482,15,4,0,28.96,947.93,0,0
TXN000023,834.24,UPI,Authentication Failed,210,27,6,3,16.85,1021.33,0,1
TXN000024,901.55,UPI,Insufficient Funds,430,22,1,0,7.55,870.49,0,1
TXN000025,826.29,Card,Limit Exceeded,199,13,4,1,15.05,848.36,0,0
TXN000026,1350.87,Net Banking,Insufficient Funds,1323,24,5,0,31.2,570.29,1,0
TXN000027,556.99,UPI,Authentication Failed,903,21,2,1,12.9,944.51,1,1
TXN000028,4140.22,Card,Authentication Failed,787,14,3,2,11.65,1369.41,0,1
TXN000029,290.44,Card,Expired Card,1443,23,1,0,4.29,1377.49,0,1
TXN000030,1636.62,UPI,Expired Card,1469,24,2,0,8.2,1140.91,1,1
TXN000031,1954.54,Card,Insufficient Funds,307,16,4,1,13.2,478.88,0,1
TXN000032,553.53,UPI,Authentication Failed,266,12,6,0,2.18,773.93,1,0
TXN000033,436.43,UPI,Authentication Failed,1222,19,6,0,22.44,1178.09,0,0
TXN000034,2739.3,Net Banking,Authentication Failed,1301,18,4,2,40.55,1633.14,0,1
TXN000035,449.54,Wallet,Expired Card,1010,21,3,1,28.12,771.56,1,1
TXN000036,635.24,Net Banking,Bank Decline,622,14,7,1,11.99,6056.44,1,0
TXN000037,2437.13,UPI,Authentication Failed,438,21,7,1,0.15,3732.79,1,1
TXN000038,1131.46,UPI,Bank Decline,722,23,6,0,10.96,284.71,0,1
TXN000039,217.58,Card,Network Error,702,14,4,3,2.38,2181.01,1,0
TXN000040,5283.55,Card,Insufficient Funds,1247,14,4,4,24.39,827.3,0,0
TXN000041,680.61,UPI,Authentication Failed,1121,15,6,0,2.44,999.62,1,1
TXN000042,763.2,Card,Insufficient Funds,204,14,1,0,2.37,1370.98,1,0
TXN000043,1380.51,UPI,Bank Decline,989,9,2,0,12.95,562.2,0,1
TXN000044,1924.78,Net Banking,Network Error,1429,14,4,0,4.96,2942.45,0,1
TXN000045,6406.02,UPI,Limit Exceeded,45,21,3,1,4.97,834.09,0,0
TXN000046,246.15,Card,Network Error,715,20,4,1,57.77,793.49,0,1
TXN000047,2306.2,UPI,Bank Decline,477,14,5,0,6.27,1063.38,0,1
TXN000048,2140.32,Card,Insufficient Funds,85,16,2,1,45.31,381.11,1,0
TXN000049,969.28,Card,Limit Exceeded,735,20,6,1,4.76,1174.87,0,0
TXN000050,2227.3,UPI,Authentication Failed,1124,19,4,0,41.16,358.94,0,1
TXN000051,2542.36,Wallet,Limit Exceeded,690,28,5,0,4.09,3043.98,1,1
TXN000052,316.16,Net Banking,Bank Decline,49,10,3,0,3.46,439.52,0,0
TXN000053,5296.44,Net Banking,Authentication Failed,138,13,2,2,5.85,1059.75,1,0
TXN000054,269.65,Net Banking,Bank Decline,83,14,1,0,9.86,304.85,0,0
TXN000055,394.74,Card,Network Error,1262,14,1,0,4.21,583.49,0,1
TXN000056,866.44,Net Banking,Network Error,45,25,6,2,17.24,2796.77,1,0
TXN000057,6200.88,UPI,Bank Decline,157,26,3,0,11.37,1016.26,1,0
TXN000058,830.95,UPI,Limit Exceeded,982,14,2,0,13.93,4947.98,0,1
TXN000059,1065.56,UPI,Network Error,1449,14,8,3,19.67,457.75,0,0
TXN000060,3979.34,UPI,Bank Decline,1216,11,4,0,11.16,1021.6,1,1
TXN000061,836.91,UPI,Bank Decline,324,20,2,0,1.79,474.57,0,1
TXN000062,379.71,UPI,Insufficient Funds,1494,22,1,4,7.85,806.36,0,1
TXN000063,753.32,Net Banking,Network Error,1462,30,6,1,13.13,845.62,0,0
TXN000064,3765.79,UPI,Bank Decline,1165,10,4,3,3.55,1347.21,0,1
TXN000065,1168.85,UPI,Insufficient Funds,1299,18,7,0,12.22,1018.68,0,1
TXN000066,6232.87,Card,Expired Card,443,18,2,1,2.37,799.26,1,1
TXN000067,2130.56,UPI,Expired Card,633,19,1,1,7.82,1672.63,1,0
TXN000068,613.8,Net Banking,Limit Exceeded,557,21,2,4,32.86,1628.77,0,1
TXN000069,1148.22,UPI,Network Error,346,19,3,1,0.87,2843.77,0,1
TXN000070,508.82,Wallet,Authentication Failed,1272,12,5,1,0.67,422.01,0,0
TXN000071,600.89,Net Banking,Authentication Failed,1251,20,3,0,9.17,538.42,0,1
TXN000072,61770.17,UPI,Limit Exceeded,664,16,3,0,44.28,3997.72,0,0
TXN000073,2742.88,UPI,Expired Card,924,15,2,0,17.16,4602.41,0,1
TXN000074,2380.32,Net Banking,Bank Decline,367,16,9,1,20.92,1747.94,0,0
TXN000075,625.87,Card,Authentication Failed,1002,24,7,2,14.64,1669.6,1,0
TXN000076,4503.57,Card,Bank Decline,777,14,9,2,26.86,1036.93,1,1
TXN000077,2949.75,Net Banking,Insufficient Funds,196,22,3,0,9.43,1434.24,1,1
TXN000078,5963.78,UPI,Bank Decline,419,21,6,2,24.88,1780.05,0,0
TXN000079,5709.02,UPI,Insufficient Funds,335,13,3,3,48.98,3538.83,0,1
TXN000080,289.69,UPI,Authentication Failed,1252,14,3,2,7.62,1631.94,0,0
TXN000081,403.89,Net Banking,Network Error,98,16,2,0,9.52,920.22,0,1
TXN000082,444.34,Card,Network Error,446,21,4,1,3.46,626.26,1,1
TXN000083,468.93,UPI,Expired Card,1136,13,2,0,2.25,401.38,0,1
TXN000084,1467.19,UPI,Network Error,251,19,4,1,24.93,1149.1,1,1
TXN000085,658.44,UPI,Insufficient Funds,1335,23,3,1,15.97,2129.98,0,1
TXN000086,7082.19,UPI,Network Error,915,18,3,1,22.65,2665.55,0,0
TXN000087,6088.83,Card,Expired Card,839,16,2,0,3.31,3251.13,0,1
TXN000088,1090.27,Card,Bank Decline,103,18,6,0,25.48,1563.7,0,0
TXN000089,6372.8,Net Banking,Limit Exceeded,944,19,5,3,6.78,719.27,1,1
TXN000090,4185.25,Card,Bank Decline,960,15,3,1,17.41,2573.4,1,1
TXN000091,730.96,UPI,Bank Decline,1296,20,6,3,33.85,485.63,1,0
TXN000092,179.78,Card,Insufficient Funds,581,13,4,2,17.2,822.87,0,0
TXN000093,901.29,Card,Bank Decline,109,15,4,0,3.38,807.28,0,0
TXN000094,613.9,Card,Limit Exceeded,1284,18,2,1,12.48,1132.12,1,0
TXN000095,1320.62,Net Banking,Limit Exceeded,1485,15,3,1,5.25,2317.47,0,1
TXN000096,1188.33,Card,Bank Decline,835,21,5,0,14.49,1116.69,0,1
TXN000097,1160.63,Card,Network Error,519,20,3,2,1.48,738.73,0,1
TXN000098,1756.92,Card,Expired Card,672,20,2,2,72.75,1487.87,0,1
TXN000099,368.24,UPI,Bank Decline,1291,17,4,0,17.43,585.97,0,1
TXN000100,1587.99,UPI,Insufficient Funds,41,9,2,1,8.65,1288.7,0,1
TXN000101,738.3,UPI,Authentication Failed,1411,16,6,2,7.61,1769.3,1,1
TXN000102,1312.89,Card,Network Error,403,23,3,0,15.66,637.24,1,1
TXN000103,2595.85,UPI,Authentication Failed,33,16,4,4,20.07,482.25,1,1
TXN000104,364.32,Card,Bank Decline,312,15,1,1,4.81,1044.6,0,0
TXN000105,851.36,Net Banking,Expired Card,705,15,5,2,14.41,637.9,0,0
TXN000106,985.67,UPI,Bank Decline,587,18,4,1,34.98,611.21,0,0
TXN000107,690.32,UPI,Bank Decline,171,20,4,0,29.92,761.76,0,1
TXN000108,2464.75,Card,Network Error,1288,16,4,2,3.67,1868.06,0,1
TXN000109,573.44,UPI,Bank Decline,108,14,4,0,8.7,864.32,0,0
TXN000110,665.23,UPI,Insufficient Funds,461,14,2,1,28.16,443.78,0,1
TXN000111,578.87,UPI,Bank Decline,199,20,4,1,6.66,1355.13,0,1
TXN000112,2930.27,UPI,Insufficient Funds,922,15,4,0,26.36,1524.66,0,1
TXN000113,704.02,Net Banking,Expired Card,904,12,7,0,22.24,1607.66,0,1
TXN000114,1659.12,Net Banking,Network Error,816,11,3,0,3.63,1279.58,1,0
TXN000115,6490.76,Card,Insufficient Funds,305,17,3,0,21.48,742.13,0,1
TXN000116,1025.22,Net Banking,Insufficient Funds,27,20,7,0,32.68,2229.49,1,0
TXN000117,2983.51,Net Banking,Insufficient Funds,51,9,6,1,42.78,405.39,0,1
TXN000118,4935.55,UPI,Network Error,502,18,3,0,5.06,483.33,1,0
TXN000119,2764.11,Net Banking,Insufficient Funds,689,25,2,1,103.95,1183.63,0,0
TXN000120,1080.18,Card,Limit Exceeded,229,17,4,1,12.13,1369.16,0,1
TXN000121,1954.51,Net Banking,Insufficient Funds,305,14,2,1,5.21,360.16,0,1
TXN000122,344.25,Net Banking,Bank Decline,1054,9,4,2,23.03,482.02,0,1
TXN000123,543.46,UPI,Authentication Failed,1368,24,4,0,22.46,1064.25,0,1
TXN000124,636.38,UPI,Expired Card,1114,19,8,0,17.14,1142.26,1,1
TXN000125,8238.31,UPI,Insufficient Funds,1090,10,8,1,2.82,2443.8,0,0
TXN000126,527.78,Card,Limit Exceeded,294,26,5,2,0.58,404.87,1,1
TXN000127,520.75,Net Banking,Network Error,523,16,4,0,23.93,587.86,0,1
TXN000128,428.58,Net Banking,Limit Exceeded,904,14,5,0,7.73,456.75,1,1
TXN000129,1814.98,UPI,Network Error,160,17,0,1,1.85,270.02,1,1
TXN000130,1246.83,Card,Expired Card,287,15,4,1,48.17,733.56,0,1
TXN000131,2916.34,UPI,Authentication Failed,440,23,8,2,46.93,1347.25,0,0
TXN000132,2006.47,UPI,Bank Decline,348,17,2,1,18.5,769.98,1,1
TXN000133,316.6,UPI,Network Error,92,20,6,0,5.01,1223.35,0,0
TXN000134,530.3,UPI,Bank Decline,785,15,4,1,75.17,988.09,1,1
TXN000135,3747.32,Net Banking,Insufficient Funds,197,13,3,0,4.96,516.63,0,1
TXN000136,913.27,UPI,Insufficient Funds,1282,17,10,4,0.19,638.66,1,1
TXN000137,3193.37,Card,Insufficient Funds,1098,17,1,1,41.36,2056.02,0,1
TXN000138,958.42,Card,Expired Card,1176,12,3,0,3.93,1781.86,1,1
TXN000139,459.03,UPI,Network Error,997,23,6,2,17.88,1646.68,0,1
TXN000140,834.69,Wallet,Network Error,882,31,4,4,4.9,906.4,0,0
TXN000141,458.86,Wallet,Insufficient Funds,668,20,4,1,10.66,637.82,0,1
TXN000142,659.18,UPI,Bank Decline,580,26,3,0,9.29,1393.3,1,1
TXN000143,1314.0,Card,Authentication Failed,1285,21,4,1,8.46,845.47,1,1
TXN000144,1737.92,UPI,Bank Decline,137,16,7,1,6.88,783.4,1,0
TXN000145,262.13,UPI,Network Error,845,16,5,1,0.28,1171.38,0,1
TXN000146,1079.62,UPI,Limit Exceeded,965,12,5,2,4.35,510.67,1,1
TXN000147,646.81,Card,Limit Exceeded,1407,22,8,1,92.56,2358.83,0,0
TXN000148,611.81,Card,Network Error,1229,21,3,3,0.14,1304.99,0,1
TXN000149,1235.73,UPI,Authentication Failed,845,17,2,0,1.34,2026.79,1,1
TXN000150,668.2,UPI,Bank Decline,227,20,5,0,0.59,866.33,0,0
TXN000151,3804.44,Net Banking,Authentication Failed,1440,17,2,0,12.99,847.16,0,1
TXN000152,3194.72,UPI,Bank Decline,649,21,7,0,0.68,822.66,0,0
TXN000153,3176.85,UPI,Bank Decline,1201,18,3,0,13.84,580.75,1,1
TXN000154,702.45,Card,Insufficient Funds,1175,14,5,0,7.11,643.83,1,1
TXN000155,461.16,Wallet,Limit Exceeded,494,12,3,0,37.82,721.47,1,1
TXN000156,1180.66,UPI,Bank Decline,858,19,3,0,8.0,2306.4,1,1
TXN000157,957.85,Card,Bank Decline,360,22,7,0,30.85,1129.82,1,1
TXN000158,634.01,Card,Bank Decline,1211,19,6,0,21.95,570.57,0,1
TXN000159,380.63,UPI,Authentication Failed,954,12,6,0,62.83,1203.18,0,0
TXN000160,1056.41,Card,Limit Exceeded,167,15,6,1,10.52,985.33,1,1
TXN000161,762.3,UPI,Network Error,470,16,2,0,55.71,1047.17,0,1
TXN000162,2037.57,Card,Network Error,1090,11,3,0,18.73,282.07,0,0
TXN000163,1995.39,Card,Network Error,221,18,2,0,8.68,938.32,0,1
TXN000164,2953.42,Card,Bank Decline,586,13,0,2,12.12,2012.54,1,1
TXN000165,353.06,UPI,Authentication Failed,1222,17,4,1,23.59,1424.47,1,0
TXN000166,1573.33,Net Banking,Insufficient Funds,494,20,6,1,38.93,752.41,0,1
TXN000167,569.8,UPI,Bank Decline,231,16,3,0,9.37,2913.92,0,0
TXN000168,365.63,UPI,Bank Decline,1422,19,6,1,51.54,886.7,0,0
TXN000169,745.65,UPI,Network Error,715,21,1,2,11.71,1316.39,0,1
TXN000170,2869.33,Card,Bank Decline,167,16,2,1,26.48,813.95,1,1
TXN000171,784.4,Card,Network Error,461,19,6,1,42.87,455.98,1,1
TXN000172,4486.86,UPI,Insufficient Funds,1141,15,2,0,4.47,1548.32,0,1
TXN000173,1797.21,Card,Network Error,1089,21,4,1,4.04,2246.43,0,1
TXN000174,769.18,UPI,Bank Decline,551,18,4,2,20.62,961.01,1,1
TXN000175,3115.18,Card,Insufficient Funds,35,18,6,0,18.0,537.11,0,1
TXN000176,1637.39,UPI,Insufficient Funds,773,16,4,2,31.73,1183.06,0,1
TXN000177,473.76,Card,Limit Exceeded,191,17,5,1,14.03,788.09,1,0
TXN000178,5842.55,UPI,Bank Decline,1254,10,4,4,23.34,1372.78,1,1
TXN000179,1385.1,Net Banking,Network Error,363,20,4,0,3.35,664.05,1,1
TXN000180,1115.34,UPI,Expired Card,498,10,5,0,14.19,908.82,1,0
TXN000181,507.77,UPI,Expired Card,739,12,6,0,0.18,2167.26,0,1
TXN000182,3170.31,UPI,Network Error,584,22,3,0,20.62,899.59,0,1
TXN000183,1746.81,Net Banking,Bank Decline,120,19,4,0,63.48,1216.66,0,0
TXN000184,1932.01,Net Banking,Bank Decline,384,17,4,0,3.47,1176.72,0,1
TXN000185,694.52,UPI,Expired Card,1315,21,5,1,2.64,4197.83,1,1
TXN000186,2323.18,Card,Network Error,103,15,5,0,11.55,1548.5,0,1
TXN000187,2491.48,Net Banking,Limit Exceeded,848,18,1,2,10.64,800.84,0,1
TXN000188,600.7,Card,Authentication Failed,130,11,2,0,10.53,1202.79,1,1
TXN000189,306.34,Card,Insufficient Funds,162,13,2,2,6.18,719.78,0,1
TXN000190,1850.55,UPI,Insufficient Funds,116,14,7,0,2.68,5130.45,0,0
TXN000191,266.13,UPI,Expired Card,59,17,0,2,46.12,563.91,0,0
TXN000192,1257.42,Net Banking,Bank Decline,1204,19,4,0,7.72,835.13,0,0
TXN000193,733.24,Net Banking,Insufficient Funds,594,25,4,0,9.41,1111.44,1,0
TXN000194,3283.94,Card,Authentication Failed,1344,17,6,0,9.85,545.9,0,1
TXN000195,770.04,UPI,Bank Decline,732,16,9,2,2.46,1532.55,0,1
TXN000196,2970.68,UPI,Authentication Failed,1420,22,3,1,3.97,701.42,0,0
TXN000197,690.36,Card,Expired Card,51,19,3,0,0.23,675.02,0,1
TXN000198,2697.26,Net Banking,Limit Exceeded,942,18,2,1,12.38,2048.55,0,1
TXN000199,7004.5,Net Banking,Insufficient Funds,1147,15,3,0,14.54,739.29,0,1
TXN000200,419.37,Net Banking,Bank Decline,128,16,0,2,4.32,1219.0,0,1
TXN000201,1426.29,Card,Network Error,488,23,6,2,9.9,1278.75,1,1
TXN000202,13015.6,UPI,Insufficient Funds,1200,19,3,1,21.14,1799.23,1,1
TXN000203,1164.36,UPI,Bank Decline,684,17,5,0,5.4,1764.35,0,1
TXN000204,1159.34,Net Banking,Bank Decline,1430,27,3,1,8.24,290.39,0,1
TXN000205,2229.76,Card,Insufficient Funds,506,17,4,0,21.92,722.71,1,0
TXN000206,1137.94,UPI,Insufficient Funds,80,21,3,1,16.35,944.24,0,1
TXN000207,235.92,UPI,Limit Exceeded,977,14,4,0,12.7,2238.38,0,1
TXN000208,3038.32,Card,Insufficient Funds,155,27,4,1,36.48,580.09,0,0
TXN000209,180.79,UPI,Insufficient Funds,898,20,5,0,1.31,839.85,1,1
TXN000210,753.62,UPI,Network Error,1091,15,6,4,13.44,1111.13,0,0
TXN000211,3250.89,Card,Authentication Failed,1084,9,5,2,21.66,885.21,0,1
TXN000212,795.61,Card,Bank Decline,1253,18,1,0,5.82,1721.68,0,1
TXN000213,587.38,Card,Insufficient Funds,479,12,4,1,6.11,844.7,0,0
TXN000214,2419.55,UPI,Network Error,1346,15,6,1,12.43,654.67,1,1
TXN000215,509.79,Card,Authentication Failed,176,22,4,2,7.5,988.37,1,1
TXN000216,365.04,UPI,Limit Exceeded,707,21,4,2,9.93,3345.27,1,0
TXN000217,1403.97,UPI,Network Error,38,24,7,0,21.14,1124.39,0,1
TXN000218,930.17,Card,Bank Decline,59,16,3,0,8.4,2910.47,0,1
TXN000219,358.06,Card,Network Error,946,17,2,0,0.5,1434.62,0,1
TXN000220,1945.47,Net Banking,Insufficient Funds,145,20,3,1,1.76,1008.69,0,0
TXN000221,1665.76,Card,Expired Card,1404,24,3,2,12.68,2194.88,0,1
TXN000222,793.32,Card,Expired Card,1077,30,5,0,49.23,1801.26,1,1
TXN000223,843.7,UPI,Authentication Failed,96,17,8,3,6.05,1376.0,0,1
TXN000224,1674.64,UPI,Bank Decline,834,17,3,0,0.43,1331.47,1,1
TXN000225,3201.34,UPI,Insufficient Funds,42,21,3,3,30.27,1623.35,1,0
TXN000226,850.21,UPI,Network Error,1022,17,3,0,26.6,1098.0,1,0
TXN000227,1976.77,Wallet,Expired Card,935,22,5,3,36.87,2038.89,1,0
TXN000228,1823.8,UPI,Limit Exceeded,1255,21,4,0,11.3,708.33,0,0
TXN000229,2419.65,Net Banking,Insufficient Funds,560,18,4,0,1.42,889.35,0,1
TXN000230,1136.12,Card,Bank Decline,746,21,5,4,2.88,605.71,0,1
TXN000231,482.46,Net Banking,Network Error,275,21,6,2,58.11,3765.64,0,0
TXN000232,723.25,Card,Bank Decline,916,19,4,1,34.89,306.66,0,0
TXN000233,1493.04,Card,Authentication Failed,192,12,2,0,16.8,978.7,1,0
TXN000234,5634.24,Card,Network Error,1401,20,1,0,0.96,690.69,0,1
TXN000235,709.37,UPI,Limit Exceeded,875,29,4,1,1.24,852.12,1,1
TXN000236,2262.69,Card,Network Error,1265,28,1,0,3.64,315.25,0,1
TXN000237,816.27,UPI,Limit Exceeded,1152,11,4,1,19.35,691.98,1,0
TXN000238,1211.27,UPI,Bank Decline,430,13,3,1,64.88,1485.52,0,0
TXN000239,4289.21,Card,Limit Exceeded,839,31,7,1,15.59,543.02,0,1
TXN000240,2181.71,UPI,Bank Decline,1419,16,5,3,32.76,2689.22,0,0
TXN000241,358.82,Net Banking,Network Error,932,24,3,3,26.14,641.95,0,1
TXN000242,655.09,Wallet,Insufficient Funds,1147,21,2,2,5.47,379.69,0,1
TXN000243,3396.83,Net Banking,Network Error,1496,22,4,0,15.75,3110.55,0,0
TXN000244,1246.0,UPI,Bank Decline,1459,9,1,0,22.12,1526.24,1,0
TXN000245,389.96,UPI,Bank Decline,875,18,7,1,7.0,1659.78,1,0
TXN000246,524.76,Net Banking,Authentication Failed,1022,19,2,4,16.98,4697.18,0,1
TXN000247,2065.53,Card,Insufficient Funds,448,16,3,1,2.49,411.73,1,0
TXN000248,2683.75,Wallet,Limit Exceeded,45,17,8,0,29.04,2490.96,0,1
TXN000249,1114.4,Wallet,Authentication Failed,914,18,5,2,6.7,318.96,1,1
TXN000250,10175.95,Net Banking,Insufficient Funds,1192,25,2,2,6.54,478.28,0,1
TXN000251,2302.47,UPI,Expired Card,172,15,4,0,23.54,2048.37,0,0
TXN000252,880.83,UPI,Bank Decline,1475,15,5,1,27.62,1248.79,1,0
TXN000253,526.3,Net Banking,Insufficient Funds,449,9,5,0,23.57,223.31,1,1
TXN000254,456.05,UPI,Bank Decline,337,25,4,0,7.28,693.97,0,0
TXN000255,1483.08,UPI,Authentication Failed,999,18,4,0,45.57,561.96,0,0
TXN000256,706.34,Card,Insufficient Funds,1365,23,6,1,16.27,1625.21,0,1
TXN000257,4946.17,Net Banking,Network Error,1142,17,5,0,8.02,1313.24,0,1
TXN000258,4103.85,Card,Network Error,720,15,4,0,7.66,1444.14,1,1
TXN000259,1938.67,Card,Authentication Failed,841,19,3,0,1.48,517.85,0,1
TXN000260,379.52,UPI,Insufficient Funds,145,17,4,1,3.29,745.17,1,1
TXN000261,598.85,Card,Expired Card,1196,24,6,1,19.08,1410.59,1,1
TXN000262,3395.17,Wallet,Expired Card,1444,22,7,0,6.8,1183.85,1,1
TXN000263,660.66,UPI,Expired Card,1199,13,4,0,5.37,2032.29,1,1
TXN000264,3010.7,Card,Authentication Failed,775,22,5,0,0.09,527.41,0,0
TXN000265,1681.0,Net Banking,Limit Exceeded,130,16,4,0,33.43,447.98,1,1
TXN000266,1148.88,Card,Insufficient Funds,888,19,7,1,5.71,1242.91,0,0
TXN000267,582.57,Card,Network Error,767,10,3,3,6.6,2764.12,1,1
TXN000268,1007.45,Card,Bank Decline,1128,17,6,0,91.97,362.6,1,1
TXN000269,1300.73,UPI,Bank Decline,1090,14,5,0,11.72,514.53,0,1
TXN000270,2777.44,UPI,Bank Decline,1049,17,4,2,13.86,752.81,1,1
TXN000271,494.15,Net Banking,Bank Decline,1154,15,3,1,1.09,977.74,1,1
TXN000272,865.64,Net Banking,Bank Decline,232,20,5,1,12.76,1964.11,0,1
TXN000273,1141.78,Net Banking,Authentication Failed,618,21,4,0,9.99,516.78,1,0
TXN000274,1991.04,Net Banking,Insufficient Funds,330,24,2,2,36.74,865.77,0,0
TXN000275,484.14,Card,Authentication Failed,1047,10,8,0,13.32,666.68,0,1
TXN000276,335.32,Card,Network Error,1110,12,4,3,36.61,1575.55,0,0
TXN000277,2011.36,Net Banking,Network Error,603,8,6,0,25.3,1324.63,1,1
TXN000278,279.74,Card,Limit Exceeded,1486,11,4,2,0.23,2092.73,0,0
TXN000279,3485.9,Card,Bank Decline,547,19,3,0,65.04,1667.94,0,1
TXN000280,953.05,Net Banking,Bank Decline,652,23,2,1,1.37,2155.85,1,0
TXN000281,272.39,Net Banking,Bank Decline,996,10,2,0,0.64,811.08,1,1
TXN000282,711.68,UPI,Bank Decline,712,17,3,3,6.68,2855.47,0,1
TXN000283,1542.58,UPI,Authentication Failed,637,20,7,4,9.94,358.37,1,1
TXN000284,678.96,UPI,Limit Exceeded,1408,21,5,0,4.55,2644.88,1,1
TXN000285,1116.58,Card,Insufficient Funds,885,14,3,1,12.38,586.64,0,1
TXN000286,2134.68,UPI,Insufficient Funds,197,12,2,0,61.92,2267.24,0,0
TXN000287,914.18,Card,Bank Decline,861,20,5,1,14.59,2091.05,0,1
TXN000288,471.84,Card,Insufficient Funds,497,19,8,0,2.13,792.13,1,0
TXN000289,837.91,UPI,Network Error,411,15,4,2,43.72,856.36,0,1
TXN000290,3918.08,Card,Insufficient Funds,1302,23,5,0,2.1,501.05,0,0
TXN000291,4996.82,UPI,Network Error,881,13,5,2,11.01,551.3,1,0
TXN000292,178.05,UPI,Insufficient Funds,436,19,4,0,11.15,1258.23,0,1
TXN000293,2927.56,Net Banking,Bank Decline,526,20,4,4,23.45,399.88,0,1
TXN000294,1373.52,UPI,Expired Card,899,19,4,0,20.49,2701.65,0,0
TXN000295,2518.92,UPI,Network Error,1414,16,5,2,17.25,1462.96,0,0
TXN000296,668.18,Card,Authentication Failed,827,7,8,1,18.22,1139.9,0,1
TXN000297,223.31,Card,Authentication Failed,893,17,2,2,25.73,781.81,1,1
TXN000298,1855.74,UPI,Bank Decline,1222,18,10,0,3.4,2671.55,1,1
TXN000299,470.18,Card,Insufficient Funds,441,27,4,0,67.41,1616.54,0,0
TXN000300,314.36,UPI,Limit Exceeded,69,17,1,0,14.2,678.31,1,1
TXN000301,334.77,UPI,Authentication Failed,1246,20,4,0,23.01,856.77,0,0
TXN000302,1883.38,Card,Limit Exceeded,140,11,5,1,15.57,1958.18,0,1
TXN000303,1243.28,Card,Insufficient Funds,964,22,8,4,37.49,1219.75,0,1
TXN000304,2217.69,Card,Authentication Failed,625,12,2,0,15.93,741.96,0,1
TXN000305,2002.53,Card,Bank Decline,1191,20,2,0,1.81,1698.51,1,0
TXN000306,750.82,Wallet,Expired Card,1288,20,1,0,37.25,1567.3,1,0
TXN000307,1029.24,Card,Authentication Failed,431,24,8,0,1.94,1185.48,0,1
TXN000308,692.08,UPI,Bank Decline,364,27,3,1,13.27,421.02,1,0
TXN000309,907.51,Net Banking,Authentication Failed,1405,15,3,0,4.06,569.46,1,0
TXN000310,459.19,UPI,Bank Decline,1039,19,3,2,2.32,1277.66,1,1
TXN000311,1558.43,Card,Authentication Failed,1017,17,4,0,2.35,342.13,1,0
TXN000312,2885.95,UPI,Bank Decline,203,17,4,2,36.16,745.25,1,1
TXN000313,525.87,UPI,Authentication Failed,1147,23,3,2,7.64,939.87,0,0
TXN000314,3474.28,Wallet,Insufficient Funds,1040,26,2,2,7.84,1203.27,0,0
TXN000315,1214.6,Net Banking,Expired Card,868,19,2,0,20.81,775.72,0,0
TXN000316,1362.36,Card,Network Error,525,22,5,2,32.08,901.61,0,1
TXN000317,237.58,UPI,Network Error,355,18,3,1,30.81,453.69,0,0
TXN000318,215.61,UPI,Bank Decline,1434,15,9,0,18.78,987.48,0,1
TXN000319,1248.51,UPI,Expired Card,581,17,6,3,22.77,1331.69,0,0
TXN000320,2232.24,UPI,Insufficient Funds,1034,21,5,0,17.22,675.71,0,1
TXN000321,599.3,Card,Network Error,334,22,3,3,32.09,847.93,1,1
TXN000322,4929.95,Card,Bank Decline,518,10,7,1,7.61,1476.4,0,0
TXN000323,2124.82,Card,Authentication Failed,937,15,3,0,4.89,1374.17,0,1
TXN000324,484.2,UPI,Insufficient Funds,136,21,5,2,3.94,644.45,1,0
TXN000325,1127.51,Wallet,Insufficient Funds,593,14,1,0,16.66,1522.72,0,1
TXN000326,10190.76,Card,Bank Decline,490,12,3,0,4.87,941.45,0,1
TXN000327,358.42,Card,Bank Decline,364,21,2,0,2.51,1483.97,0,0
TXN000328,1764.18,Card,Bank Decline,391,22,2,1,60.09,274.73,1,1
TXN000329,820.18,UPI,Network Error,260,19,6,0,8.55,1578.47,0,1
TXN000330,2071.87,UPI,Authentication Failed,841,14,2,0,40.41,1462.69,1,1
TXN000331,3430.79,UPI,Expired Card,1197,20,4,0,21.94,1271.35,0,1
TXN000332,774.63,Card,Network Error,802,21,4,0,7.71,866.76,0,1
TXN000333,3001.96,UPI,Insufficient Funds,475,16,5,1,2.76,1524.77,0,0
TXN000334,8095.66,UPI,Expired Card,499,18,4,0,33.16,1367.94,1,1
TXN000335,1164.03,UPI,Insufficient Funds,926,24,5,0,39.99,795.77,0,1
TXN000336,2222.53,UPI,Limit Exceeded,1368,23,4,4,3.63,1379.95,1,0
TXN000337,644.58,Net Banking,Bank Decline,57,14,2,3,17.82,713.04,0,1
TXN000338,1115.81,Card,Bank Decline,1086,15,3,2,14.9,358.02,1,1
TXN000339,935.42,Card,Bank Decline,79,11,6,3,47.44,768.55,0,0
TXN000340,2246.76,UPI,Authentication Failed,606,23,2,1,18.78,1496.9,0,0
TXN000341,3242.85,Card,Insufficient Funds,58,20,4,2,5.68,1031.67,0,0
TXN000342,993.58,Card,Network Error,131,20,4,0,22.64,1195.18,0,1
TXN000343,4360.14,UPI,Insufficient Funds,268,16,5,1,13.51,418.38,0,1
TXN000344,4346.14,Card,Expired Card,961,24,8,0,7.68,1063.55,1,0
TXN000345,2349.99,UPI,Authentication Failed,336,14,5,0,16.84,1144.78,0,1
TXN000346,689.23,Card,Bank Decline,1353,18,3,0,59.01,1719.14,0,1
TXN000347,632.29,Card,Network Error,247,16,2,0,30.61,2176.54,0,1
TXN000348,527.87,UPI,Authentication Failed,1315,17,4,1,24.42,1224.24,0,1
TXN000349,2576.66,UPI,Network Error,1294,12,5,0,1.43,1576.54,0,0
TXN000350,368.49,Card,Network Error,1329,20,10,0,2.32,414.15,1,1
TXN000351,2016.57,Card,Network Error,1235,19,4,0,17.06,1483.19,0,1
TXN000352,414.47,Net Banking,Expired Card,297,13,5,0,0.58,1257.53,0,1
TXN000353,2301.21,Card,Insufficient Funds,217,21,3,2,18.52,1655.17,1,1
TXN000354,1113.76,UPI,Limit Exceeded,1396,21,8,1,6.47,724.89,0,0
TXN000355,3641.95,UPI,Bank Decline,1494,23,6,3,3.16,1279.34,0,1
TXN000356,3063.49,Card,Insufficient Funds,725,18,2,1,0.85,476.56,1,1
TXN000357,3990.05,UPI,Limit Exceeded,328,17,4,0,4.28,724.57,0,0
TXN000358,4083.61,Card,Bank Decline,364,25,3,0,21.43,593.63,0,1
TXN000359,1247.96,Net Banking,Insufficient Funds,923,16,4,0,10.74,304.09,1,0
TXN000360,386.48,Card,Expired Card,100,10,2,2,0.6,1374.29,0,1
TXN000361,425.27,UPI,Authentication Failed,717,14,3,1,1.29,833.86,0,1
TXN000362,167.64,Card,Authentication Failed,175,14,5,0,15.77,1486.03,1,1
TXN000363,413.52,Card,Authentication Failed,1327,21,2,1,32.68,847.57,0,0
TXN000364,1166.71,Card,Authentication Failed,522,19,2,2,16.32,710.88,0,0
TXN000365,662.69,Net Banking,Insufficient Funds,104,13,2,0,8.75,785.38,0,1
TXN000366,932.51,UPI,Bank Decline,356,25,5,1,10.32,1553.25,0,0
TXN000367,1708.62,Wallet,Limit Exceeded,742,20,2,2,9.19,1867.54,0,1
TXN000368,834.09,Net Banking,Bank Decline,585,19,7,0,40.89,628.24,0,0
TXN000369,399.56,UPI,Network Error,847,22,1,3,2.98,1264.69,0,0
TXN000370,1045.33,UPI,Network Error,407,17,5,2,8.65,2707.91,0,1
TXN000371,488.51,UPI,Bank Decline,757,24,5,0,6.63,1255.99,1,1
TXN000372,859.45,UPI,Authentication Failed,1481,9,3,0,16.01,949.35,0,0
TXN000373,3672.03,UPI,Network Error,827,17,3,3,21.2,1731.88,0,1
TXN000374,859.67,Card,Bank Decline,1449,17,3,2,13.11,1196.09,0,1
TXN000375,5398.42,UPI,Authentication Failed,1034,17,5,2,85.73,820.57,0,0
TXN000376,3977.75,UPI,Network Error,1354,25,3,4,5.28,862.18,0,1
TXN000377,651.08,Net Banking,Insufficient Funds,375,17,2,0,0.34,718.06,1,0
TXN000378,403.42,UPI,Network Error,1425,17,4,0,23.14,753.81,0,0
TXN000379,1045.97,Net Banking,Limit Exceeded,562,17,5,0,5.05,1535.46,1,0
TXN000380,3096.4,UPI,Limit Exceeded,1149,18,4,3,63.51,2252.36,0,1
TXN000381,705.44,UPI,Limit Exceeded,1011,21,4,1,29.3,1049.24,0,0
TXN000382,2483.15,Card,Expired Card,972,19,4,3,17.71,1895.71,1,0
TXN000383,3253.86,Card,Bank Decline,1021,16,4,0,21.94,1497.32,0,1
TXN000384,546.41,Net Banking,Authentication Failed,1220,14,1,2,28.94,917.67,0,1
TXN000385,596.78,Card,Authentication Failed,1446,14,2,0,20.76,546.1,0,0
TXN000386,2082.65,Net Banking,Insufficient Funds,820,16,4,1,6.79,1418.06,1,0
TXN000387,1257.23,UPI,Insufficient Funds,112,13,2,0,12.71,1742.13,1,0
TXN000388,591.43,UPI,Authentication Failed,171,14,3,0,6.79,378.76,0,0
TXN000389,798.74,Card,Authentication Failed,644,17,2,2,21.83,780.48,0,0
TXN000390,1029.2,Net Banking,Authentication Failed,1376,23,4,0,0.15,1111.83,1,1
TXN000391,268.17,Wallet,Authentication Failed,1128,11,3,0,8.77,1778.64,1,0
TXN000392,2184.36,UPI,Network Error,1030,15,7,0,3.11,2133.92,1,0
TXN000393,712.78,UPI,Expired Card,337,18,6,0,53.7,922.26,0,0
TXN000394,89.54,Net Banking,Network Error,1400,17,7,1,22.87,446.98,1,0
TXN000395,1073.32,UPI,Insufficient Funds,1472,14,5,0,12.6,336.14,1,0
TXN000396,562.61,Net Banking,Limit Exceeded,1150,17,6,0,4.99,4825.25,0,0
TXN000397,5013.75,Net Banking,Network Error,305,23,8,1,0.35,1196.98,0,0
TXN000398,647.49,Card,Expired Card,862,19,5,1,25.37,1035.29,0,0
TXN000399,408.35,Card,Network Error,1173,11,4,1,12.34,650.53,1,0
TXN000400,1732.19,Card,Network Error,713,17,3,3,1.69,2056.67,0,0
TXN000401,605.22,UPI,Insufficient Funds,1123,19,2,1,15.4,626.12,0,0
TXN000402,543.75,Net Banking,Bank Decline,1327,14,3,0,0.74,2164.82,0,1
TXN000403,1734.63,Card,Insufficient Funds,453,27,4,2,10.22,2203.18,0,0
TXN000404,429.91,Net Banking,Insufficient Funds,486,17,3,0,10.43,1243.74,0,0
TXN000405,295.44,UPI,Authentication Failed,740,17,3,1,35.87,1616.08,0,1
TXN000406,5184.34,Net Banking,Insufficient Funds,880,17,2,1,78.67,627.87,1,1
TXN000407,1847.43,UPI,Bank Decline,1288,11,2,0,2.8,1100.22,1,1
TXN000408,864.55,UPI,Network Error,528,21,4,0,21.8,445.27,1,1
TXN000409,1093.21,Net Banking,Network Error,1405,14,3,0,36.96,768.81,0,0
TXN000410,1728.96,UPI,Insufficient Funds,1457,19,5,2,10.12,351.68,0,1
TXN000411,2633.33,UPI,Limit Exceeded,1131,9,9,2,7.12,300.9,1,0
TXN000412,555.36,Wallet,Limit Exceeded,628,16,6,0,0.36,646.82,1,0
TXN000413,1524.67,Wallet,Bank Decline,765,19,7,1,14.92,520.8,1,1
TXN000414,695.04,Card,Bank Decline,250,16,1,0,3.58,1105.8,0,0
TXN000415,925.11,Card,Authentication Failed,29,16,3,0,1.39,1391.35,0,1
TXN000416,1267.27,Card,Limit Exceeded,1384,15,3,1,0.07,1433.29,0,1
TXN000417,1090.06,UPI,Expired Card,472,17,2,0,58.39,888.84,0,1
TXN000418,2126.03,UPI,Insufficient Funds,1255,8,3,0,35.14,2434.24,0,1
TXN000419,1699.99,Card,Bank Decline,871,14,4,3,58.99,1408.93,0,0
TXN000420,282.21,Card,Network Error,1474,16,1,0,51.17,1015.21,0,0
TXN000421,323.1,Net Banking,Insufficient Funds,275,21,3,2,17.67,2044.13,0,1
TXN000422,786.23,Net Banking,Bank Decline,539,10,3,0,16.77,1222.41,1,1
TXN000423,5686.0,UPI,Network Error,320,14,2,1,33.8,1340.23,1,1
TXN000424,509.57,Card,Bank Decline,126,8,8,0,52.73,371.99,0,1
TXN000425,909.23,UPI,Limit Exceeded,987,24,10,1,16.02,710.59,1,1
TXN000426,676.74,Card,Limit Exceeded,1150,11,8,1,2.3,1323.92,1,1
TXN000427,666.05,Card,Bank Decline,716,12,1,0,2.54,994.01,0,1
TXN000428,1287.45,Net Banking,Limit Exceeded,142,16,4,3,19.41,2093.39,0,0
TXN000429,3868.8,UPI,Insufficient Funds,1107,15,4,0,1.52,1606.9,1,1
TXN000430,1653.04,UPI,Limit Exceeded,1384,20,6,2,17.03,1602.55,0,0
TXN000431,532.1,UPI,Insufficient Funds,1088,16,4,1,59.78,569.77,0,1
TXN000432,13067.8,Card,Insufficient Funds,942,23,3,0,0.06,2947.76,0,1
TXN000433,1176.99,Card,Expired Card,1116,20,3,0,3.7,2629.11,0,1
TXN000434,652.3,UPI,Network Error,7,26,4,0,52.06,1307.17,1,1
TXN000435,3908.41,UPI,Authentication Failed,83,18,5,0,12.08,636.17,0,1
TXN000436,718.98,Card,Bank Decline,967,12,3,0,6.08,423.5,0,1
TXN000437,4898.2,UPI,Bank Decline,1474,23,5,0,5.15,741.98,1,0
TXN000438,500.91,Net Banking,Network Error,587,25,1,2,35.9,772.03,0,0
TXN000439,3972.01,Card,Bank Decline,154,17,6,0,10.1,1859.21,0,1
TXN000440,1314.15,UPI,Bank Decline,580,13,2,1,18.17,2346.03,0,0
TXN000441,3505.0,UPI,Expired Card,192,15,4,0,6.68,535.75,1,1
TXN000442,6072.89,Wallet,Limit Exceeded,528,25,3,1,14.17,789.73,0,1
TXN000443,395.7,UPI,Authentication Failed,168,18,6,0,28.62,1348.21,1,1
TXN000444,3457.13,UPI,Authentication Failed,1320,21,5,3,7.44,1030.38,0,1
TXN000445,308.58,Net Banking,Bank Decline,1451,17,2,1,9.13,2196.97,0,1
TXN000446,427.32,Net Banking,Expired Card,202,24,4,0,10.54,525.58,0,0
TXN000447,532.15,Wallet,Bank Decline,40,25,6,1,16.44,2188.41,1,0
TXN000448,1725.5,Card,Expired Card,414,23,3,0,6.53,755.99,0,1
TXN000449,1129.71,UPI,Network Error,1327,13,3,3,10.62,3592.96,1,0
TXN000450,943.48,UPI,Authentication Failed,543,13,7,1,14.29,1886.45,1,1
TXN000451,1250.89,Net Banking,Expired Card,42,15,6,0,7.88,1873.88,0,1
TXN000452,1867.14,Card,Authentication Failed,1294,22,6,0,0.13,463.69,0,1
TXN000453,2001.04,Card,Limit Exceeded,1412,24,2,1,5.66,349.19,1,1
TXN000454,2935.84,Net Banking,Authentication Failed,120,16,5,0,30.46,654.76,0,1
TXN000455,5642.21,UPI,Limit Exceeded,611,25,9,1,6.0,642.53,1,0
TXN000456,1075.75,Card,Bank Decline,449,17,4,0,31.1,890.5,0,1
TXN000457,686.1,UPI,Bank Decline,1193,26,3,1,9.47,505.16,0,1
TXN000458,1904.9,Card,Bank Decline,44,19,5,1,36.22,2028.23,0,1
TXN000459,391.57,UPI,Insufficient Funds,98,22,4,3,8.47,1265.45,0,1
TXN000460,595.36,UPI,Network Error,637,15,3,3,6.23,271.16,0,1
TXN000461,2695.78,UPI,Network Error,678,19,5,0,4.88,801.47,0,1
TXN000462,980.72,Card,Network Error,107,13,4,3,6.49,1411.71,1,0
TXN000463,369.68,Card,Authentication Failed,513,15,0,4,3.98,821.84,0,1
TXN000464,286.91,Card,Authentication Failed,185,16,5,2,24.99,515.57,0,0
TXN000465,1145.78,Wallet,Insufficient Funds,290,18,3,0,72.15,544.33,0,0
TXN000466,3064.71,UPI,Bank Decline,361,18,6,0,9.11,1143.76,1,1
TXN000467,3028.1,UPI,Bank Decline,1327,18,6,0,7.3,442.96,0,1
TXN000468,1211.72,Net Banking,Bank Decline,494,16,2,1,18.27,992.61,0,0
TXN000469,6687.65,UPI,Limit Exceeded,1012,21,7,0,10.13,724.53,1,1
TXN000470,997.91,Wallet,Network Error,285,14,5,0,0.89,1435.16,0,1
TXN000471,968.06,UPI,Network Error,550,11,3,0,7.6,1424.73,1,0
TXN000472,108.78,Wallet,Authentication Failed,656,13,0,0,28.98,3810.5,0,1
TXN000473,733.17,UPI,Limit Exceeded,937,15,6,1,1.28,871.2,0,1
TXN000474,2360.94,Net Banking,Insufficient Funds,361,14,2,1,5.39,2161.27,1,1
TXN000475,4480.84,Card,Expired Card,1349,18,4,0,66.29,1628.7,1,1
TXN000476,519.46,Wallet,Bank Decline,201,18,6,4,5.99,547.65,1,0
TXN000477,1662.42,UPI,Bank Decline,810,16,0,0,34.33,3368.82,0,1
TXN000478,2813.52,Card,Insufficient Funds,99,18,1,4,41.29,1199.03,0,0
TXN000479,1107.75,Wallet,Network Error,439,21,4,0,20.61,3074.18,0,1
TXN000480,140.48,Card,Bank Decline,564,18,4,3,11.58,527.14,0,1
TXN000481,1369.99,Card,Bank Decline,1057,23,1,3,56.03,2045.27,1,0
TXN000482,2176.1,Card,Expired Card,1445,16,2,1,59.59,353.98,0,0
TXN000483,467.46,Card,Limit Exceeded,168,11,5,2,18.2,221.15,0,0
TXN000484,872.41,Card,Bank Decline,107,24,2,1,24.63,4316.39,0,1
TXN000485,387.63,Card,Insufficient Funds,705,9,2,2,38.26,2042.19,1,0
TXN000486,108.51,Net Banking,Limit Exceeded,164,20,6,1,2.04,2691.97,0,0
TXN000487,2763.64,UPI,Insufficient Funds,498,19,5,0,14.99,904.83,0,1
TXN000488,1092.94,UPI,Authentication Failed,925,13,7,0,35.85,723.62,0,1
TXN000489,4618.88,Wallet,Network Error,1039,18,6,0,43.98,1676.87,1,0
TXN000490,2372.24,Net Banking,Bank Decline,1242,13,2,0,142.73,536.85,0,0
TXN000491,797.28,Card,Bank Decline,1469,16,5,4,23.76,535.77,1,1
TXN000492,1017.53,Card,Insufficient Funds,830,16,0,0,4.22,747.75,1,1
TXN000493,1825.41,UPI,Bank Decline,685,21,4,1,18.11,2014.35,1,0
TXN000494,2618.08,UPI,Insufficient Funds,792,16,3,0,82.05,546.41,0,1
TXN000495,1466.16,Card,Network Error,998,13,3,1,15.94,2106.54,0,1
TXN000496,2966.19,UPI,Insufficient Funds,117,24,6,1,8.77,1456.1,0,0
TXN000497,839.66,Card,Network Error,847,17,5,2,5.7,1476.18,1,0
TXN000498,447.01,UPI,Network Error,209,21,3,0,7.73,376.67,1,1
TXN000499,1034.5,Wallet,Bank Decline,1095,15,6,4,23.97,711.83,0,0
TXN000500,1319.05,Wallet,Insufficient Funds,1191,18,7,0,4.25,949.94,1,0
TXN000501,371.9,Card,Insufficient Funds,420,22,2,1,18.43,1359.61,0,1
TXN000502,329.29,Card,Insufficient Funds,696,17,3,0,17.75,722.6,0,1
TXN000503,1640.32,UPI,Limit Exceeded,272,22,2,0,5.52,3139.17,0,0
TXN000504,760.73,Net Banking,Bank Decline,578,17,2,1,12.63,916.6,0,1
TXN000505,944.58,Card,Limit Exceeded,211,10,4,0,36.24,1373.39,1,0
TXN000506,793.36,UPI,Bank Decline,590,19,3,0,28.55,1131.12,1,1
TXN000507,4309.34,Net Banking,Bank Decline,1186,13,4,2,15.88,1739.15,0,0
TXN000508,3413.81,Net Banking,Network Error,179,16,2,0,19.81,1099.53,1,0
TXN000509,360.1,Net Banking,Expired Card,314,23,5,1,0.64,484.54,0,1
TXN000510,678.91,Card,Bank Decline,456,17,5,1,1.68,859.62,1,0
TXN000511,2356.67,Card,Insufficient Funds,68,19,3,2,8.45,607.86,0,0
TXN000512,1885.11,UPI,Network Error,1403,14,6,0,8.71,278.25,0,0
TXN000513,1056.47,Net Banking,Bank Decline,1490,13,3,0,6.37,2331.98,0,1
TXN000514,393.92,Net Banking,Bank Decline,481,19,8,1,18.93,3008.71,0,1
TXN000515,593.31,UPI,Expired Card,1411,20,2,1,16.81,937.62,1,1
TXN000516,688.77,UPI,Network Error,92,15,2,3,20.77,961.53,0,0
TXN000517,1407.11,UPI,Network Error,1173,15,5,2,4.73,692.89,0,1
TXN000518,5081.46,Net Banking,Network Error,1037,16,1,2,0.05,1118.35,0,0
TXN000519,591.0,Wallet,Limit Exceeded,301,20,3,1,61.52,2866.96,0,1
TXN000520,435.53,UPI,Expired Card,745,16,8,4,26.66,2939.97,1,1
TXN000521,994.53,Card,Network Error,532,14,3,2,10.99,1192.07,0,0
TXN000522,2775.44,UPI,Expired Card,40,27,6,1,0.81,366.11,0,0
TXN000523,298.21,Wallet,Authentication Failed,758,23,9,0,4.0,2196.72,0,0
TXN000524,4057.29,Net Banking,Bank Decline,1359,18,6,0,0.98,697.51,1,0
TXN000525,939.33,Net Banking,Bank Decline,786,17,2,0,11.67,830.32,0,1
TXN000526,566.29,Card,Limit Exceeded,644,20,5,0,4.41,1453.46,0,1
TXN000527,259.78,UPI,Network Error,1064,21,7,0,13.92,697.71,0,0
TXN000528,2071.17,UPI,Insufficient Funds,801,13,3,0,1.15,1447.11,1,1
TXN000529,940.06,UPI,Authentication Failed,412,14,4,0,22.33,964.52,1,1
TXN000530,1278.75,Net Banking,Insufficient Funds,1048,22,0,0,1.91,684.46,0,1
TXN000531,487.49,Net Banking,Limit Exceeded,1460,17,3,1,6.66,1366.33,0,1
TXN000532,822.88,Wallet,Limit Exceeded,434,28,6,0,18.65,731.83,0,0
TXN000533,707.74,Wallet,Authentication Failed,920,15,4,0,2.05,1075.99,0,1
TXN000534,1001.71,Card,Insufficient Funds,299,17,2,4,69.15,457.92,0,1
TXN000535,600.28,Card,Network Error,586,19,6,0,3.82,2651.91,1,1
TXN000536,275.68,Net Banking,Bank Decline,1110,14,3,0,0.66,416.15,0,1
TXN000537,12780.17,Net Banking,Bank Decline,1116,13,3,2,19.88,1001.53,0,1
TXN000538,321.48,UPI,Insufficient Funds,54,17,3,0,8.65,1773.69,0,0
TXN000539,1291.18,Card,Network Error,90,23,1,1,61.59,2263.68,0,0
TXN000540,222.56,UPI,Network Error,613,26,5,2,1.64,1050.76,0,1
TXN000541,181.75,Wallet,Insufficient Funds,314,15,4,1,7.89,787.28,0,1
TXN000542,1197.56,Card,Network Error,258,20,4,3,16.2,1209.94,1,0
TXN000543,1282.97,UPI,Limit Exceeded,186,18,6,1,14.15,413.76,0,1
TXN000544,3413.01,Card,Limit Exceeded,1340,20,2,1,12.05,247.78,0,1
TXN000545,1571.2,Card,Authentication Failed,432,22,3,2,8.72,1101.92,1,0
TXN000546,958.31,UPI,Bank Decline,45,14,1,0,32.4,1286.09,0,0
TXN000547,466.55,UPI,Authentication Failed,1309,16,5,0,2.67,1144.87,0,1
TXN000548,4226.42,Card,Authentication Failed,822,18,4,2,12.53,1271.08,0,1
TXN000549,2529.98,Card,Bank Decline,631,21,1,3,15.29,2785.24,0,1
TXN000550,357.2,Net Banking,Insufficient Funds,382,16,3,0,38.89,1119.62,0,1
TXN000551,1134.75,Card,Bank Decline,47,14,2,1,5.97,1471.21,0,0
TXN000552,1248.44,Net Banking,Bank Decline,53,10,1,0,5.76,813.61,0,1
TXN000553,803.45,Card,Network Error,191,19,7,0,29.88,501.47,1,1
TXN000554,2196.6,Card,Network Error,78,9,4,1,5.83,1851.94,0,1
TXN000555,2318.23,Net Banking,Limit Exceeded,575,19,5,1,1.0,259.53,0,1
TXN000556,923.86,UPI,Network Error,580,11,2,1,13.3,333.2,0,1
TXN000557,851.69,UPI,Insufficient Funds,348,11,5,2,25.62,3282.29,1,1
TXN000558,4226.22,UPI,Authentication Failed,575,15,5,0,3.0,1576.54,0,0
TXN000559,2539.07,Card,Bank Decline,970,14,4,3,25.84,1331.38,0,0
TXN000560,1170.43,Card,Authentication Failed,1273,17,5,1,7.88,3703.59,0,1
TXN000561,253.08,Card,Insufficient Funds,334,15,7,1,53.39,1662.16,1,1
TXN000562,1494.58,UPI,Authentication Failed,159,23,3,1,1.64,623.54,0,1
TXN000563,2055.5,UPI,Insufficient Funds,1285,16,1,0,6.82,721.38,0,1
TXN000564,91.92,UPI,Bank Decline,735,22,3,0,4.25,2837.55,0,1
TXN000565,1375.65,UPI,Insufficient Funds,1454,18,7,1,40.89,993.29,0,0
TXN000566,753.69,Card,Expired Card,238,18,7,2,5.89,1049.58,0,1
TXN000567,898.95,UPI,Authentication Failed,182,15,6,0,5.56,440.12,1,1
TXN000568,484.62,Card,Bank Decline,557,22,7,1,21.96,728.03,0,1
TXN000569,959.71,Net Banking,Authentication Failed,149,22,5,0,53.6,1068.59,0,0
TXN000570,3838.33,UPI,Network Error,23,25,2,0,16.06,2501.55,0,1
TXN000571,733.8,Card,Expired Card,255,21,5,2,51.22,3105.41,1,1
TXN000572,2614.99,Net Banking,Limit Exceeded,1065,20,5,0,19.31,1449.29,0,0
TXN000573,530.76,UPI,Bank Decline,807,19,9,0,3.95,1670.67,0,1
TXN000574,2170.86,Card,Bank Decline,1006,11,4,1,24.57,881.12,1,1
TXN000575,1098.27,Net Banking,Authentication Failed,1005,14,5,0,6.33,619.51,1,1
TXN000576,1505.41,Net Banking,Authentication Failed,152,11,5,2,6.65,940.56,0,0
TXN000577,1103.72,UPI,Authentication Failed,932,27,4,1,29.78,1656.4,0,1
TXN000578,1953.67,Net Banking,Authentication Failed,733,15,1,2,5.39,511.56,1,1
TXN000579,108.76,Card,Insufficient Funds,171,10,6,0,7.3,541.4,0,0
TXN000580,305.56,UPI,Limit Exceeded,1141,16,3,2,78.44,1846.28,1,1
TXN000581,1596.19,Card,Bank Decline,653,26,3,0,3.35,313.21,1,0
TXN000582,174.31,Wallet,Authentication Failed,1104,21,4,2,18.0,455.72,0,0
TXN000583,680.26,Card,Network Error,674,21,1,3,9.03,960.43,0,0
TXN000584,1044.29,UPI,Network Error,360,17,3,3,6.93,4965.35,0,1
TXN000585,520.44,Card,Network Error,1304,17,3,3,2.57,728.97,0,1
TXN000586,588.51,UPI,Bank Decline,949,22,4,1,13.69,1307.67,1,1
TXN000587,1400.28,UPI,Insufficient Funds,1309,19,6,3,15.19,972.54,1,0
TXN000588,2719.94,UPI,Authentication Failed,1061,20,5,0,20.96,1036.21,1,1
TXN000589,462.85,UPI,Limit Exceeded,532,25,8,0,27.92,273.53,0,1
TXN000590,653.57,UPI,Insufficient Funds,516,16,4,0,9.58,2777.16,0,0
TXN000591,567.85,UPI,Limit Exceeded,184,21,1,1,13.92,624.4,1,1
TXN000592,124.06,Card,Network Error,335,16,3,0,1.21,463.29,0,1
TXN000593,1245.81,UPI,Bank Decline,807,19,4,2,9.72,5195.65,1,0
TXN000594,2543.37,UPI,Bank Decline,694,16,6,0,2.55,835.12,1,1
TXN000595,2737.99,Net Banking,Authentication Failed,1202,9,2,3,0.01,2701.46,0,0
TXN000596,500.85,Card,Expired Card,1426,24,4,0,1.11,516.74,0,1
TXN000597,355.48,Card,Network Error,944,10,2,0,0.45,2053.79,1,1
TXN000598,1118.17,UPI,Network Error,986,19,2,2,8.96,1940.06,0,0
TXN000599,2313.11,UPI,Insufficient Funds,741,17,3,0,8.73,958.53,0,1
TXN000600,1260.63,UPI,Network Error,1065,21,2,2,3.99,1253.92,0,0
TXN000601,1422.79,UPI,Insufficient Funds,303,17,12,3,11.27,630.42,1,1
TXN000602,3064.52,UPI,Insufficient Funds,1499,25,5,0,1.49,2139.08,1,1
TXN000603,563.84,UPI,Expired Card,628,18,1,2,6.21,1030.23,0,0
TXN000604,899.67,UPI,Authentication Failed,1265,18,7,3,0.84,417.22,1,1
TXN000605,4774.98,UPI,Bank Decline,915,23,3,0,0.12,1611.49,1,1
TXN000606,918.62,Card,Insufficient Funds,1069,13,4,2,15.92,1187.62,0,0
TXN000607,350.51,UPI,Expired Card,1249,15,2,0,22.74,1222.66,1,0
TXN000608,600.39,UPI,Authentication Failed,1247,24,2,2,5.39,379.18,1,1
TXN000609,471.37,Card,Limit Exceeded,712,15,7,1,21.24,3897.63,0,1
TXN000610,1512.39,Card,Authentication Failed,634,19,1,0,17.79,1044.2,1,1
TXN000611,489.63,UPI,Network Error,679,18,0,1,26.89,1144.33,1,0
TXN000612,1399.58,Net Banking,Limit Exceeded,426,19,4,0,4.14,1069.02,0,0
TXN000613,565.4,Card,Insufficient Funds,659,23,3,2,11.8,2127.9,1,0
TXN000614,162.22,UPI,Bank Decline,830,17,5,0,4.26,2399.87,1,1
TXN000615,1445.13,Net Banking,Bank Decline,1204,12,3,0,36.82,1400.3,0,1
TXN000616,1253.4,Net Banking,Network Error,719,22,5,0,18.66,3077.78,1,1
TXN000617,1747.57,UPI,Authentication Failed,873,20,3,0,1.6,1428.69,0,1
TXN000618,598.43,UPI,Authentication Failed,820,16,5,1,8.2,916.7,0,1
TXN000619,543.71,Net Banking,Insufficient Funds,874,17,7,1,0.7,736.27,0,1
TXN000620,1573.91,Card,Insufficient Funds,119,20,1,1,75.33,1271.96,1,1
TXN000621,4303.21,UPI,Bank Decline,946,14,5,1,31.2,155.89,1,1
TXN000622,1107.71,UPI,Bank Decline,180,22,2,1,7.84,984.08,0,0
TXN000623,1607.0,UPI,Network Error,1017,19,2,1,8.73,931.85,0,0
TXN000624,821.04,Card,Authentication Failed,80,15,2,1,8.3,671.17,0,0
TXN000625,273.34,Card,Authentication Failed,643,24,8,2,19.29,1073.5,0,0
TXN000626,2619.36,UPI,Expired Card,38,22,4,0,7.7,1451.73,0,0
TXN000627,2483.87,Card,Limit Exceeded,1284,21,2,2,4.3,1596.41,0,1
TXN000628,2079.11,Card,Network Error,503,26,6,0,5.62,1182.14,0,1
TXN000629,930.99,UPI,Insufficient Funds,1143,19,5,0,28.58,1141.24,0,0
TXN000630,1876.85,UPI,Network Error,201,16,5,2,1.95,3228.56,0,1
TXN000631,2451.33,Card,Network Error,534,15,3,1,10.12,3023.52,1,1
TXN000632,4713.3,Net Banking,Limit Exceeded,447,25,2,0,9.07,808.71,1,0
TXN000633,2669.57,Card,Insufficient Funds,730,15,5,0,14.65,2299.0,1,1
TXN000634,1161.47,Card,Bank Decline,30,18,6,3,1.13,647.48,0,0
TXN000635,337.84,UPI,Bank Decline,296,12,4,0,0.61,1116.03,0,1
TXN000636,1261.55,Card,Authentication Failed,902,11,7,0,21.35,657.48,1,0
TXN000637,1381.49,Card,Bank Decline,314,23,3,0,13.33,1591.14,0,1
TXN000638,2075.85,UPI,Limit Exceeded,310,20,3,1,2.33,661.14,0,1
TXN000639,3708.94,UPI,Limit Exceeded,637,15,3,4,8.75,1143.8,0,0
TXN000640,1006.63,UPI,Bank Decline,957,24,8,0,13.36,1245.77,0,1
TXN000641,7265.47,UPI,Network Error,44,18,4,0,7.84,667.14,0,0
TXN000642,225.12,UPI,Authentication Failed,392,17,2,1,2.18,1528.44,1,1
TXN000643,1599.44,UPI,Network Error,751,21,1,0,2.94,2877.35,0,0
TXN000644,534.5,UPI,Authentication Failed,88,13,5,4,5.07,1303.25,1,1
TXN000645,197.06,UPI,Insufficient Funds,1148,17,5,0,0.02,1484.42,1,1
TXN000646,914.52,Net Banking,Insufficient Funds,56,11,3,0,23.48,3026.59,0,1
TXN000647,295.46,Card,Authentication Failed,675,15,6,0,20.88,749.16,0,1
TXN000648,948.34,Card,Limit Exceeded,80,18,1,2,38.35,1799.22,0,1
TXN000649,1131.49,Net Banking,Authentication Failed,1008,14,2,1,2.19,1345.35,0,0
TXN000650,3000.96,Card,Expired Card,701,22,2,1,17.21,1437.52,0,1
TXN000651,282.36,UPI,Authentication Failed,1136,13,5,0,23.04,1299.13,0,1
TXN000652,2483.94,Card,Limit Exceeded,1356,13,7,0,16.82,933.86,1,0
TXN000653,1197.84,Card,Limit Exceeded,690,15,9,1,7.91,907.73,0,0
TXN000654,2768.23,Card,Network Error,362,20,3,0,7.1,1705.99,1,1
TXN000655,743.54,Card,Bank Decline,1498,23,3,1,2.68,2725.89,0,1
TXN000656,330.62,UPI,Authentication Failed,1314,20,2,4,63.99,1134.62,0,0
TXN000657,366.59,UPI,Bank Decline,1020,20,4,0,2.12,1700.64,0,1
TXN000658,342.88,UPI,Network Error,191,16,4,0,20.65,1611.71,1,1
TXN000659,1685.86,Card,Bank Decline,160,19,7,1,39.0,1740.41,1,1
TXN000660,4143.23,Card,Network Error,860,21,3,0,41.48,720.37,0,1
TXN000661,659.54,UPI,Network Error,124,17,1,3,46.47,1069.31,0,1
TXN000662,1931.83,Wallet,Insufficient Funds,273,19,4,0,19.41,591.13,1,1
TXN000663,278.36,Card,Authentication Failed,1415,15,7,3,2.52,1047.42,0,1
TXN000664,1289.86,UPI,Bank Decline,843,17,2,0,13.21,709.77,0,0
TXN000665,2001.61,UPI,Network Error,261,27,5,4,10.38,1187.51,0,1
TXN000666,297.88,UPI,Insufficient Funds,1271,20,6,0,20.05,379.0,0,1
TXN000667,912.79,UPI,Insufficient Funds,177,23,3,2,11.04,705.3,0,0
TXN000668,2088.76,UPI,Bank Decline,623,17,2,1,31.09,813.89,1,1
TXN000669,78.23,UPI,Expired Card,1008,23,7,0,9.56,1356.38,0,0
TXN000670,3647.9,UPI,Insufficient Funds,554,15,2,3,25.23,482.72,1,1
TXN000671,1507.66,UPI,Authentication Failed,1215,19,5,3,54.47,1218.84,0,0
TXN000672,2090.28,Net Banking,Insufficient Funds,708,22,4,1,23.36,876.87,1,1
TXN000673,756.39,UPI,Insufficient Funds,673,12,4,3,25.9,1181.95,0,0
TXN000674,232.65,Card,Insufficient Funds,899,19,6,2,22.34,1261.95,1,1
TXN000675,1773.4,UPI,Insufficient Funds,416,16,7,0,33.04,1718.1,1,1
TXN000676,1018.07,Wallet,Limit Exceeded,745,19,1,3,6.21,1976.14,0,0
TXN000677,1128.79,UPI,Authentication Failed,152,10,3,0,87.14,649.56,1,1
TXN000678,2918.56,UPI,Network Error,1068,19,3,3,28.6,1588.85,0,0
TXN000679,2177.34,Wallet,Insufficient Funds,496,18,2,1,25.53,500.85,0,0
TXN000680,6180.25,Net Banking,Bank Decline,268,26,4,2,1.69,1301.16,0,1
TXN000681,1259.5,Net Banking,Network Error,1156,21,5,1,7.29,1246.28,0,1
TXN000682,588.7,UPI,Authentication Failed,351,18,5,2,5.26,1195.64,0,1
TXN000683,925.58,UPI,Bank Decline,1291,22,2,0,2.14,626.5,0,1
TXN000684,1594.15,Card,Limit Exceeded,1473,10,3,3,44.16,1055.8,0,0
TXN000685,2736.05,Net Banking,Bank Decline,885,12,4,2,16.95,758.51,0,0
TXN000686,292.85,Card,Bank Decline,1138,18,3,1,40.9,905.49,0,1
TXN000687,1105.09,Card,Bank Decline,1467,20,5,0,13.68,3393.93,1,0
TXN000688,4668.47,UPI,Insufficient Funds,520,17,6,1,43.49,1259.05,0,1
TXN000689,883.43,Card,Limit Exceeded,951,19,3,0,46.89,1986.72,1,1
TXN000690,2534.9,UPI,Bank Decline,719,9,5,0,19.02,3916.62,0,0
TXN000691,1709.24,UPI,Expired Card,1120,16,6,3,12.51,643.64,0,1
TXN000692,2592.23,Card,Insufficient Funds,221,23,4,2,4.51,531.91,0,1
TXN000693,529.12,Card,Authentication Failed,1349,18,5,3,44.18,2684.86,1,1
TXN000694,531.2,UPI,Insufficient Funds,610,18,5,1,27.23,485.93,0,1
TXN000695,1116.82,UPI,Authentication Failed,844,12,4,0,7.36,589.69,1,1
TXN000696,276.17,Card,Limit Exceeded,778,19,4,0,19.81,1545.93,0,1
TXN000697,860.26,UPI,Authentication Failed,676,14,4,2,17.0,730.92,0,0
TXN000698,1376.9,Card,Network Error,1087,13,8,0,2.05,1317.56,1,1
TXN000699,5465.29,UPI,Expired Card,565,21,5,0,48.16,1524.53,1,0
TXN000700,1575.69,Card,Bank Decline,1432,15,4,0,0.11,323.65,0,0
TXN000701,1925.05,Card,Insufficient Funds,228,21,1,0,31.7,3293.71,0,0
TXN000702,3127.62,UPI,Bank Decline,481,21,4,1,12.89,4946.68,1,0
TXN000703,460.27,UPI,Insufficient Funds,1138,22,5,2,31.45,1021.97,0,0
TXN000704,945.23,UPI,Authentication Failed,869,15,3,3,14.6,1854.07,0,1
TXN000705,9729.05,UPI,Insufficient Funds,818,20,9,1,2.99,5447.39,1,0
TXN000706,1021.26,Wallet,Network Error,186,28,8,1,11.55,1352.01,0,1
TXN000707,2995.26,UPI,Network Error,183,15,2,0,37.99,469.14,0,1
TXN000708,2610.68,Net Banking,Network Error,493,14,5,0,4.69,1357.84,0,0
TXN000709,289.95,UPI,Expired Card,420,16,5,0,2.3,592.42,0,1
TXN000710,1450.16,Card,Insufficient Funds,698,22,2,2,9.63,1006.25,0,0
TXN000711,1251.47,Card,Network Error,1067,15,7,0,29.99,2463.69,0,0
TXN000712,1475.81,Card,Bank Decline,581,19,6,2,22.01,2564.27,0,0
TXN000713,556.3,Card,Authentication Failed,274,7,4,1,103.1,453.74,0,0
TXN000714,401.33,UPI,Limit Exceeded,791,13,7,4,38.21,1591.0,1,1
TXN000715,714.51,UPI,Authentication Failed,930,26,1,0,3.38,918.98,0,1
TXN000716,1004.24,Net Banking,Insufficient Funds,394,16,2,0,27.92,608.99,1,1
TXN000717,3185.89,Net Banking,Bank Decline,360,13,4,0,22.79,1306.14,0,1
TXN000718,5628.4,Wallet,Insufficient Funds,820,20,1,3,3.91,1565.89,0,0
TXN000719,3854.27,UPI,Insufficient Funds,1300,22,6,1,27.28,2514.5,0,0
TXN000720,2378.36,Card,Bank Decline,1030,18,4,3,5.0,1565.1,0,0
TXN000721,444.12,Net Banking,Expired Card,275,14,2,0,10.94,955.1,0,1
TXN000722,758.99,UPI,Bank Decline,1472,21,1,0,5.85,985.61,0,1
TXN000723,1324.69,UPI,Network Error,1335,21,3,1,10.8,2769.31,1,1
TXN000724,620.67,Card,Authentication Failed,1276,23,5,0,6.47,844.23,1,0
TXN000725,1843.62,Card,Expired Card,1208,24,2,3,19.37,866.1,0,0
TXN000726,2097.37,Net Banking,Bank Decline,1097,22,5,0,29.16,1101.99,0,1
TXN000727,1776.96,UPI,Bank Decline,283,19,4,1,0.34,1083.13,0,1
TXN000728,2758.99,Net Banking,Bank Decline,1238,9,0,0,9.27,878.76,1,1
TXN000729,485.83,UPI,Insufficient Funds,313,15,8,0,2.83,2434.41,1,1
TXN000730,2539.05,UPI,Expired Card,637,27,7,2,0.35,1357.15,0,0
TXN000731,586.35,UPI,Bank Decline,544,13,2,2,73.52,3257.7,0,1
TXN000732,470.2,Net Banking,Authentication Failed,524,19,6,2,20.16,3129.98,1,1
TXN000733,1770.3,Card,Limit Exceeded,1304,18,2,0,10.84,1594.85,0,1
TXN000734,3275.7,Card,Network Error,1263,27,4,2,10.15,960.96,1,1
TXN000735,1701.41,UPI,Bank Decline,1144,21,3,0,33.09,450.67,0,1
TXN000736,1117.36,Net Banking,Insufficient Funds,140,16,3,0,15.22,734.45,0,0
TXN000737,1449.74,UPI,Limit Exceeded,1455,17,3,0,24.88,2922.49,0,1
TXN000738,1239.9,Net Banking,Network Error,831,11,3,0,45.56,875.05,1,1
TXN000739,398.08,Card,Bank Decline,1055,16,2,0,38.71,679.01,0,0
TXN000740,358.4,UPI,Insufficient Funds,1310,21,2,0,1.8,2335.64,0,0
TXN000741,1021.53,Card,Insufficient Funds,1373,23,2,0,11.98,1204.02,0,0
TXN000742,1178.35,UPI,Limit Exceeded,819,18,7,2,18.07,1076.49,1,0
TXN000743,1107.88,Card,Bank Decline,78,20,4,1,11.2,1830.1,0,1
TXN000744,2015.24,Card,Network Error,1024,25,6,0,6.17,511.13,1,1
TXN000745,903.31,UPI,Bank Decline,958,16,1,0,44.68,868.95,0,1
TXN000746,1820.16,Net Banking,Network Error,1231,21,2,4,41.2,2423.99,1,1
TXN000747,962.83,UPI,Authentication Failed,1356,15,6,1,33.2,1424.48,0,1
TXN000748,5659.12,Card,Authentication Failed,39,19,3,1,48.76,1757.62,0,1
TXN000749,1179.26,Net Banking,Bank Decline,103,23,3,4,24.46,2590.76,0,0
TXN000750,9015.05,Card,Insufficient Funds,269,20,5,1,8.89,2139.26,0,1
TXN000751,1505.39,UPI,Bank Decline,880,19,3,0,12.39,873.68,0,1
TXN000752,904.78,Net Banking,Network Error,920,17,8,0,31.27,1171.92,1,1
TXN000753,488.09,Card,Network Error,1100,18,6,0,43.46,335.46,0,0
TXN000754,299.29,UPI,Expired Card,299,17,2,0,19.98,3088.18,0,0
TXN000755,449.3,UPI,Insufficient Funds,923,11,4,0,15.66,1476.58,1,0
TXN000756,496.88,Net Banking,Expired Card,736,21,0,0,40.19,594.46,0,1
TXN000757,1564.53,Card,Insufficient Funds,1237,30,2,1,24.95,392.79,1,1
TXN000758,682.97,Card,Limit Exceeded,178,24,5,1,44.0,808.73,0,1
TXN000759,1297.55,Net Banking,Bank Decline,764,19,5,1,38.62,1006.44,0,0
TXN000760,3476.5,Net Banking,Expired Card,932,16,3,0,7.18,1147.47,0,0
TXN000761,1013.3,UPI,Insufficient Funds,1425,18,3,0,2.53,445.47,0,1
TXN000762,7124.12,UPI,Bank Decline,1286,18,6,3,21.8,635.99,0,1
TXN000763,380.61,UPI,Expired Card,1294,16,6,0,48.86,1327.68,1,1
TXN000764,957.64,Card,Bank Decline,907,13,2,1,43.24,5731.49,0,0
TXN000765,674.94,UPI,Limit Exceeded,1294,19,2,1,45.46,1378.27,0,1
TXN000766,2547.47,Card,Expired Card,523,18,5,0,36.87,1445.25,1,0
TXN000767,146.08,Card,Network Error,1040,14,6,0,10.38,476.7,0,1
TXN000768,299.23,Net Banking,Bank Decline,277,20,8,0,49.64,1098.5,1,0
TXN000769,995.64,UPI,Network Error,748,19,1,0,18.25,458.76,0,1
TXN000770,4430.38,Net Banking,Network Error,1342,21,3,0,31.93,1008.23,0,0
TXN000771,1343.8,UPI,Network Error,1400,14,4,1,6.4,3556.01,0,1
TXN000772,324.93,Net Banking,Expired Card,573,21,6,2,12.48,711.09,0,0
TXN000773,373.36,UPI,Bank Decline,559,23,5,0,2.25,1236.57,0,1
TXN000774,4942.82,UPI,Insufficient Funds,656,10,6,3,3.01,591.29,1,1
TXN000775,627.02,Net Banking,Insufficient Funds,397,21,5,2,29.63,1563.22,0,0
TXN000776,469.34,UPI,Insufficient Funds,965,20,4,0,51.86,925.26,0,0
TXN000777,4144.91,UPI,Bank Decline,1145,15,6,1,13.5,376.23,0,0
TXN000778,2724.36,Card,Limit Exceeded,581,18,3,0,11.97,1039.58,0,1
TXN000779,3451.81,Card,Limit Exceeded,350,18,6,1,51.31,3708.78,1,1
TXN000780,466.36,Card,Insufficient Funds,1440,24,5,0,32.02,1522.24,1,0
TXN000781,277.94,Card,Authentication Failed,1408,15,7,1,3.63,1283.3,1,0
TXN000782,1236.26,Card,Network Error,462,24,5,1,0.77,781.2,1,1
TXN000783,1482.69,UPI,Authentication Failed,1453,16,3,0,53.99,839.26,0,1
TXN000784,1522.55,UPI,Expired Card,450,20,1,1,13.99,2970.71,1,1
TXN000785,4147.93,UPI,Expired Card,203,16,2,0,18.71,957.76,0,0
TXN000786,230.35,Net Banking,Insufficient Funds,874,19,3,0,13.62,1329.96,0,1
TXN000787,2377.31,Card,Insufficient Funds,369,23,3,2,24.15,1497.74,0,0
TXN000788,408.72,UPI,Insufficient Funds,1440,20,5,3,41.01,511.27,0,0
TXN000789,2368.85,Card,Expired Card,1424,24,6,0,91.46,239.8,1,0
TXN000790,715.18,Net Banking,Bank Decline,874,22,5,2,8.14,520.64,1,1
TXN000791,527.12,UPI,Limit Exceeded,572,22,3,1,13.19,426.66,1,1
TXN000792,633.39,Card,Bank Decline,677,20,1,2,38.7,2666.51,0,1
TXN000793,298.55,Card,Limit Exceeded,1324,18,5,3,10.3,584.17,0,0
TXN000794,1137.27,Card,Insufficient Funds,31,17,2,2,8.0,743.47,0,0
TXN000795,547.08,UPI,Insufficient Funds,243,13,7,3,62.49,1540.59,0,1
TXN000796,2225.35,Net Banking,Bank Decline,467,17,2,0,23.7,740.23,0,0
TXN000797,1950.91,Net Banking,Bank Decline,1351,17,6,0,12.73,1955.78,0,1
TXN000798,5010.75,Card,Bank Decline,106,21,4,1,28.61,4811.32,0,1
TXN000799,1524.92,Card,Limit Exceeded,746,13,2,2,6.92,2479.28,0,0
TXN000800,1752.17,Net Banking,Insufficient Funds,414,20,3,0,16.01,1870.83,0,1
TXN000801,3866.44,Card,Bank Decline,1185,14,6,0,22.33,724.39,1,0
TXN000802,623.35,UPI,Limit Exceeded,984,15,5,0,22.66,950.37,0,1
TXN000803,287.31,Card,Insufficient Funds,1464,17,5,2,3.92,1183.16,0,1
TXN000804,1313.02,Card,Authentication Failed,757,16,3,2,94.44,2479.14,0,0
TXN000805,304.79,Card,Authentication Failed,1464,17,3,1,25.24,1131.57,1,0
TXN000806,9982.06,Card,Insufficient Funds,149,18,7,0,24.46,953.31,0,0
TXN000807,4064.1,Net Banking,Bank Decline,535,12,6,1,15.87,2957.78,0,0
TXN000808,7689.25,Net Banking,Bank Decline,1315,12,6,0,7.56,2164.41,1,1
TXN000809,1160.03,Card,Limit Exceeded,1035,13,2,0,12.07,405.33,0,1
TXN000810,1799.95,UPI,Network Error,529,24,4,2,9.99,1649.95,0,1
TXN000811,725.22,Wallet,Expired Card,726,15,9,1,2.19,802.71,0,1
TXN000812,2427.54,Net Banking,Limit Exceeded,1466,14,2,1,46.57,6613.16,0,0
TXN000813,367.24,UPI,Insufficient Funds,424,15,6,2,12.75,998.8,0,0
TXN000814,111.19,Net Banking,Limit Exceeded,1111,17,7,0,0.79,1381.99,0,1
TXN000815,538.27,Net Banking,Expired Card,551,18,4,0,9.79,2183.53,0,0
TXN000816,295.92,Card,Network Error,1016,22,1,2,9.82,2831.95,0,0
TXN000817,4146.97,Card,Authentication Failed,823,13,1,0,1.63,1640.26,1,1
TXN000818,5620.13,UPI,Expired Card,1407,22,8,2,3.92,1629.15,1,0
TXN000819,310.25,UPI,Insufficient Funds,165,18,2,1,1.46,2227.29,1,1
TXN000820,3507.1,UPI,Bank Decline,633,17,1,1,3.15,1147.8,1,0
TXN000821,2581.81,Net Banking,Network Error,1247,24,3,0,2.19,1032.8,0,1
TXN000822,266.99,UPI,Insufficient Funds,779,15,4,1,41.88,1877.06,0,0
TXN000823,771.83,UPI,Authentication Failed,1075,13,2,0,26.93,1772.95,1,0
TXN000824,650.57,UPI,Insufficient Funds,1245,13,2,3,37.13,1215.06,1,1
TXN000825,2149.94,Card,Expired Card,134,21,4,0,2.68,1601.16,0,1
TXN000826,362.89,Net Banking,Network Error,1284,20,4,1,19.92,2563.51,1,1
TXN000827,1003.26,UPI,Insufficient Funds,883,17,5,0,41.76,971.32,0,1
TXN000828,591.5,UPI,Authentication Failed,1382,20,4,2,55.16,382.09,0,0
TXN000829,1679.09,Card,Authentication Failed,612,22,2,2,1.08,831.49,1,1
TXN000830,902.25,Card,Network Error,547,22,1,1,8.58,1854.38,1,0
TXN000831,677.41,UPI,Bank Decline,170,16,5,0,8.13,1003.69,0,0
TXN000832,905.09,Card,Insufficient Funds,655,20,1,0,3.73,1001.33,1,0
TXN000833,6852.98,UPI,Bank Decline,137,22,3,1,3.02,745.5,1,1
TXN000834,753.55,UPI,Bank Decline,702,20,7,2,8.35,1501.0,0,1
TXN000835,429.7,Card,Network Error,510,18,3,0,22.39,1765.14,0,1
TXN000836,1853.98,UPI,Authentication Failed,1454,20,6,0,23.61,937.92,0,1
TXN000837,963.75,Net Banking,Network Error,190,24,0,0,15.5,1632.94,0,1
TXN000838,306.83,UPI,Authentication Failed,832,15,4,1,27.74,2853.14,0,1
TXN000839,8171.0,Card,Expired Card,677,26,4,0,21.9,681.59,1,0
TXN000840,798.53,Card,Network Error,988,13,7,1,28.57,979.58,1,0
TXN000841,780.49,UPI,Authentication Failed,1029,17,5,1,66.28,1180.41,0,0
TXN000842,1266.3,Card,Network Error,560,19,5,2,15.59,968.99,0,1
TXN000843,5203.6,UPI,Authentication Failed,1265,18,4,1,26.18,866.13,0,1
TXN000844,241.83,Wallet,Bank Decline,137,22,1,0,32.25,1590.32,0,1
TXN000845,1405.84,UPI,Insufficient Funds,703,14,7,1,43.94,1035.14,0,0
TXN000846,7176.34,UPI,Authentication Failed,1044,12,4,3,14.18,2287.99,0,0
TXN000847,1231.34,UPI,Network Error,820,20,3,2,45.22,1141.41,1,0
TXN000848,360.76,Wallet,Authentication Failed,665,18,10,0,13.94,704.88,1,1
TXN000849,628.57,Card,Authentication Failed,386,26,8,0,21.26,1316.0,0,1
TXN000850,1321.07,Card,Insufficient Funds,1090,18,5,3,7.7,3458.85,1,0
TXN000851,3632.67,UPI,Network Error,933,17,4,2,75.62,1288.72,0,0
TXN000852,808.03,Card,Bank Decline,1322,23,1,2,4.41,1415.85,1,1
TXN000853,2307.65,UPI,Network Error,1190,17,2,3,5.37,2710.78,0,0
TXN000854,301.32,Net Banking,Limit Exceeded,1477,23,2,1,5.22,593.85,1,0
TXN000855,299.06,UPI,Bank Decline,544,9,2,2,9.84,1469.81,0,1
TXN000856,710.15,UPI,Network Error,583,19,2,0,26.3,945.29,1,1
TXN000857,4000.7,UPI,Expired Card,1416,15,6,0,74.67,502.41,0,0
TXN000858,1166.76,Card,Insufficient Funds,1100,15,8,0,17.31,1087.88,0,1
TXN000859,1423.44,Card,Limit Exceeded,1412,14,3,0,17.3,1266.52,0,0
TXN000860,1408.49,UPI,Network Error,691,16,3,0,13.5,349.74,1,1
TXN000861,2975.86,Net Banking,Authentication Failed,1255,19,2,1,41.81,289.01,0,0
TXN000862,633.21,Card,Bank Decline,46,12,3,1,7.26,713.4,1,1
TXN000863,2037.45,Card,Insufficient Funds,1176,16,3,1,3.79,1485.76,1,1
TXN000864,519.16,Card,Network Error,372,18,3,1,4.68,1054.88,1,1
TXN000865,6535.12,UPI,Insufficient Funds,254,16,7,0,35.39,3205.03,0,1
TXN000866,533.6,Card,Authentication Failed,18,14,3,3,3.35,1062.39,0,1
TXN000867,495.64,UPI,Insufficient Funds,743,16,2,0,12.46,1028.62,0,1
TXN000868,1798.49,UPI,Limit Exceeded,516,12,1,0,6.99,1212.8,1,0
TXN000869,1178.28,Net Banking,Network Error,1275,21,5,0,3.65,1903.2,0,1
TXN000870,1471.69,Net Banking,Bank Decline,177,21,1,1,15.28,736.01,0,1
TXN000871,1345.58,UPI,Insufficient Funds,1062,16,6,0,34.78,1667.4,1,1
TXN000872,411.02,UPI,Network Error,727,27,6,2,6.93,1647.75,1,1
TXN000873,4684.54,Card,Network Error,1001,16,5,0,2.3,768.26,0,1
TXN000874,2450.84,UPI,Bank Decline,821,19,5,3,17.56,2227.25,1,0
TXN000875,3725.87,UPI,Authentication Failed,435,11,5,1,24.23,1871.65,1,1
TXN000876,681.64,UPI,Bank Decline,1065,12,6,2,14.74,2427.03,0,0
TXN000877,1595.39,Card,Bank Decline,211,28,5,1,2.25,1801.86,0,0
TXN000878,1309.8,Card,Network Error,896,13,4,1,0.08,2829.94,1,0
TXN000879,3026.62,UPI,Insufficient Funds,1414,15,2,4,1.62,1731.92,0,0
TXN000880,3115.74,UPI,Authentication Failed,911,11,1,0,46.08,388.2,1,1
TXN000881,1304.72,UPI,Bank Decline,1296,21,2,1,15.51,317.27,0,0
TXN000882,279.74,Card,Insufficient Funds,1473,23,6,0,8.4,1345.47,0,1
TXN000883,5440.88,UPI,Bank Decline,703,12,4,4,3.64,2537.55,0,1
TXN000884,1808.75,UPI,Network Error,756,23,7,1,21.61,461.26,0,1
TXN000885,634.23,Net Banking,Network Error,991,18,7,0,26.01,1354.24,0,0
TXN000886,1581.12,UPI,Expired Card,1296,16,1,0,29.66,2324.34,0,1
TXN000887,281.47,Card,Insufficient Funds,992,16,6,3,0.33,564.74,0,1
TXN000888,2835.06,UPI,Bank Decline,1139,18,7,0,26.45,982.72,0,1
TXN000889,291.75,UPI,Limit Exceeded,1208,17,3,0,3.13,1469.08,1,1
TXN000890,898.97,UPI,Insufficient Funds,255,18,2,1,28.67,494.92,1,1
TXN000891,1366.5,Card,Authentication Failed,1035,20,5,4,2.95,2455.78,1,0
TXN000892,2793.24,Net Banking,Insufficient Funds,1187,15,5,0,5.06,1203.75,0,0
TXN000893,1207.0,Net Banking,Limit Exceeded,236,24,5,2,27.08,1030.25,1,0
TXN000894,1941.99,UPI,Bank Decline,634,23,5,0,17.85,396.98,0,1
TXN000895,1069.18,Card,Network Error,1291,21,8,0,0.64,1253.03,0,0
TXN000896,1065.32,UPI,Insufficient Funds,834,16,4,2,3.26,603.25,1,1
TXN000897,1184.33,UPI,Insufficient Funds,327,20,4,1,4.73,2224.4,0,1
TXN000898,925.05,Net Banking,Insufficient Funds,1157,18,4,1,33.36,1350.26,1,1
TXN000899,240.35,UPI,Insufficient Funds,34,16,6,1,17.14,494.81,0,1
TXN000900,549.23,UPI,Bank Decline,857,20,7,1,3.67,562.1,0,1
TXN000901,1366.9,UPI,Network Error,516,9,4,1,5.3,1049.68,0,1
TXN000902,876.37,UPI,Network Error,234,15,7,0,10.92,1630.41,0,0
TXN000903,953.15,UPI,Limit Exceeded,647,16,3,1,1.57,1819.97,0,1
TXN000904,819.74,Card,Expired Card,547,21,3,2,9.59,400.95,1,1
TXN000905,504.09,Card,Network Error,1209,13,5,3,28.37,886.87,0,1
TXN000906,703.6,Net Banking,Bank Decline,678,16,11,0,9.06,563.53,1,1
TXN000907,832.02,Net Banking,Network Error,916,10,5,0,27.73,2119.7,0,1
TXN000908,1101.72,UPI,Bank Decline,1318,17,7,0,17.64,1021.99,1,1
TXN000909,1562.5,UPI,Limit Exceeded,1295,19,0,2,9.33,687.96,0,1
TXN000910,932.16,UPI,Bank Decline,1497,22,5,0,40.29,2897.35,1,0
TXN000911,434.12,Card,Insufficient Funds,1425,26,7,0,10.48,1717.23,0,1
TXN000912,311.6,UPI,Expired Card,1462,18,3,2,23.89,1058.6,0,1
TXN000913,11358.18,Card,Insufficient Funds,1465,19,3,2,28.92,761.0,0,1
TXN000914,396.69,UPI,Authentication Failed,1418,17,5,0,44.57,271.7,0,1
TXN000915,687.62,Card,Authentication Failed,815,20,4,1,5.85,876.29,1,0
TXN000916,1746.38,Card,Insufficient Funds,1175,20,6,0,4.04,915.8,1,1
TXN000917,1517.43,UPI,Insufficient Funds,1205,26,4,3,10.7,2277.32,0,0
TXN000918,1752.47,Net Banking,Network Error,526,20,2,3,37.46,480.84,1,1
TXN000919,736.24,Card,Network Error,1344,15,4,3,7.19,1401.41,0,1
TXN000920,1359.27,UPI,Bank Decline,1159,19,3,1,5.75,1698.02,1,1
TXN000921,1158.88,Net Banking,Expired Card,520,17,3,0,0.65,860.72,0,1
TXN000922,828.06,Card,Network Error,1040,16,3,1,21.7,1076.74,1,0
TXN000923,1367.68,Net Banking,Bank Decline,353,18,3,0,21.66,1455.49,1,0
TXN000924,2835.09,Net Banking,Insufficient Funds,123,24,6,0,32.37,1001.62,0,1
TXN000925,1074.94,Card,Limit Exceeded,417,18,6,0,12.33,4174.57,1,1
TXN000926,1081.4,UPI,Insufficient Funds,1427,21,8,2,39.8,2370.95,1,1
TXN000927,2867.93,UPI,Limit Exceeded,1041,15,5,2,1.62,1409.08,0,1
TXN000928,2605.09,Card,Bank Decline,1428,13,11,0,14.9,1091.26,0,1
TXN000929,4562.12,Card,Network Error,1123,15,6,4,11.66,1837.9,0,0
TXN000930,225.74,UPI,Authentication Failed,1132,22,1,0,41.01,1053.6,1,0
TXN000931,2476.51,UPI,Authentication Failed,104,24,6,2,43.0,512.75,1,1
TXN000932,1884.51,Net Banking,Bank Decline,288,20,2,1,67.45,1570.88,0,1
TXN000933,494.19,Wallet,Insufficient Funds,813,10,2,1,7.82,858.33,1,0
TXN000934,1375.3,Card,Limit Exceeded,866,18,5,4,8.6,1336.4,0,1
TXN000935,2824.28,UPI,Bank Decline,663,17,3,1,3.85,858.34,0,1
TXN000936,519.96,UPI,Insufficient Funds,1451,19,2,2,24.44,589.18,0,1
TXN000937,1633.22,UPI,Authentication Failed,1394,19,5,0,32.24,4461.61,0,1
TXN000938,2402.39,Net Banking,Insufficient Funds,217,30,9,0,34.41,618.53,0,0
TXN000939,418.25,UPI,Insufficient Funds,514,19,4,0,83.64,1471.0,1,0
TXN000940,964.82,Card,Insufficient Funds,1106,19,1,4,14.86,2184.43,0,0
TXN000941,1437.8,UPI,Network Error,1353,20,4,1,4.34,1442.05,0,1
TXN000942,535.65,Card,Expired Card,458,19,2,2,16.55,2482.89,0,1
TXN000943,497.09,Card,Bank Decline,693,18,6,1,8.11,1631.07,0,1
TXN000944,971.13,Net Banking,Bank Decline,629,21,8,0,7.31,238.16,0,1
TXN000945,2256.29,UPI,Bank Decline,977,17,4,0,21.7,467.3,0,1
TXN000946,1957.38,UPI,Expired Card,936,22,2,1,4.09,1201.55,1,1
TXN000947,505.09,UPI,Insufficient Funds,24,24,7,3,14.17,542.76,0,0
TXN000948,1972.29,Net Banking,Authentication Failed,1321,19,4,0,2.74,1481.91,0,0
TXN000949,516.8,Net Banking,Bank Decline,792,16,4,1,39.88,3972.8,0,0
TXN000950,257.46,Card,Authentication Failed,204,12,4,2,1.67,1497.01,0,1
TXN000951,788.06,Card,Insufficient Funds,1192,26,4,0,48.39,1239.01,1,0
TXN000952,3012.94,Card,Limit Exceeded,423,21,1,0,141.88,2635.03,0,0
TXN000953,1979.03,UPI,Bank Decline,390,17,2,1,4.83,2847.0,0,1
TXN000954,1095.08,Net Banking,Insufficient Funds,206,22,2,0,1.75,1773.11,0,0
TXN000955,753.68,UPI,Authentication Failed,901,23,1,1,0.58,820.16,0,0
TXN000956,772.18,UPI,Authentication Failed,986,14,3,2,2.83,1004.37,1,1
TXN000957,1209.43,Card,Bank Decline,1073,22,10,1,44.42,709.59,0,1
TXN000958,419.22,UPI,Expired Card,88,24,4,0,23.57,868.78,0,1
TXN000959,801.68,UPI,Network Error,1334,19,4,0,1.74,1723.6,0,1
TXN000960,903.24,Card,Authentication Failed,1229,20,3,2,58.58,1595.01,0,0
TXN000961,325.07,UPI,Bank Decline,1436,18,4,1,19.15,1160.02,0,0
TXN000962,515.63,Card,Network Error,1457,24,1,1,47.79,1421.36,1,1
TXN000963,1586.77,UPI,Network Error,1491,20,2,3,22.49,1733.0,1,1
TXN000964,1106.06,UPI,Bank Decline,890,16,7,1,8.48,1069.97,0,1
TXN000965,830.57,UPI,Authentication Failed,486,23,6,0,1.26,1267.76,0,1
TXN000966,482.85,UPI,Insufficient Funds,734,11,8,0,0.3,1684.5,1,1
TXN000967,4533.12,Card,Insufficient Funds,130,18,5,1,16.94,709.03,0,1
TXN000968,515.85,UPI,Network Error,534,11,5,1,12.58,1630.04,0,1
TXN000969,1375.31,Card,Expired Card,532,12,1,0,15.61,275.44,1,1
TXN000970,706.92,Card,Insufficient Funds,45,19,5,2,59.75,1247.49,1,1
TXN000971,1133.03,Card,Bank Decline,1229,19,5,1,42.07,776.58,1,1
TXN000972,1655.48,Net Banking,Authentication Failed,114,12,5,1,7.95,219.7,1,1
TXN000973,319.5,Card,Bank Decline,274,17,5,2,6.9,1464.1,0,0
TXN000974,1090.12,UPI,Expired Card,1383,14,8,0,6.01,892.63,0,1
TXN000975,3202.4,UPI,Limit Exceeded,317,21,8,3,50.82,446.74,0,1
TXN000976,5352.67,UPI,Bank Decline,1420,30,3,0,42.99,1656.7,1,1
TXN000977,975.54,Card,Authentication Failed,46,13,3,0,49.76,610.25,0,0
TXN000978,1138.55,UPI,Limit Exceeded,787,24,1,0,4.75,983.69,1,1
TXN000979,8024.06,Card,Bank Decline,587,12,4,1,11.42,2506.65,0,0
TXN000980,3045.53,Card,Network Error,158,25,7,0,7.9,1414.27,1,1
TXN000981,629.2,UPI,Expired Card,193,25,5,0,7.02,569.02,1,0
TXN000982,628.24,Net Banking,Network Error,436,17,4,0,1.83,1477.06,0,0
TXN000983,2593.84,UPI,Authentication Failed,463,18,9,0,33.03,2493.97,0,1
TXN000984,441.45,UPI,Bank Decline,759,14,8,0,6.35,1249.76,1,0
TXN000985,2918.88,Card,Bank Decline,1257,12,3,0,7.79,1436.88,1,1
TXN000986,1481.59,Card,Insufficient Funds,1458,19,4,0,16.76,1632.23,0,1
TXN000987,1747.51,Card,Insufficient Funds,210,14,4,0,46.9,1185.03,0,0
TXN000988,870.39,Card,Insufficient Funds,785,20,2,4,23.18,1073.01,1,0
TXN000989,622.14,UPI,Authentication Failed,124,17,5,0,18.54,1413.64,0,1
TXN000990,4087.93,Net Banking,Expired Card,1424,21,3,3,1.81,1387.9,1,1
TXN000991,878.25,Net Banking,Expired Card,228,16,3,0,17.59,1478.97,0,1
TXN000992,757.6,Card,Network Error,903,20,6,2,5.57,1722.55,1,0
TXN000993,1020.33,UPI,Limit Exceeded,69,14,1,1,18.36,158.75,1,1
TXN000994,1304.69,Card,Network Error,402,15,5,0,7.14,1278.75,0,1
TXN000995,433.66,UPI,Authentication Failed,11,17,5,1,1.44,1036.46,1,1
TXN000996,659.59,UPI,Bank Decline,1364,23,6,0,33.51,3118.51,0,1
TXN000997,628.77,Net Banking,Authentication Failed,1322,17,4,0,14.56,960.59,0,0
TXN000998,2346.67,UPI,Expired Card,514,14,1,0,5.94,1332.92,0,0
TXN000999,494.05,Wallet,Bank Decline,151,22,3,1,7.96,692.5,0,0
TXN001000,225.84,Card,Network Error,960,23,5,2,17.32,1794.82,0,1
TXN001001,186.72,UPI,Network Error,668,18,5,3,20.48,628.39,1,1
TXN001002,291.97,Card,Insufficient Funds,1189,13,2,0,12.01,1052.27,0,1
TXN001003,3734.56,Net Banking,Network Error,787,19,3,2,13.43,9819.78,0,0
TXN001004,1112.75,Card,Bank Decline,965,14,5,0,2.03,809.94,1,1
TXN001005,1721.8,Net Banking,Insufficient Funds,969,21,4,2,2.86,771.85,1,0
TXN001006,1777.28,Card,Authentication Failed,17,15,3,1,4.25,577.66,0,0
TXN001007,1153.51,Card,Expired Card,75,11,1,3,13.6,878.07,0,1
TXN001008,1025.26,Net Banking,Authentication Failed,970,18,4,0,9.8,439.78,0,0
TXN001009,2807.57,UPI,Expired Card,208,22,8,1,15.23,587.18,0,0
TXN001010,1250.62,Card,Bank Decline,272,21,3,1,3.42,1395.04,0,0
TXN001011,3862.96,UPI,Network Error,114,15,1,2,61.96,2072.76,0,0
TXN001012,1917.44,Wallet,Expired Card,1084,25,6,4,17.19,259.73,1,0
TXN001013,628.91,Net Banking,Authentication Failed,957,12,2,0,2.47,1522.43,0,1
TXN001014,701.05,UPI,Bank Decline,1368,14,6,1,8.32,2435.05,0,0
TXN001015,569.8,Card,Authentication Failed,196,16,5,0,70.6,590.43,0,0
TXN001016,3280.64,Net Banking,Authentication Failed,245,25,2,0,61.06,3426.67,0,0
TXN001017,761.62,UPI,Expired Card,957,17,2,2,1.31,2583.73,0,0
TXN001018,534.52,Card,Authentication Failed,349,28,5,1,31.99,681.92,0,0
TXN001019,1462.35,Net Banking,Bank Decline,297,22,1,2,18.49,1160.27,1,0
TXN001020,1004.81,UPI,Authentication Failed,1353,10,3,1,3.68,2101.0,0,0
TXN001021,1429.55,Card,Expired Card,327,26,7,3,32.24,1965.96,1,1
TXN001022,6007.91,UPI,Insufficient Funds,48,20,2,2,18.37,948.8,0,0
TXN001023,2494.3,Net Banking,Authentication Failed,961,14,6,1,2.16,683.99,1,1
TXN001024,1123.62,Wallet,Network Error,1228,19,1,2,33.9,2265.96,0,0
TXN001025,308.72,Net Banking,Bank Decline,895,10,1,1,25.63,1114.57,0,1
TXN001026,699.27,Card,Network Error,639,25,4,2,0.13,570.83,0,1
TXN001027,2079.62,Net Banking,Insufficient Funds,852,16,5,1,5.29,104.5,0,1
TXN001028,382.25,Net Banking,Bank Decline,290,17,4,0,5.65,734.09,0,0
TXN001029,7531.68,UPI,Limit Exceeded,813,20,3,2,11.07,1220.72,1,1
TXN001030,1110.95,Net Banking,Insufficient Funds,188,12,4,2,4.71,2396.51,0,1
TXN001031,1145.92,UPI,Bank Decline,1041,18,1,0,31.65,454.42,0,0
TXN001032,601.86,Card,Insufficient Funds,751,24,6,0,21.78,870.71,1,0
TXN001033,1714.82,UPI,Bank Decline,448,15,7,0,0.55,1097.29,1,1
TXN001034,386.76,UPI,Expired Card,635,22,6,1,22.09,3452.18,1,0
TXN001035,7695.59,UPI,Limit Exceeded,1454,14,5,1,54.4,366.37,1,0
TXN001036,3588.95,Card,Authentication Failed,394,23,4,0,12.26,1126.64,0,0
TXN001037,2659.43,UPI,Network Error,582,24,3,0,3.62,828.93,1,1
TXN001038,313.76,Card,Bank Decline,460,23,4,0,38.22,637.21,0,1
TXN001039,1319.32,UPI,Authentication Failed,933,22,4,0,19.39,1511.19,1,0
TXN001040,3255.75,UPI,Limit Exceeded,1032,21,3,0,10.06,2374.04,0,0
TXN001041,1870.19,Card,Network Error,817,14,2,1,9.56,458.97,0,1
TXN001042,445.01,Net Banking,Expired Card,1272,13,2,0,5.97,583.57,0,0
TXN001043,610.89,UPI,Authentication Failed,815,19,1,3,2.02,366.45,0,1
TXN001044,730.16,Card,Expired Card,1090,15,3,1,37.02,1004.0,0,1
TXN001045,637.09,Net Banking,Bank Decline,374,16,3,2,73.53,1164.51,0,0
TXN001046,4341.18,Card,Expired Card,948,9,1,0,52.54,1734.75,1,1
TXN001047,194.63,UPI,Insufficient Funds,46,22,3,3,3.34,1078.98,0,1
TXN001048,1978.96,UPI,Bank Decline,1345,27,2,2,9.77,1120.99,0,1
TXN001049,342.72,Net Banking,Bank Decline,563,15,5,0,6.21,2974.63,0,0
TXN001050,461.68,UPI,Insufficient Funds,1328,22,7,0,7.56,1847.96,0,1
TXN001051,179.69,Net Banking,Insufficient Funds,923,13,4,1,7.02,289.11,0,0
TXN001052,669.04,Card,Insufficient Funds,1027,16,6,1,47.72,1785.71,1,0
TXN001053,4271.24,Net Banking,Expired Card,649,18,3,1,52.86,775.13,1,0
TXN001054,1391.78,Net Banking,Limit Exceeded,456,19,2,3,0.74,914.78,0,1
TXN001055,372.96,Wallet,Authentication Failed,401,14,4,1,13.82,1030.11,1,0
TXN001056,2739.23,UPI,Bank Decline,798,27,6,1,19.52,647.37,0,0
TXN001057,3321.51,Card,Network Error,94,12,4,1,5.08,1664.01,0,1
TXN001058,1204.29,UPI,Authentication Failed,539,21,3,0,1.14,367.06,1,0
TXN001059,6845.0,Card,Insufficient Funds,1418,17,4,2,1.4,2051.11,0,0
TXN001060,2297.11,Card,Expired Card,750,13,5,3,24.1,2554.3,0,0
TXN001061,2027.15,Net Banking,Limit Exceeded,387,20,2,3,8.18,1369.29,0,0
TXN001062,532.17,Wallet,Insufficient Funds,437,19,2,0,14.95,1575.84,1,0
TXN001063,1928.81,Card,Authentication Failed,1246,19,8,0,6.85,379.31,0,1
TXN001064,1332.9,UPI,Limit Exceeded,283,21,2,0,30.37,490.17,1,1
TXN001065,1750.83,Card,Insufficient Funds,200,20,3,1,1.76,1156.06,0,1
TXN001066,592.22,Card,Insufficient Funds,185,25,4,0,0.28,698.69,1,1
TXN001067,1230.64,UPI,Insufficient Funds,1173,29,2,1,10.48,512.04,1,1
TXN001068,525.75,UPI,Bank Decline,224,13,5,2,9.3,2317.59,0,0
TXN001069,158.79,UPI,Network Error,994,19,3,2,0.3,844.61,1,0
TXN001070,2693.17,UPI,Network Error,1089,25,4,1,31.8,2107.72,0,1
TXN001071,283.68,UPI,Bank Decline,1376,12,3,1,13.91,446.75,0,1
TXN001072,1207.69,UPI,Authentication Failed,563,15,3,0,33.05,543.72,1,1
TXN001073,1479.86,UPI,Bank Decline,1449,22,1,2,11.01,1745.17,1,1
TXN001074,1471.31,UPI,Insufficient Funds,1254,22,5,1,17.4,1077.72,0,0
TXN001075,849.99,Wallet,Bank Decline,1380,22,3,0,0.51,2165.0,0,0
TXN001076,1399.81,Card,Network Error,774,20,3,1,27.56,1259.08,0,1
TXN001077,1675.51,UPI,Bank Decline,83,11,5,0,1.16,3232.46,0,0
TXN001078,2124.88,Card,Bank Decline,605,22,5,1,5.73,2314.21,1,1
TXN001079,5219.19,UPI,Insufficient Funds,1238,19,3,0,11.41,1526.25,1,1
TXN001080,1353.94,Net Banking,Limit Exceeded,1189,12,2,3,5.22,559.48,1,0
TXN001081,1161.7,Net Banking,Authentication Failed,530,18,3,0,1.09,572.72,1,1
TXN001082,484.9,UPI,Bank Decline,1255,19,1,1,21.96,358.55,0,1
TXN001083,1623.52,UPI,Bank Decline,1388,16,5,0,9.04,1743.27,0,0
TXN001084,1999.48,Net Banking,Network Error,819,17,4,2,24.23,928.08,1,0
TXN001085,922.35,Net Banking,Expired Card,390,17,4,4,4.92,336.51,0,1
TXN001086,1790.32,Card,Bank Decline,510,12,7,0,11.53,949.29,0,0
TXN001087,842.8,Card,Authentication Failed,1480,21,1,0,7.88,1038.89,1,1
TXN001088,2005.99,UPI,Network Error,248,20,3,1,10.28,963.17,1,1
TXN001089,2493.25,Wallet,Bank Decline,375,16,6,3,64.92,1017.53,1,0
TXN001090,2462.09,UPI,Expired Card,294,16,2,2,9.17,3060.17,0,1
TXN001091,1219.33,Net Banking,Authentication Failed,405,17,4,4,13.02,1013.7,0,1
TXN001092,430.1,Card,Limit Exceeded,110,18,4,2,57.75,415.81,1,0
TXN001093,632.25,Card,Insufficient Funds,1341,13,1,1,0.91,922.44,1,1
TXN001094,1873.65,Card,Bank Decline,133,14,4,0,6.91,1543.03,0,1
TXN001095,9936.11,UPI,Network Error,46,22,4,3,4.11,659.48,0,0
TXN001096,807.02,UPI,Bank Decline,1102,20,3,1,10.83,1421.35,0,0
TXN001097,1652.85,UPI,Expired Card,888,21,7,1,2.28,1115.01,0,1
TXN001098,664.84,UPI,Limit Exceeded,951,11,6,1,11.11,2213.35,1,1
TXN001099,456.43,Net Banking,Limit Exceeded,253,18,3,4,6.19,1782.17,0,0
TXN001100,596.64,UPI,Authentication Failed,1277,19,1,0,61.98,815.69,0,1
TXN001101,168.3,UPI,Bank Decline,318,11,7,2,3.14,854.02,0,0
TXN001102,3707.42,Wallet,Authentication Failed,40,24,5,2,11.24,596.91,1,1
TXN001103,147.36,Net Banking,Limit Exceeded,135,10,6,0,20.84,1174.04,1,1
TXN001104,864.85,Net Banking,Bank Decline,16,17,5,4,16.63,1031.95,0,1
TXN001105,379.82,Wallet,Limit Exceeded,1198,17,4,1,7.24,349.94,1,1
TXN001106,494.75,UPI,Insufficient Funds,1246,16,5,1,5.58,777.49,0,1
TXN001107,3785.26,UPI,Limit Exceeded,948,24,12,0,9.51,1257.8,0,0
TXN001108,1314.17,Card,Network Error,1438,20,1,0,1.31,638.11,1,0
TXN001109,459.96,Card,Bank Decline,941,17,1,1,7.52,2445.04,1,1
TXN001110,645.12,UPI,Expired Card,1048,26,5,3,16.38,1251.91,0,0
TXN001111,550.63,Net Banking,Expired Card,346,11,0,1,80.64,609.85,0,0
TXN001112,1054.49,UPI,Insufficient Funds,687,20,5,1,18.0,1104.24,0,0
TXN001113,1281.26,UPI,Insufficient Funds,1120,17,4,0,52.77,1129.52,0,1
TXN001114,6039.14,Card,Bank Decline,1315,13,3,0,0.1,1471.35,0,1
TXN001115,195.45,Card,Network Error,540,13,4,1,26.7,797.22,0,0
TXN001116,1062.81,Card,Authentication Failed,1297,20,2,0,11.22,1208.07,1,0
TXN001117,825.5,UPI,Authentication Failed,815,17,3,0,17.33,565.04,0,1
TXN001118,2570.6,Net Banking,Network Error,439,18,3,0,7.99,569.32,1,1
TXN001119,1509.2,UPI,Limit Exceeded,764,22,3,1,6.27,1261.87,1,1
TXN001120,1865.58,UPI,Bank Decline,657,11,5,1,7.79,437.26,1,1
TXN001121,1496.04,Net Banking,Limit Exceeded,1082,19,3,0,16.43,889.66,0,0
TXN001122,474.0,Wallet,Insufficient Funds,1097,22,0,1,17.3,5282.58,1,0
TXN001123,3262.14,Net Banking,Bank Decline,603,13,6,1,14.46,1916.7,0,0
TXN001124,2249.93,Net Banking,Expired Card,256,14,2,0,9.41,1926.91,0,1
TXN001125,2499.83,Card,Insufficient Funds,1361,19,3,0,27.5,3665.63,0,1
TXN001126,3420.85,Card,Expired Card,910,14,8,2,28.69,698.84,0,1
TXN001127,1597.04,UPI,Limit Exceeded,421,17,2,0,23.02,1317.31,1,1
TXN001128,4158.43,UPI,Bank Decline,1153,17,3,4,3.41,2164.63,0,1
TXN001129,1540.52,UPI,Bank Decline,1232,24,4,0,8.28,360.61,0,0
TXN001130,900.41,UPI,Authentication Failed,12,17,2,0,43.4,1166.02,0,0
TXN001131,1090.13,Card,Limit Exceeded,855,20,2,0,11.32,762.31,1,1
TXN001132,1073.35,Card,Bank Decline,1229,16,5,3,13.29,1512.3,0,0
TXN001133,687.15,UPI,Bank Decline,19,19,2,3,30.94,898.24,1,1
TXN001134,4763.32,UPI,Expired Card,12,16,6,2,50.18,2894.77,0,0
TXN001135,1431.77,Card,Network Error,1441,18,4,2,49.56,688.02,1,0
TXN001136,1194.24,UPI,Insufficient Funds,1151,21,4,1,5.3,2086.26,1,1
TXN001137,1555.34,Net Banking,Bank Decline,1392,9,4,3,1.36,2447.29,1,1
TXN001138,16024.42,Card,Authentication Failed,544,15,5,0,13.18,983.93,1,1
TXN001139,396.01,Card,Expired Card,10,15,2,1,21.51,572.93,1,1
TXN001140,512.58,Card,Authentication Failed,290,9,4,2,26.31,357.72,1,0
TXN001141,316.55,Net Banking,Limit Exceeded,728,11,2,1,19.73,3729.09,0,1
TXN001142,889.5,UPI,Authentication Failed,1022,18,4,2,1.67,2098.59,0,1
TXN001143,1367.81,Card,Insufficient Funds,1389,26,1,0,7.33,1454.79,1,1
TXN001144,721.41,Card,Limit Exceeded,699,26,3,0,0.11,499.4,0,0
TXN001145,674.68,UPI,Insufficient Funds,1312,19,2,1,28.37,2846.26,0,0
TXN001146,1246.59,Net Banking,Expired Card,663,23,6,1,1.61,1032.5,0,0
TXN001147,697.92,Net Banking,Bank Decline,958,28,6,1,16.54,1090.52,1,0
TXN001148,1449.77,Card,Bank Decline,634,14,9,0,7.58,4524.31,0,0
TXN001149,2989.35,Net Banking,Authentication Failed,1379,17,6,1,11.14,1324.38,0,1
TXN001150,2016.92,Net Banking,Authentication Failed,986,21,4,3,6.23,2158.1,0,0
TXN001151,2423.36,Card,Insufficient Funds,1060,20,3,1,24.18,443.64,1,0
TXN001152,2914.13,Net Banking,Network Error,380,17,9,0,7.24,999.54,0,0
TXN001153,1414.52,Card,Bank Decline,1154,18,5,1,22.63,816.73,1,0
TXN001154,950.72,Card,Bank Decline,1476,12,7,2,8.71,857.13,0,1
TXN001155,547.29,Card,Limit Exceeded,1017,14,3,0,9.45,1156.64,1,1
TXN001156,771.19,Card,Bank Decline,1424,15,4,0,14.19,1444.01,1,1
TXN001157,684.5,UPI,Authentication Failed,656,15,6,1,10.28,1168.07,0,0
TXN001158,2118.59,Net Banking,Insufficient Funds,731,17,1,0,16.09,1014.01,1,1
TXN001159,1498.33,Net Banking,Expired Card,818,21,5,0,44.99,892.8,0,0
TXN001160,2053.05,UPI,Expired Card,1086,17,7,1,8.08,1969.1,1,0
TXN001161,385.95,Net Banking,Bank Decline,138,14,3,0,22.29,2112.78,0,1
TXN001162,3978.16,UPI,Bank Decline,787,16,1,0,37.21,846.54,0,1
TXN001163,746.74,UPI,Limit Exceeded,128,19,8,2,1.54,4878.0,1,1
TXN001164,407.48,Card,Limit Exceeded,208,22,7,0,14.7,178.84,1,0
TXN001165,738.56,UPI,Bank Decline,708,18,1,0,2.27,1523.47,1,1
TXN001166,10253.65,Net Banking,Network Error,1295,24,3,1,27.9,362.32,0,1
TXN001167,773.6,Net Banking,Insufficient Funds,564,19,8,3,8.34,2120.39,0,1
TXN001168,818.45,Card,Insufficient Funds,1070,18,5,1,12.9,3550.47,0,1
TXN001169,922.52,UPI,Network Error,585,8,3,0,13.69,1628.78,0,0
TXN001170,959.34,UPI,Insufficient Funds,1143,12,1,1,15.76,3724.47,0,0
TXN001171,542.76,Card,Limit Exceeded,1369,15,6,1,70.05,1294.26,0,0
TXN001172,1247.49,Wallet,Expired Card,1092,22,4,3,12.9,3250.35,1,1
TXN001173,2887.18,Card,Authentication Failed,233,18,5,4,24.96,750.72,0,0
TXN001174,1455.14,UPI,Expired Card,180,24,7,0,67.61,754.47,0,0
TXN001175,403.41,Card,Authentication Failed,1026,15,5,2,25.96,1187.82,1,0
TXN001176,804.39,Card,Network Error,1164,19,5,2,32.31,4543.09,1,1
TXN001177,667.56,Net Banking,Network Error,1315,21,4,1,0.82,2001.0,0,1
TXN001178,1150.15,UPI,Authentication Failed,1138,26,2,2,3.76,309.79,1,1
TXN001179,3631.52,Card,Expired Card,149,11,2,1,20.44,2201.93,1,0
TXN001180,959.11,Card,Insufficient Funds,575,19,4,1,41.78,2437.9,0,0
TXN001181,1012.99,Wallet,Expired Card,1324,22,3,0,1.18,588.42,0,1
TXN001182,5431.01,UPI,Authentication Failed,283,18,4,0,29.85,1633.88,0,1
TXN001183,2412.9,Card,Limit Exceeded,282,17,4,0,3.71,1362.95,0,1
TXN001184,1838.44,Net Banking,Network Error,240,13,2,2,10.61,823.61,1,1
TXN001185,6388.91,UPI,Expired Card,1272,17,4,0,33.43,883.8,0,0
TXN001186,1704.16,Net Banking,Authentication Failed,1288,18,9,3,3.39,326.82,0,0
TXN001187,183.48,Card,Insufficient Funds,38,8,3,0,19.17,819.2,0,1
TXN001188,2320.18,UPI,Expired Card,1397,15,5,0,31.84,928.9,0,0
TXN001189,261.7,UPI,Bank Decline,1378,21,4,0,17.74,920.19,1,1
TXN001190,1647.15,Card,Expired Card,766,31,8,4,0.51,988.2,0,0
TXN001191,234.54,UPI,Network Error,1162,26,3,4,19.16,3863.75,1,0
TXN001192,720.42,Card,Insufficient Funds,799,18,5,1,3.63,1401.82,1,0
TXN001193,790.44,UPI,Insufficient Funds,1398,21,3,0,3.57,2000.58,0,1
TXN001194,548.34,Card,Network Error,768,21,1,1,8.94,1705.85,0,1
TXN001195,801.14,UPI,Insufficient Funds,271,20,0,4,26.67,1134.73,0,0
TXN001196,2777.5,Net Banking,Bank Decline,221,12,8,2,1.85,3273.73,1,1
TXN001197,576.77,Wallet,Limit Exceeded,1245,15,2,1,12.0,3199.26,1,1
TXN001198,1791.17,Wallet,Bank Decline,288,17,2,3,39.6,2020.58,0,0
TXN001199,459.86,Card,Network Error,536,15,3,1,11.85,1300.43,1,1
TXN001200,924.68,UPI,Authentication Failed,8,22,9,0,6.72,1095.5,0,1
TXN001201,1467.71,Card,Bank Decline,519,17,2,1,5.87,1550.5,0,0
TXN001202,447.25,UPI,Bank Decline,822,18,2,0,79.87,375.58,1,1
TXN001203,336.79,UPI,Network Error,470,15,3,1,2.05,1172.87,0,0
TXN001204,1707.34,UPI,Limit Exceeded,1477,14,2,4,9.55,2278.47,1,1
TXN001205,3013.24,Card,Authentication Failed,1393,20,4,1,24.92,448.96,1,1
TXN001206,1021.31,Net Banking,Authentication Failed,1246,16,2,1,6.6,423.86,0,1
TXN001207,726.63,Card,Limit Exceeded,170,19,2,0,33.48,737.86,0,0
TXN001208,1261.56,Card,Bank Decline,544,15,5,0,17.22,658.97,0,1
TXN001209,1152.78,UPI,Insufficient Funds,517,23,6,0,11.12,1762.09,1,1
TXN001210,1364.59,Wallet,Bank Decline,1251,18,5,1,46.64,1442.79,0,0
TXN001211,112.68,Card,Insufficient Funds,561,23,2,1,8.45,2918.42,0,1
TXN001212,418.97,Card,Expired Card,647,26,4,1,60.71,523.47,1,0
TXN001213,512.5,UPI,Expired Card,1313,19,5,3,1.35,1186.27,1,1
TXN001214,1256.12,Net Banking,Insufficient Funds,1101,16,7,1,0.72,3411.12,1,0
TXN001215,1296.33,Card,Limit Exceeded,1404,18,6,0,1.54,3085.03,0,0
TXN001216,1944.12,UPI,Bank Decline,265,11,5,0,1.6,396.19,1,1
TXN001217,1382.74,UPI,Bank Decline,451,20,7,1,4.75,329.07,0,0
TXN001218,340.13,Card,Expired Card,1231,26,4,0,9.42,1678.69,1,0
TXN001219,4033.15,Card,Bank Decline,1410,20,3,0,30.02,542.81,0,0
TXN001220,3445.16,UPI,Bank Decline,772,21,3,1,8.91,748.66,1,1
TXN001221,353.41,Wallet,Insufficient Funds,1445,24,6,0,2.44,1714.91,0,0
TXN001222,1479.46,UPI,Bank Decline,71,20,5,0,0.57,1175.47,1,1
TXN001223,641.7,Card,Limit Exceeded,1408,14,6,0,14.68,2512.92,0,1
TXN001224,1242.62,Net Banking,Authentication Failed,664,13,2,3,4.73,507.57,1,1
TXN001225,2829.85,UPI,Bank Decline,1132,10,3,1,8.06,1241.03,0,1
TXN001226,7458.38,Card,Bank Decline,1007,24,6,1,4.99,858.62,0,1
TXN001227,2156.3,UPI,Expired Card,48,21,3,0,9.36,1611.93,1,1
TXN001228,1430.02,UPI,Authentication Failed,885,12,3,2,65.07,1385.08,0,0
TXN001229,807.68,Wallet,Bank Decline,202,20,1,0,65.09,1445.34,0,0
TXN001230,1291.97,UPI,Bank Decline,1390,19,3,0,22.47,2636.2,0,1
TXN001231,3728.62,Net Banking,Limit Exceeded,1129,17,0,1,4.86,1920.91,1,1
TXN001232,1053.38,UPI,Network Error,394,17,4,1,34.63,2972.81,0,1
TXN001233,493.98,UPI,Insufficient Funds,71,17,2,0,0.19,1020.64,0,0
TXN001234,255.26,UPI,Network Error,1327,13,4,2,13.01,1981.77,0,0
TXN001235,1740.18,Card,Insufficient Funds,1457,11,2,0,37.71,809.98,0,1
TXN001236,1369.99,UPI,Network Error,229,15,3,0,9.76,806.33,1,1
TXN001237,613.19,Net Banking,Network Error,921,14,5,1,5.06,561.6,1,0
TXN001238,2761.18,Card,Authentication Failed,1179,15,8,4,17.71,5209.97,0,0
TXN001239,750.25,Wallet,Bank Decline,448,15,3,0,30.7,632.2,0,0
TXN001240,971.48,UPI,Bank Decline,1444,14,5,0,19.92,2273.18,1,1
TXN001241,1080.31,Net Banking,Bank Decline,1146,10,2,1,5.24,1706.82,0,1
TXN001242,799.62,Net Banking,Authentication Failed,909,23,5,0,2.41,1456.4,0,0
TXN001243,1355.98,Net Banking,Insufficient Funds,459,18,3,1,5.76,1363.25,1,0
TXN001244,3091.35,Net Banking,Bank Decline,326,19,5,0,2.79,1157.19,1,1
TXN001245,392.2,Card,Insufficient Funds,776,23,3,0,57.26,828.32,1,0
TXN001246,1702.19,Card,Limit Exceeded,889,16,10,1,8.26,3198.76,0,1
TXN001247,1280.42,UPI,Network Error,1022,13,7,0,61.69,610.94,0,1
TXN001248,1259.4,UPI,Bank Decline,457,22,3,4,15.46,1329.64,1,1
TXN001249,2403.45,Net Banking,Bank Decline,902,19,2,1,21.11,1287.73,0,1
TXN001250,1146.38,Card,Authentication Failed,1109,12,7,0,43.3,1702.33,0,1
TXN001251,1689.53,Net Banking,Network Error,749,23,3,0,91.0,2225.98,0,1
TXN001252,2088.66,Card,Expired Card,363,20,1,2,53.58,916.73,0,1
TXN001253,696.5,UPI,Authentication Failed,1149,14,6,0,10.68,1134.14,0,1
TXN001254,1435.5,UPI,Authentication Failed,1309,16,2,2,21.24,689.66,0,0
TXN001255,875.06,Card,Bank Decline,788,17,3,1,8.85,1927.46,0,0
TXN001256,973.2,Card,Authentication Failed,572,11,4,4,17.91,2145.36,0,0
TXN001257,820.69,UPI,Insufficient Funds,1075,18,7,0,13.29,834.54,0,0
TXN001258,1675.68,Card,Bank Decline,1255,20,3,1,0.34,1651.27,0,0
TXN001259,1180.25,UPI,Authentication Failed,534,17,3,1,36.17,1339.07,0,1
TXN001260,1564.14,Card,Bank Decline,730,15,2,0,7.94,1087.29,1,1
TXN001261,1079.48,UPI,Bank Decline,247,17,4,2,10.73,2450.0,0,1
TXN001262,258.86,Net Banking,Bank Decline,620,14,5,1,7.61,4307.31,0,1
TXN001263,1128.03,UPI,Network Error,101,18,4,0,11.88,485.94,0,1
TXN001264,1161.17,Card,Bank Decline,371,19,4,0,12.35,1339.08,0,0
TXN001265,1364.22,UPI,Expired Card,1215,19,4,0,18.01,507.3,0,1
TXN001266,642.68,UPI,Authentication Failed,1166,18,4,2,8.48,538.64,0,1
TXN001267,373.93,UPI,Expired Card,31,14,8,4,4.66,950.94,0,1
TXN001268,1923.97,Card,Insufficient Funds,324,10,5,1,9.1,758.13,0,0
TXN001269,857.27,Card,Authentication Failed,339,20,3,0,6.98,378.31,0,1
TXN001270,1279.37,UPI,Bank Decline,920,21,6,0,15.12,2667.3,0,0
TXN001271,851.23,Card,Insufficient Funds,568,16,10,0,23.33,1131.61,1,1
TXN001272,1090.67,Net Banking,Insufficient Funds,687,23,4,1,22.72,973.03,0,0
TXN001273,731.9,Net Banking,Network Error,106,19,4,3,40.0,1075.86,1,1
TXN001274,458.85,UPI,Insufficient Funds,376,18,3,0,4.14,2026.99,0,1
TXN001275,1679.68,Card,Insufficient Funds,1042,21,7,0,12.6,732.94,1,1
TXN001276,637.27,UPI,Bank Decline,726,10,1,0,17.62,969.37,1,1
TXN001277,1271.0,UPI,Bank Decline,83,18,0,2,13.04,296.79,0,1
TXN001278,1586.7,Wallet,Network Error,593,23,5,2,18.42,1037.98,0,1
TXN001279,646.69,UPI,Limit Exceeded,980,21,2,0,35.04,346.92,1,0
TXN001280,371.11,Card,Limit Exceeded,688,27,4,1,1.74,1658.47,0,1
TXN001281,9734.94,Card,Bank Decline,1378,18,4,1,8.4,707.53,1,1
TXN001282,681.98,Card,Bank Decline,1473,11,3,1,12.67,972.87,0,1
TXN001283,1921.91,Card,Authentication Failed,697,22,5,0,13.33,529.59,0,1
TXN001284,6282.46,UPI,Insufficient Funds,94,18,6,2,0.22,974.59,0,1
TXN001285,2232.59,UPI,Authentication Failed,471,17,4,0,15.48,2830.96,0,1
TXN001286,836.81,Card,Insufficient Funds,500,18,5,0,21.42,863.32,0,1
TXN001287,1032.35,UPI,Authentication Failed,1252,18,6,0,8.89,671.14,1,0
TXN001288,518.35,UPI,Bank Decline,1148,16,3,2,44.02,678.76,0,0
TXN001289,2424.85,UPI,Bank Decline,142,19,2,0,20.53,1348.97,1,0
TXN001290,1825.56,UPI,Expired Card,984,17,2,1,17.91,3564.69,0,0
TXN001291,690.22,UPI,Network Error,193,17,3,0,4.13,750.76,1,1
TXN001292,429.25,UPI,Bank Decline,548,19,2,0,71.44,1025.6,0,0
TXN001293,333.92,Card,Network Error,585,18,7,0,11.26,224.3,1,1
TXN001294,2664.74,Card,Limit Exceeded,1341,21,3,3,0.64,654.81,1,0
TXN001295,1222.11,Net Banking,Insufficient Funds,936,12,2,2,1.39,1071.33,1,1
TXN001296,1330.73,UPI,Insufficient Funds,1409,14,6,0,7.37,1516.23,0,1
TXN001297,522.88,UPI,Bank Decline,817,22,2,0,0.76,433.51,0,1
TXN001298,293.78,UPI,Insufficient Funds,418,17,5,1,3.32,2951.32,0,1
TXN001299,2608.03,Card,Expired Card,1451,13,2,0,20.39,701.3,1,1
TXN001300,1138.92,Card,Insufficient Funds,223,21,3,2,7.55,2137.1,0,1
TXN001301,2481.23,UPI,Bank Decline,676,15,2,1,9.55,256.4,0,0
TXN001302,774.84,Net Banking,Insufficient Funds,1101,18,4,2,54.94,446.45,0,0
TXN001303,886.13,UPI,Network Error,836,25,2,0,18.67,3982.17,0,1
TXN001304,2083.84,Card,Insufficient Funds,1140,19,3,1,6.21,563.67,1,1
TXN001305,2119.88,Card,Insufficient Funds,291,18,3,0,7.5,796.23,0,0
TXN001306,2248.03,Net Banking,Insufficient Funds,889,15,3,0,52.38,2562.02,0,0
TXN001307,840.77,Card,Authentication Failed,776,15,3,0,10.63,744.5,1,1
TXN001308,1906.63,Net Banking,Insufficient Funds,575,21,6,0,10.35,1229.27,0,0
TXN001309,2975.57,UPI,Expired Card,959,22,5,0,5.78,727.34,1,1
TXN001310,997.95,Net Banking,Insufficient Funds,1328,16,0,1,6.96,775.33,0,0
TXN001311,690.81,UPI,Insufficient Funds,567,18,4,0,25.56,355.18,1,0
TXN001312,3671.93,Net Banking,Network Error,703,17,4,0,30.16,988.38,1,1
TXN001313,608.5,Card,Bank Decline,717,20,6,0,5.02,2162.76,0,1
TXN001314,1932.42,Net Banking,Authentication Failed,536,18,13,1,50.28,1728.76,0,0
TXN001315,1040.46,Card,Authentication Failed,1228,20,2,1,6.89,2012.29,0,0
TXN001316,209.05,Card,Limit Exceeded,495,17,3,0,22.29,941.85,1,0
TXN001317,3028.23,Card,Network Error,33,13,5,0,17.36,2089.56,1,0
TXN001318,91.65,Card,Bank Decline,1148,20,3,1,0.54,1269.16,1,0
TXN001319,183.88,UPI,Bank Decline,1084,16,3,0,35.56,283.84,1,1
TXN001320,1762.69,UPI,Authentication Failed,510,25,4,0,17.96,814.18,1,1
TXN001321,1762.28,UPI,Network Error,158,16,1,0,15.59,248.44,0,1
TXN001322,617.81,UPI,Network Error,743,16,8,0,14.46,1729.45,0,1
TXN001323,1252.68,Net Banking,Bank Decline,485,22,8,0,19.69,700.95,0,0
TXN001324,112.36,UPI,Insufficient Funds,1192,18,5,0,1.55,892.4,1,1
TXN001325,2072.02,Wallet,Authentication Failed,1246,13,4,0,25.5,4583.21,1,1
TXN001326,1373.0,UPI,Bank Decline,837,21,6,2,6.56,821.82,0,1
TXN001327,1052.5,UPI,Bank Decline,1450,16,1,0,9.86,1395.58,0,0
TXN001328,1117.4,Net Banking,Insufficient Funds,1378,16,4,0,0.76,1330.7,0,1
TXN001329,1709.45,Card,Limit Exceeded,1370,19,1,2,2.67,850.84,0,1
TXN001330,1068.48,Card,Insufficient Funds,856,12,4,1,29.61,525.27,0,1
TXN001331,203.03,Card,Limit Exceeded,560,18,2,3,8.22,3067.84,0,0
TXN001332,7916.46,Card,Insufficient Funds,1382,16,2,1,23.39,2548.19,0,1
TXN001333,3231.56,UPI,Authentication Failed,1405,18,4,1,8.41,1135.58,0,0
TXN001334,345.0,Wallet,Expired Card,1333,19,2,0,36.49,2231.9,1,0
TXN001335,803.82,Wallet,Insufficient Funds,1272,11,7,2,12.13,279.57,0,1
TXN001336,886.76,Card,Network Error,1408,16,4,1,7.0,1696.91,0,0
TXN001337,2895.65,UPI,Bank Decline,1419,14,4,0,28.02,1233.31,1,1
TXN001338,157.06,Card,Insufficient Funds,293,16,5,0,15.14,3462.01,0,0
TXN001339,699.87,UPI,Authentication Failed,1189,17,1,1,14.94,642.11,1,1
TXN001340,224.85,UPI,Bank Decline,1384,18,2,0,23.08,725.33,0,1
TXN001341,848.45,UPI,Bank Decline,461,18,4,1,79.5,768.96,1,0
TXN001342,716.77,Card,Insufficient Funds,633,14,8,0,8.36,1172.67,0,1
TXN001343,1178.18,Net Banking,Bank Decline,1271,18,7,0,13.72,1012.77,1,1
TXN001344,636.26,Card,Authentication Failed,218,15,5,2,6.32,1379.25,1,0
TXN001345,557.84,Card,Bank Decline,369,16,4,1,8.84,555.11,0,1
TXN001346,1915.42,Card,Authentication Failed,604,28,0,1,1.16,676.16,0,1
TXN001347,1651.11,UPI,Authentication Failed,139,21,6,1,9.15,1615.21,0,0
TXN001348,1801.29,UPI,Insufficient Funds,283,21,3,0,3.91,2477.56,0,1
TXN001349,935.23,Wallet,Insufficient Funds,1295,14,7,1,16.89,1930.72,0,0
TXN001350,655.52,UPI,Authentication Failed,611,20,3,0,0.79,318.45,0,0
TXN001351,985.39,Net Banking,Bank Decline,663,17,2,0,2.48,1114.42,0,0
TXN001352,1721.66,Card,Insufficient Funds,1390,11,3,1,13.87,1784.67,0,1
TXN001353,154.61,Card,Bank Decline,673,16,2,1,9.48,487.76,1,0
TXN001354,1563.53,Card,Network Error,142,13,3,3,9.46,1371.15,0,0
TXN001355,1448.41,Card,Limit Exceeded,771,20,5,0,14.03,422.68,0,0
TXN001356,1159.72,Net Banking,Insufficient Funds,434,12,5,2,4.74,1039.56,1,0
TXN001357,958.74,Net Banking,Insufficient Funds,836,21,7,2,2.8,3582.42,0,0
TXN001358,108.91,Card,Authentication Failed,1059,14,5,0,1.62,736.98,0,1
TXN001359,738.14,UPI,Limit Exceeded,601,13,5,1,38.1,1785.76,0,0
TXN001360,5488.96,Card,Network Error,1360,21,4,2,26.81,1003.83,0,1
TXN001361,1109.44,Net Banking,Limit Exceeded,926,19,2,0,8.36,2022.32,1,1
TXN001362,831.67,UPI,Bank Decline,1064,13,9,1,5.8,3880.65,0,1
TXN001363,1113.45,Card,Limit Exceeded,510,16,6,3,13.18,312.31,0,1
TXN001364,1509.14,Card,Bank Decline,110,15,5,3,1.6,638.8,1,0
TXN001365,1984.13,Card,Bank Decline,500,20,4,2,44.92,970.57,1,1
TXN001366,892.48,UPI,Expired Card,1401,19,7,2,15.46,1979.7,0,0
TXN001367,1607.49,Card,Bank Decline,394,17,4,0,48.16,926.79,0,0
TXN001368,4959.13,Net Banking,Authentication Failed,1267,17,5,1,52.41,6303.7,1,0
TXN001369,2712.5,UPI,Bank Decline,741,10,3,4,14.19,461.55,0,0
TXN001370,9011.62,UPI,Authentication Failed,911,13,3,2,12.39,1495.19,1,1
TXN001371,607.23,Wallet,Authentication Failed,1120,24,3,0,6.49,1069.98,0,1
TXN001372,4957.07,UPI,Bank Decline,339,28,3,0,30.74,1212.81,1,0
TXN001373,538.29,Net Banking,Limit Exceeded,383,17,4,1,52.79,1452.74,1,1
TXN001374,1507.5,Card,Bank Decline,246,19,3,0,3.5,2077.35,1,1
TXN001375,2120.12,UPI,Authentication Failed,736,19,7,0,27.56,603.81,1,1
TXN001376,692.49,Net Banking,Bank Decline,188,22,2,0,3.63,426.51,0,0
TXN001377,1186.98,Card,Limit Exceeded,1287,17,6,3,3.54,207.76,1,0
TXN001378,2488.45,Card,Bank Decline,750,10,3,0,5.48,665.72,0,0
TXN001379,578.68,UPI,Bank Decline,1219,14,7,0,21.19,3782.2,1,1
TXN001380,4926.8,Card,Insufficient Funds,847,12,5,1,1.31,517.76,1,0
TXN001381,315.41,UPI,Bank Decline,1445,22,5,0,6.94,865.53,0,1
TXN001382,6283.75,UPI,Limit Exceeded,1285,25,5,0,13.4,2149.31,0,1
TXN001383,2700.5,Wallet,Network Error,1075,22,3,1,28.68,427.99,0,0
TXN001384,1011.56,UPI,Expired Card,1015,16,7,0,7.3,926.67,0,0
TXN001385,763.26,Card,Bank Decline,834,19,3,1,12.41,978.32,0,1
TXN001386,694.84,UPI,Network Error,604,18,3,0,17.86,508.95,1,1
TXN001387,970.47,Net Banking,Insufficient Funds,1023,17,4,2,5.33,783.47,0,0
TXN001388,1049.8,UPI,Limit Exceeded,207,27,4,3,47.84,3736.38,0,0
TXN001389,3393.79,Wallet,Authentication Failed,1389,16,5,0,8.08,2010.7,1,0
TXN001390,6449.7,Card,Bank Decline,349,19,9,4,24.77,1785.14,0,0
TXN001391,1312.18,UPI,Insufficient Funds,1242,22,2,1,19.8,346.79,1,1
TXN001392,512.31,UPI,Insufficient Funds,637,24,2,1,18.48,1450.12,0,0
TXN001393,671.05,UPI,Expired Card,304,14,2,1,9.45,2966.4,1,0
TXN001394,930.03,Card,Network Error,1185,14,5,0,36.12,800.18,0,1
TXN001395,433.93,UPI,Limit Exceeded,704,18,3,3,27.57,911.93,0,0
TXN001396,379.54,Net Banking,Bank Decline,1227,21,3,4,14.94,236.0,0,0
TXN001397,7240.28,Card,Limit Exceeded,719,18,4,2,6.76,3187.32,0,1
TXN001398,1439.93,UPI,Expired Card,936,9,4,1,14.74,2461.95,0,1
TXN001399,518.11,Card,Bank Decline,784,15,3,0,1.63,976.04,0,1
TXN001400,2286.88,Card,Network Error,385,20,3,0,14.05,1229.23,0,0
TXN001401,379.74,UPI,Insufficient Funds,754,23,1,1,21.64,1318.0,1,1
TXN001402,408.95,UPI,Bank Decline,712,12,4,0,45.73,1661.14,1,1
TXN001403,532.33,UPI,Authentication Failed,373,16,4,2,22.79,1107.22,0,0
TXN001404,4861.3,Card,Bank Decline,777,17,6,1,4.81,1254.02,0,1
TXN001405,873.41,Card,Limit Exceeded,1101,10,5,3,0.96,511.94,1,0
TXN001406,121.81,Card,Network Error,1058,19,3,1,6.05,1502.91,1,1
TXN001407,3258.62,Net Banking,Insufficient Funds,1423,25,1,1,9.1,2632.69,0,1
TXN001408,832.35,Net Banking,Network Error,355,25,5,2,0.26,814.21,0,0
TXN001409,207.58,Card,Network Error,1148,21,5,4,52.54,1327.59,1,1
TXN001410,824.67,Net Banking,Bank Decline,1410,23,4,1,15.85,1007.23,0,0
TXN001411,1752.68,UPI,Insufficient Funds,1238,19,3,0,52.24,655.76,0,0
TXN001412,1577.58,UPI,Bank Decline,1453,22,4,0,7.68,1753.69,0,0
TXN001413,5533.49,UPI,Insufficient Funds,99,13,4,1,22.76,1053.62,0,0
TXN001414,509.03,UPI,Insufficient Funds,147,15,4,4,18.48,1167.03,1,0
TXN001415,1143.73,Card,Bank Decline,361,19,3,1,5.05,4815.81,0,1
TXN001416,584.28,Net Banking,Bank Decline,1099,17,7,1,5.75,2106.29,0,0
TXN001417,273.7,UPI,Authentication Failed,588,13,5,0,9.31,424.15,1,1
TXN001418,2433.23,UPI,Bank Decline,889,16,6,1,3.89,692.37,0,1
TXN001419,1663.94,Card,Limit Exceeded,130,23,0,2,7.2,787.0,1,0
TXN001420,1415.6,Net Banking,Network Error,1449,14,3,0,15.24,708.02,0,0
TXN001421,1610.2,UPI,Expired Card,609,13,6,1,5.03,797.33,1,0
TXN001422,591.74,Card,Bank Decline,1371,16,9,0,6.09,2070.69,0,0
TXN001423,443.58,UPI,Authentication Failed,980,17,3,1,40.75,2226.98,1,1
TXN001424,1134.43,UPI,Network Error,311,26,1,2,11.49,3578.38,1,0
TXN001425,3118.45,Wallet,Limit Exceeded,809,23,3,0,22.18,1619.55,0,1
TXN001426,4662.32,Wallet,Bank Decline,1187,16,8,0,5.65,2345.95,1,0
TXN001427,2243.72,UPI,Insufficient Funds,1118,18,3,1,16.31,2206.49,1,1
TXN001428,1125.81,Wallet,Expired Card,1258,13,3,0,20.7,870.25,0,0
TXN001429,1398.01,Card,Insufficient Funds,943,21,3,1,6.51,689.39,0,1
TXN001430,1108.14,Net Banking,Network Error,371,18,6,3,10.36,4203.39,1,1
TXN001431,435.57,Card,Insufficient Funds,998,17,5,0,33.3,2542.28,0,0
TXN001432,1121.23,Card,Network Error,272,23,3,2,21.9,382.83,1,0
TXN001433,329.86,Card,Authentication Failed,90,13,4,1,40.4,949.93,1,0
TXN001434,980.76,Card,Bank Decline,1242,12,3,0,3.68,3340.26,0,1
TXN001435,4781.43,UPI,Limit Exceeded,1248,22,5,0,20.13,2449.0,0,1
TXN001436,2299.79,UPI,Network Error,859,24,4,1,0.28,810.69,1,1
TXN001437,477.8,UPI,Network Error,755,21,7,0,4.96,1500.35,0,0
TXN001438,1027.43,Card,Authentication Failed,157,11,1,0,1.09,700.85,0,1
TXN001439,517.53,UPI,Authentication Failed,692,20,4,1,25.45,686.69,0,0
TXN001440,1036.64,Card,Limit Exceeded,146,14,5,2,12.67,2609.05,0,0
TXN001441,2798.94,Wallet,Bank Decline,61,12,3,0,12.63,862.85,0,1
TXN001442,1973.78,UPI,Network Error,1171,18,3,1,9.39,1740.73,0,1
TXN001443,10257.14,Card,Bank Decline,80,17,2,1,1.06,3117.67,0,0
TXN001444,3207.44,Card,Bank Decline,1165,17,6,0,25.85,1470.13,1,1
TXN001445,1317.64,Net Banking,Network Error,1003,18,5,1,22.72,960.93,0,1
TXN001446,2017.14,UPI,Limit Exceeded,914,18,6,2,22.65,6158.77,0,1
TXN001447,913.97,Card,Authentication Failed,835,17,3,3,92.8,1709.11,0,0
TXN001448,397.52,Net Banking,Bank Decline,648,20,6,0,32.8,506.96,0,0
TXN001449,3551.76,Net Banking,Insufficient Funds,750,12,3,2,5.59,1432.06,0,0
TXN001450,2719.2,Card,Authentication Failed,32,21,4,2,2.83,2970.18,0,0
TXN001451,882.76,Card,Insufficient Funds,441,15,5,2,10.75,1403.0,0,0
TXN001452,1403.24,Card,Network Error,68,16,5,2,32.2,2416.51,0,0
TXN001453,3350.43,Net Banking,Insufficient Funds,1230,23,3,0,3.1,1157.55,0,1
TXN001454,2348.93,Card,Bank Decline,496,17,9,4,26.92,1131.16,0,0
TXN001455,293.89,UPI,Authentication Failed,499,21,6,1,50.46,852.74,0,0
TXN001456,1365.48,Net Banking,Insufficient Funds,685,24,4,0,2.69,363.0,0,0
TXN001457,943.06,Card,Bank Decline,474,24,3,0,20.68,1074.41,1,0
TXN001458,2986.03,Card,Bank Decline,1146,14,6,0,4.35,1972.48,0,1
TXN001459,2773.7,UPI,Authentication Failed,1401,10,2,2,97.94,962.44,1,0
TXN001460,3593.02,Card,Authentication Failed,657,23,6,2,39.96,623.96,0,0
TXN001461,400.97,UPI,Bank Decline,1262,15,1,0,8.36,2869.39,0,1
TXN001462,541.48,Card,Insufficient Funds,454,29,6,1,0.81,419.66,0,0
TXN001463,2988.94,UPI,Network Error,1244,23,4,0,0.83,856.82,0,0
TXN001464,643.88,Card,Bank Decline,214,23,3,1,12.21,446.34,1,0
TXN001465,278.86,Wallet,Expired Card,1008,12,5,2,56.87,1007.19,1,1
TXN001466,1771.07,UPI,Insufficient Funds,1132,24,3,0,33.7,1091.88,0,0
TXN001467,670.15,Wallet,Insufficient Funds,16,17,2,0,11.73,1427.94,1,1
TXN001468,5490.7,UPI,Expired Card,1153,19,3,0,4.39,5097.04,0,0
TXN001469,1431.63,Net Banking,Insufficient Funds,793,18,4,4,1.24,456.57,1,1
TXN001470,1266.78,Net Banking,Authentication Failed,10,20,2,2,8.75,502.69,1,1
TXN001471,786.57,Card,Insufficient Funds,473,16,4,0,30.51,603.84,0,1
TXN001472,4590.53,Card,Insufficient Funds,265,15,4,0,11.95,2345.17,0,1
TXN001473,1514.29,Net Banking,Authentication Failed,727,20,4,1,11.57,716.26,1,1
TXN001474,759.26,UPI,Bank Decline,293,17,6,0,11.63,196.89,0,1
TXN001475,536.64,UPI,Expired Card,37,22,3,1,4.27,924.46,0,1
TXN001476,1026.46,Card,Insufficient Funds,527,21,3,1,30.03,673.23,0,1
TXN001477,454.92,Net Banking,Network Error,722,13,4,0,25.19,630.56,0,1
TXN001478,2768.3,Card,Expired Card,130,19,0,0,6.4,1196.22,0,1
TXN001479,215.4,Net Banking,Bank Decline,928,13,2,1,3.65,2097.96,0,1
TXN001480,967.23,Card,Limit Exceeded,136,13,8,0,28.0,2625.86,1,0
TXN001481,1899.07,Net Banking,Network Error,752,18,5,1,68.13,328.25,0,0
TXN001482,1492.05,UPI,Bank Decline,522,11,4,4,2.69,2365.24,0,1
TXN001483,575.04,Card,Network Error,780,11,8,4,3.12,2036.75,0,0
TXN001484,1986.71,UPI,Network Error,957,15,5,0,16.06,896.56,0,1
TXN001485,494.01,UPI,Insufficient Funds,83,12,3,1,11.86,1597.61,1,0
TXN001486,1074.76,UPI,Bank Decline,1213,17,3,0,2.97,713.72,1,1
TXN001487,1971.71,UPI,Bank Decline,372,12,3,4,16.49,253.93,1,0
TXN001488,1663.4,Card,Bank Decline,298,19,1,0,0.42,968.05,1,1
TXN001489,597.33,UPI,Limit Exceeded,1419,9,4,1,12.23,1005.4,0,1
TXN001490,3221.96,Card,Network Error,163,11,2,0,2.22,334.09,1,0
TXN001491,1185.62,UPI,Authentication Failed,1130,21,1,0,8.61,1471.0,0,1
TXN001492,2140.29,UPI,Bank Decline,914,19,3,0,73.43,3482.48,0,1
TXN001493,4342.44,UPI,Bank Decline,924,19,5,3,8.27,1588.87,1,0
TXN001494,2998.2,UPI,Limit Exceeded,116,21,2,1,7.73,1235.03,1,0
TXN001495,3005.25,Card,Network Error,1300,21,8,4,10.25,2521.14,0,1
TXN001496,1304.29,Card,Network Error,144,19,2,0,14.46,3498.78,1,1
TXN001497,2240.7,Card,Insufficient Funds,1026,18,4,1,0.18,413.72,0,0
TXN001498,1329.07,Card,Bank Decline,70,14,6,0,30.5,550.63,0,0
TXN001499,369.3,UPI,Bank Decline,513,15,5,0,6.35,891.78,0,1
TXN001500,1440.1,Net Banking,Authentication Failed,846,24,5,2,33.78,1110.28,1,1
TXN001501,1381.22,Card,Bank Decline,1021,22,3,0,2.73,335.35,1,1
TXN001502,1854.47,Card,Authentication Failed,983,17,3,2,10.14,1884.56,1,0
TXN001503,977.31,UPI,Expired Card,795,16,7,0,79.49,799.86,1,0
TXN001504,552.63,UPI,Bank Decline,356,18,5,3,3.85,1393.64,0,0
TXN001505,1980.01,UPI,Network Error,153,18,3,3,12.91,837.8,1,1
TXN001506,336.32,UPI,Limit Exceeded,1365,18,3,2,6.99,3349.57,0,0
TXN001507,4076.27,Card,Authentication Failed,868,18,1,2,18.77,762.98,1,0
TXN001508,890.45,Card,Insufficient Funds,413,12,3,1,1.35,1029.59,1,1
TXN001509,1367.82,Card,Bank Decline,350,12,6,2,29.46,1562.55,0,0
TXN001510,1812.93,Card,Bank Decline,658,12,0,2,18.27,964.85,0,1
TXN001511,1866.12,Net Banking,Insufficient Funds,711,20,6,0,36.51,821.54,0,0
TXN001512,308.56,Card,Network Error,777,13,4,1,25.73,2645.21,0,1
TXN001513,2302.33,Wallet,Authentication Failed,1166,18,4,2,2.65,919.42,1,0
TXN001514,1440.63,UPI,Bank Decline,45,16,4,2,36.53,906.59,0,1
TXN001515,619.1,UPI,Limit Exceeded,1350,17,14,0,8.94,1092.04,0,0
TXN001516,558.53,UPI,Network Error,293,14,1,1,12.14,1294.64,1,1
TXN001517,811.88,Card,Bank Decline,974,17,6,0,1.12,1203.0,1,0
TXN001518,340.74,Net Banking,Insufficient Funds,1493,19,6,2,4.63,355.04,0,0
TXN001519,5166.96,UPI,Expired Card,897,17,4,2,6.19,2308.71,0,1
TXN001520,4177.78,Net Banking,Authentication Failed,668,23,3,0,29.45,805.9,0,1
TXN001521,1646.7,UPI,Expired Card,1382,22,8,0,11.6,2338.35,1,0
TXN001522,896.9,Net Banking,Insufficient Funds,1035,21,6,3,8.14,1379.76,0,1
TXN001523,918.37,UPI,Insufficient Funds,242,17,2,1,53.43,1284.54,0,0
TXN001524,2169.52,UPI,Insufficient Funds,242,22,2,1,4.87,397.06,1,0
TXN001525,5335.0,Card,Network Error,975,15,4,0,11.83,615.42,0,1
TXN001526,656.32,UPI,Limit Exceeded,507,15,1,0,5.39,631.72,0,1
TXN001527,401.08,UPI,Insufficient Funds,1135,21,3,0,4.8,859.77,0,0
TXN001528,4415.5,UPI,Limit Exceeded,1237,17,2,0,39.12,498.44,1,1
TXN001529,219.55,Net Banking,Network Error,245,24,4,0,14.89,1151.5,1,0
TXN001530,442.45,Card,Expired Card,835,16,3,0,0.0,3840.83,1,1
TXN001531,878.16,UPI,Authentication Failed,58,23,4,4,2.87,582.09,1,0
TXN001532,269.24,Card,Insufficient Funds,114,17,6,0,38.23,2872.43,1,0
TXN001533,2983.74,Card,Authentication Failed,1387,25,1,0,1.16,626.93,0,0
TXN001534,2371.35,UPI,Insufficient Funds,1063,23,5,1,40.3,315.57,1,1
TXN001535,653.72,UPI,Bank Decline,28,18,2,2,4.14,436.82,0,1
TXN001536,3469.11,UPI,Authentication Failed,313,31,5,1,71.93,684.03,0,1
TXN001537,4041.47,UPI,Authentication Failed,17,27,4,0,17.58,513.99,1,1
TXN001538,990.44,Card,Network Error,1472,16,4,2,71.29,1338.96,0,0
TXN001539,730.99,UPI,Network Error,568,21,2,0,13.07,727.99,0,0
TXN001540,8380.32,Card,Expired Card,204,22,3,2,27.52,3003.44,0,0
TXN001541,2098.64,Card,Limit Exceeded,1074,15,1,2,5.76,2500.5,1,1
TXN001542,1381.18,UPI,Insufficient Funds,1215,18,1,3,3.05,1159.56,0,0
TXN001543,3741.31,Card,Limit Exceeded,395,18,2,2,1.99,1303.85,0,1
TXN001544,1439.05,UPI,Network Error,557,8,5,0,7.26,541.88,0,1
TXN001545,695.72,Wallet,Bank Decline,1472,12,4,3,8.78,1032.68,0,0
TXN001546,1178.67,Card,Bank Decline,502,15,4,2,6.94,831.98,1,0
TXN001547,2792.77,Net Banking,Network Error,511,19,4,0,58.36,1469.87,0,1
TXN001548,182.55,Card,Authentication Failed,143,17,3,1,2.7,1737.8,0,1
TXN001549,846.21,UPI,Network Error,995,13,5,0,4.05,850.72,0,1
TXN001550,3807.59,Card,Authentication Failed,1309,15,8,1,4.11,2711.78,1,0
TXN001551,691.81,Wallet,Insufficient Funds,170,18,6,0,23.71,2446.43,1,1
TXN001552,4409.42,Card,Expired Card,858,22,3,0,19.8,1038.9,0,1
TXN001553,3917.74,Net Banking,Limit Exceeded,1053,14,5,1,3.51,5884.52,0,0
TXN001554,1033.83,Net Banking,Expired Card,717,14,4,1,0.47,1226.0,0,0
TXN001555,657.41,UPI,Network Error,513,6,2,0,0.73,1386.94,0,0
TXN001556,846.73,UPI,Network Error,692,17,7,0,5.02,1415.1,0,1
TXN001557,12066.07,Card,Authentication Failed,714,13,5,1,25.37,1523.98,0,1
TXN001558,5925.27,UPI,Limit Exceeded,1474,12,3,0,40.87,418.51,0,0
TXN001559,1227.64,Net Banking,Insufficient Funds,148,15,7,0,41.96,1044.37,1,1
TXN001560,634.39,Net Banking,Limit Exceeded,287,22,8,2,10.19,589.25,0,0
TXN001561,1218.45,UPI,Bank Decline,973,14,3,0,31.04,1056.02,1,1
TXN001562,1365.73,UPI,Bank Decline,1237,17,3,4,22.81,2098.49,1,0
TXN001563,358.16,Net Banking,Authentication Failed,308,25,5,2,1.35,2101.07,0,1
TXN001564,1178.55,UPI,Bank Decline,403,19,2,0,45.78,1364.68,0,1
TXN001565,3605.31,Net Banking,Limit Exceeded,324,17,6,0,14.08,1549.31,0,0
TXN001566,217.15,Card,Bank Decline,914,16,1,0,11.18,316.28,0,0
TXN001567,2307.51,Card,Insufficient Funds,886,22,2,0,15.9,857.69,1,1
TXN001568,3779.39,UPI,Network Error,864,18,8,1,3.51,551.51,1,1
TXN001569,662.15,Card,Insufficient Funds,1078,12,4,0,3.13,406.61,1,1
TXN001570,5037.97,Card,Limit Exceeded,679,19,2,3,10.3,924.49,0,0
TXN001571,589.16,Card,Bank Decline,981,12,4,0,15.36,2009.01,0,1
TXN001572,1631.04,UPI,Bank Decline,683,23,4,0,1.06,1182.57,1,1
TXN001573,832.06,Card,Insufficient Funds,1420,20,2,2,1.6,462.08,1,1
TXN001574,831.89,Net Banking,Bank Decline,385,28,4,0,50.7,1501.17,0,0
TXN001575,629.19,UPI,Limit Exceeded,223,19,2,1,7.95,1825.25,1,1
TXN001576,2056.41,UPI,Insufficient Funds,855,12,2,2,2.08,3713.37,0,0
TXN001577,2354.13,UPI,Expired Card,1281,6,1,0,2.9,233.41,0,1
TXN001578,1034.86,Card,Authentication Failed,874,21,4,0,9.07,748.68,1,1
TXN001579,322.48,Card,Expired Card,440,17,4,0,33.85,710.55,0,0
TXN001580,1576.33,Card,Limit Exceeded,762,17,2,0,7.64,2049.19,0,1
TXN001581,1603.29,UPI,Insufficient Funds,948,21,2,1,23.89,464.03,1,0
TXN001582,902.31,UPI,Bank Decline,1314,23,8,4,6.2,1432.71,1,1
TXN001583,5887.04,Card,Authentication Failed,713,17,5,1,10.62,1094.67,0,1
TXN001584,268.4,Card,Expired Card,1297,13,3,2,5.09,685.46,0,1
TXN001585,149.07,Wallet,Expired Card,605,12,4,0,23.79,829.97,0,1
TXN001586,568.07,UPI,Expired Card,1276,23,4,3,27.82,558.67,0,1
TXN001587,2078.46,Card,Bank Decline,1188,18,3,1,11.09,958.4,0,1
TXN001588,424.0,UPI,Insufficient Funds,1387,17,3,3,22.68,1089.54,0,1
TXN001589,453.56,Card,Limit Exceeded,242,16,4,2,6.96,682.1,0,1
TXN001590,2580.97,Card,Expired Card,1490,22,4,2,11.08,299.53,0,1
TXN001591,1662.86,Card,Network Error,106,17,2,0,37.55,2417.04,1,1
TXN001592,1539.72,Wallet,Authentication Failed,745,15,6,1,0.86,1217.95,0,0
TXN001593,2215.62,UPI,Bank Decline,125,16,4,0,10.99,1576.33,0,0
TXN001594,747.94,UPI,Bank Decline,1384,15,4,0,1.02,944.71,1,1
TXN001595,779.7,Card,Authentication Failed,714,23,2,1,10.19,1784.42,1,1
TXN001596,2272.88,Card,Limit Exceeded,94,15,2,2,13.25,318.49,0,1
TXN001597,326.88,UPI,Network Error,42,24,3,0,25.37,981.15,0,0
TXN001598,159.42,UPI,Insufficient Funds,320,15,7,3,6.57,678.75,1,0
TXN001599,742.52,UPI,Insufficient Funds,557,11,3,2,27.43,685.85,0,1
TXN001600,2534.59,Net Banking,Expired Card,1352,24,4,0,1.08,2083.66,0,0
TXN001601,1380.23,UPI,Bank Decline,433,14,5,0,4.67,411.0,0,1
TXN001602,2372.17,UPI,Limit Exceeded,523,13,2,0,16.71,2255.13,0,1
TXN001603,178.63,UPI,Authentication Failed,659,11,7,1,0.14,655.3,1,0
TXN001604,1456.73,UPI,Limit Exceeded,15,16,3,0,18.44,834.7,1,1
TXN001605,1975.3,UPI,Bank Decline,1389,17,2,0,22.85,1154.63,0,0
TXN001606,325.15,Card,Limit Exceeded,63,15,6,0,33.23,1176.68,1,0
TXN001607,2382.37,UPI,Bank Decline,289,16,2,0,25.92,1711.71,0,1
TXN001608,991.91,Net Banking,Insufficient Funds,1475,19,3,2,48.98,527.93,0,0
TXN001609,17399.61,UPI,Insufficient Funds,467,19,7,1,13.61,550.57,1,0
TXN001610,154.55,Card,Bank Decline,1389,31,6,0,24.45,1310.06,0,1
TXN001611,3760.11,Net Banking,Authentication Failed,600,19,6,1,30.04,775.45,0,1
TXN001612,769.13,Card,Bank Decline,936,18,2,0,18.12,855.19,0,1
TXN001613,255.84,Card,Insufficient Funds,71,16,8,0,47.97,447.99,0,1
TXN001614,682.48,UPI,Authentication Failed,1459,16,2,0,11.54,1229.12,0,1
TXN001615,1407.73,UPI,Insufficient Funds,861,15,4,0,4.59,599.75,0,0
TXN001616,2789.79,Card,Limit Exceeded,808,17,5,0,5.54,2381.35,0,1
TXN001617,5165.56,Wallet,Bank Decline,1487,22,6,2,8.0,446.82,1,1
TXN001618,3943.03,Card,Insufficient Funds,142,17,5,2,24.01,557.02,0,0
TXN001619,459.97,Card,Authentication Failed,768,23,6,3,14.64,692.43,0,1
TXN001620,3032.52,Card,Insufficient Funds,1016,13,2,0,49.11,1785.58,1,1
TXN001621,1559.56,Card,Network Error,1078,16,2,3,41.18,763.07,1,1
TXN001622,608.42,UPI,Bank Decline,618,12,3,0,11.01,335.08,0,1
TXN001623,906.22,Card,Insufficient Funds,856,23,4,1,9.07,1449.47,1,0
TXN001624,578.91,Wallet,Insufficient Funds,1224,15,3,1,63.39,1344.18,0,0
TXN001625,1133.86,UPI,Insufficient Funds,123,20,4,0,11.82,668.67,0,1
TXN001626,568.67,Card,Insufficient Funds,785,11,4,0,85.25,1751.13,1,0
TXN001627,434.76,UPI,Limit Exceeded,826,22,4,0,4.86,2722.18,0,0
TXN001628,1687.84,Card,Network Error,1029,22,4,0,39.81,695.46,0,1
TXN001629,1931.12,UPI,Bank Decline,1194,14,8,0,5.65,882.45,1,1
TXN001630,926.27,Card,Bank Decline,485,22,6,1,18.54,812.17,1,1
TXN001631,3755.16,Card,Authentication Failed,1317,13,5,0,126.7,1095.56,0,0
TXN001632,867.5,UPI,Authentication Failed,542,25,6,1,15.33,1577.81,0,0
TXN001633,835.06,Card,Expired Card,500,15,5,0,31.7,2638.16,0,1
TXN001634,1987.12,Net Banking,Authentication Failed,411,18,4,3,5.15,867.65,0,0
TXN001635,973.42,Net Banking,Bank Decline,102,27,3,2,14.96,1682.15,0,1
TXN001636,1183.6,UPI,Bank Decline,260,20,7,0,11.32,3814.4,0,0
TXN001637,113.48,UPI,Network Error,420,21,4,1,8.44,1339.17,0,0
TXN001638,1113.25,UPI,Network Error,590,14,4,2,1.14,411.66,0,1
TXN001639,211.77,Wallet,Network Error,1401,16,3,0,24.44,596.43,0,1
TXN001640,365.46,Net Banking,Bank Decline,582,21,3,0,67.7,1166.33,0,0
TXN001641,329.71,Card,Authentication Failed,249,18,4,4,17.55,5633.0,1,1
TXN001642,429.09,Net Banking,Limit Exceeded,645,18,7,2,1.44,1119.09,1,0
TXN001643,669.17,Card,Bank Decline,1403,21,8,0,19.72,1424.51,0,0
TXN001644,707.8,Card,Expired Card,45,11,7,1,115.98,3263.91,0,0
TXN001645,1993.9,UPI,Bank Decline,359,10,8,2,25.02,3888.83,0,1
TXN001646,1339.63,Card,Insufficient Funds,432,20,8,0,9.91,3425.7,0,0
TXN001647,198.15,UPI,Bank Decline,1107,12,5,0,69.2,1629.64,0,0
TXN001648,1182.0,Net Banking,Bank Decline,988,16,4,0,43.52,861.11,1,0
TXN001649,1460.35,Net Banking,Insufficient Funds,516,22,3,3,27.01,2972.84,0,0
TXN001650,815.9,Card,Limit Exceeded,146,20,4,1,48.15,2084.66,1,1
TXN001651,1038.16,UPI,Bank Decline,258,16,5,1,26.67,509.99,0,1
TXN001652,1301.51,UPI,Network Error,675,15,7,0,67.89,1102.96,0,0
TXN001653,2182.31,UPI,Insufficient Funds,323,24,5,0,25.56,999.02,0,0
TXN001654,265.76,UPI,Insufficient Funds,426,22,3,2,2.89,495.39,0,0
TXN001655,880.17,UPI,Authentication Failed,885,11,5,1,1.88,754.5,0,0
TXN001656,4262.04,Net Banking,Network Error,755,22,9,0,5.09,1099.12,1,0
TXN001657,3924.5,Card,Authentication Failed,1105,12,3,2,2.66,856.58,1,0
TXN001658,2358.65,UPI,Authentication Failed,904,20,4,1,14.96,1611.81,0,0
TXN001659,1777.82,UPI,Bank Decline,1059,13,6,0,19.46,566.69,0,0
TXN001660,4861.84,Card,Bank Decline,1071,15,2,0,2.4,818.71,0,0
TXN001661,6161.42,Card,Authentication Failed,547,14,5,0,0.13,604.62,1,1
TXN001662,976.36,Card,Authentication Failed,1130,17,4,0,21.5,389.23,0,1
TXN001663,458.29,Net Banking,Network Error,1350,19,5,2,0.93,793.24,0,1
TXN001664,859.83,Card,Limit Exceeded,576,16,3,0,23.0,661.87,0,1
TXN001665,17801.29,Wallet,Limit Exceeded,729,15,2,1,1.32,1833.83,0,1
TXN001666,267.09,Net Banking,Bank Decline,1007,28,3,0,59.53,1419.99,0,1
TXN001667,718.03,UPI,Network Error,882,17,1,0,5.17,1352.64,0,1
TXN001668,307.53,Net Banking,Limit Exceeded,195,22,10,0,1.26,1172.76,1,1
TXN001669,1226.95,UPI,Expired Card,456,21,2,0,17.51,692.42,0,0
TXN001670,371.51,Net Banking,Insufficient Funds,100,22,4,0,23.08,471.51,1,1
TXN001671,994.38,UPI,Bank Decline,1211,26,4,0,46.42,1383.67,0,0
TXN001672,189.6,Net Banking,Insufficient Funds,1351,16,3,0,31.45,293.91,0,0
TXN001673,1911.91,Net Banking,Bank Decline,289,16,5,2,5.95,599.8,0,1
TXN001674,3294.83,Net Banking,Authentication Failed,1421,10,2,1,4.02,1712.97,0,0
TXN001675,776.23,Net Banking,Insufficient Funds,1351,17,5,0,6.56,789.52,1,0
TXN001676,971.05,UPI,Insufficient Funds,576,13,8,0,4.98,2123.96,0,0
TXN001677,946.65,UPI,Bank Decline,31,12,5,0,22.92,2461.07,0,0
TXN001678,1290.54,UPI,Network Error,266,11,3,2,21.59,1002.96,0,0
TXN001679,1059.6,UPI,Network Error,503,17,3,2,14.78,2388.42,0,1
TXN001680,2189.23,Card,Insufficient Funds,1243,17,3,2,1.31,499.09,1,1
TXN001681,3326.7,UPI,Insufficient Funds,121,23,3,0,55.18,353.26,1,1
TXN001682,527.07,Wallet,Bank Decline,458,17,3,0,7.75,914.21,0,0
TXN001683,830.15,Card,Network Error,706,16,6,0,30.32,3032.9,0,1
TXN001684,2468.73,Net Banking,Bank Decline,778,11,3,1,28.72,893.76,0,0
TXN001685,305.06,UPI,Authentication Failed,391,22,9,1,6.34,2350.7,0,1
TXN001686,186.11,Net Banking,Bank Decline,619,14,5,4,5.14,1813.58,1,0
TXN001687,1344.37,Net Banking,Insufficient Funds,1448,17,6,1,13.79,2194.68,0,1
TXN001688,1714.22,Card,Expired Card,995,21,5,0,7.97,680.03,0,0
TXN001689,572.45,Card,Bank Decline,225,16,5,1,45.44,1981.89,0,1
TXN001690,651.46,Card,Expired Card,886,21,6,1,43.87,238.06,0,1
TXN001691,553.26,UPI,Bank Decline,563,19,5,0,26.59,1391.79,0,0
TXN001692,502.59,Card,Network Error,1093,19,1,0,0.38,1659.92,0,1
TXN001693,2047.03,UPI,Limit Exceeded,356,14,2,1,33.65,1093.46,0,0
TXN001694,379.01,UPI,Authentication Failed,396,16,4,0,19.2,3615.1,0,1
TXN001695,863.53,UPI,Bank Decline,810,17,8,2,13.37,2931.06,1,1
TXN001696,485.51,UPI,Bank Decline,383,12,3,3,8.91,1492.65,0,1
TXN001697,295.96,UPI,Bank Decline,877,16,2,0,17.25,555.45,0,1
TXN001698,2399.85,UPI,Authentication Failed,72,23,4,1,5.33,627.5,0,1
TXN001699,686.88,Wallet,Authentication Failed,1149,19,8,0,15.44,1033.52,0,0
TXN001700,1299.32,Card,Insufficient Funds,752,16,2,1,18.95,2530.83,0,0
TXN001701,282.23,Wallet,Insufficient Funds,14,10,4,1,20.31,955.32,0,0
TXN001702,562.42,Card,Network Error,33,20,6,0,9.83,526.6,0,0
TXN001703,2165.66,UPI,Insufficient Funds,296,12,8,3,1.3,2061.6,1,0
TXN001704,11254.74,Card,Bank Decline,34,11,4,0,9.75,3999.97,1,1
TXN001705,185.19,Card,Insufficient Funds,1189,23,2,0,41.71,342.96,0,0
TXN001706,915.07,UPI,Expired Card,1175,17,8,0,13.86,746.16,0,1
TXN001707,1589.31,Card,Authentication Failed,473,20,1,4,0.72,2263.6,0,0
TXN001708,629.87,UPI,Authentication Failed,114,28,3,2,8.43,1262.29,1,0
TXN001709,2355.64,Card,Bank Decline,897,19,2,1,17.22,2550.14,0,0
TXN001710,502.67,Card,Network Error,445,21,4,2,5.92,674.92,0,1
TXN001711,1259.49,UPI,Authentication Failed,209,12,4,1,3.74,645.33,1,0
TXN001712,685.49,UPI,Insufficient Funds,783,21,5,1,15.53,1109.52,0,0
TXN001713,3286.2,Net Banking,Expired Card,996,7,9,3,16.84,812.8,0,0
TXN001714,596.61,Card,Bank Decline,307,20,2,1,11.06,985.09,0,1
TXN001715,798.96,UPI,Insufficient Funds,444,18,3,0,1.75,890.49,1,1
TXN001716,2568.61,Wallet,Bank Decline,1041,13,6,3,24.15,191.42,0,1
TXN001717,434.75,UPI,Insufficient Funds,843,21,5,0,25.38,900.55,1,1
TXN001718,1166.63,Card,Expired Card,613,16,3,3,8.92,989.1,1,0
TXN001719,212.67,Wallet,Bank Decline,648,19,5,4,0.16,1452.83,0,0
TXN001720,411.93,UPI,Bank Decline,1133,18,3,0,18.26,1049.89,0,1
TXN001721,1546.76,UPI,Insufficient Funds,116,23,3,0,68.71,510.4,0,0
TXN001722,449.61,UPI,Authentication Failed,649,18,4,2,12.01,527.07,0,0
TXN001723,671.75,UPI,Network Error,709,26,8,0,20.95,1235.13,0,1
TXN001724,1709.19,UPI,Network Error,1123,19,3,2,13.49,519.19,1,1
TXN001725,651.15,Card,Network Error,807,18,5,0,4.88,248.79,0,1
TXN001726,2299.75,UPI,Bank Decline,876,21,2,0,7.49,1753.91,0,1
TXN001727,1331.55,Card,Insufficient Funds,925,20,4,1,58.2,989.0,0,0
TXN001728,1623.14,Wallet,Limit Exceeded,855,13,2,0,16.28,1794.97,0,1
TXN001729,3350.51,Net Banking,Insufficient Funds,513,17,4,0,3.75,1240.04,0,1
TXN001730,1462.41,Card,Insufficient Funds,183,14,3,1,0.92,542.38,1,1
TXN001731,4380.69,UPI,Expired Card,1469,9,3,0,0.99,514.75,0,0
TXN001732,2490.24,Card,Insufficient Funds,674,18,4,0,12.5,2031.54,1,0
TXN001733,684.64,Card,Bank Decline,517,22,3,1,2.0,1895.89,1,1
TXN001734,3511.62,Card,Network Error,115,23,3,1,32.18,880.85,0,0
TXN001735,1390.58,UPI,Bank Decline,878,17,5,1,7.54,539.76,0,0
TXN001736,768.77,Net Banking,Expired Card,1102,18,6,0,8.72,1730.08,0,1
TXN001737,1408.88,Card,Network Error,495,18,7,2,7.6,363.67,0,0
TXN001738,2984.22,UPI,Expired Card,739,25,3,0,13.78,882.07,1,0
TXN001739,1651.67,UPI,Expired Card,287,19,3,0,113.68,2463.79,1,0
TXN001740,5654.2,UPI,Bank Decline,909,21,1,0,40.85,1029.26,0,1
TXN001741,2915.74,Net Banking,Bank Decline,1244,23,3,1,4.75,794.16,0,1
TXN001742,1756.09,Card,Bank Decline,1487,16,2,0,41.0,662.73,0,0
TXN001743,435.52,Card,Bank Decline,424,18,4,0,15.71,1124.41,1,1
TXN001744,932.85,UPI,Authentication Failed,760,17,8,1,23.65,2357.6,0,0
TXN001745,1169.69,UPI,Limit Exceeded,668,18,4,1,13.23,1189.03,1,1
TXN001746,2052.82,Card,Insufficient Funds,1353,19,1,0,19.47,1633.47,1,0
TXN001747,1946.13,UPI,Insufficient Funds,1208,21,3,1,8.95,1814.51,0,1
TXN001748,1277.41,UPI,Insufficient Funds,694,10,3,2,5.97,2848.67,1,0
TXN001749,1222.09,Card,Bank Decline,110,18,4,0,12.6,612.95,0,1
TXN001750,2097.31,UPI,Insufficient Funds,1149,14,1,2,11.61,1990.78,0,1
TXN001751,506.37,Card,Network Error,718,15,3,2,9.06,2117.25,1,0
TXN001752,5044.05,UPI,Authentication Failed,588,18,3,1,28.0,376.68,1,1
TXN001753,173.74,UPI,Limit Exceeded,63,16,5,0,22.74,853.45,1,1
TXN001754,4063.78,UPI,Insufficient Funds,1439,18,5,3,6.09,1530.18,0,0
TXN001755,1052.93,Wallet,Bank Decline,584,19,4,0,3.96,1050.69,0,1
TXN001756,2703.55,Net Banking,Network Error,1088,24,4,1,0.09,1591.86,1,1
TXN001757,1521.51,Wallet,Limit Exceeded,123,23,2,1,70.16,1678.93,0,0
TXN001758,1497.32,Card,Limit Exceeded,1455,16,7,0,7.8,1030.31,1,1
TXN001759,1805.93,UPI,Authentication Failed,825,20,1,2,17.06,725.23,0,1
TXN001760,2271.39,Card,Network Error,1051,22,1,1,24.78,926.43,0,0
TXN001761,815.7,Card,Expired Card,85,14,3,1,4.15,494.0,1,0
TXN001762,2783.1,Net Banking,Insufficient Funds,565,13,2,0,19.82,433.39,0,1
TXN001763,413.22,UPI,Network Error,892,14,5,0,2.18,1660.05,0,1
TXN001764,1091.38,Card,Bank Decline,114,21,1,0,1.83,1959.33,1,1
TXN001765,2327.09,UPI,Bank Decline,805,25,5,0,6.5,503.6,1,1
TXN001766,2685.21,UPI,Expired Card,1301,29,4,1,6.95,1490.09,0,0
TXN001767,1660.23,Card,Bank Decline,694,15,5,0,3.57,1296.51,0,1
TXN001768,769.66,Card,Insufficient Funds,76,19,1,0,11.34,419.83,0,0
TXN001769,2457.84,UPI,Insufficient Funds,393,16,3,2,17.3,3872.73,1,0
TXN001770,600.38,UPI,Insufficient Funds,1196,15,9,0,47.0,935.18,1,1
TXN001771,5304.27,Card,Insufficient Funds,861,16,4,0,21.8,1422.84,1,1
TXN001772,1016.17,Net Banking,Insufficient Funds,1088,13,4,0,13.31,1351.65,0,1
TXN001773,274.33,Net Banking,Bank Decline,1481,15,5,1,13.95,1139.3,0,1
TXN001774,374.2,Wallet,Bank Decline,251,16,5,1,15.38,1529.13,1,0
TXN001775,1140.57,Net Banking,Authentication Failed,1075,27,5,0,6.11,2950.44,1,1
TXN001776,1243.7,UPI,Bank Decline,690,12,4,0,24.6,4080.63,0,1
TXN001777,6455.52,Card,Insufficient Funds,1413,13,4,4,19.08,1268.43,0,0
TXN001778,430.67,Card,Network Error,791,15,2,0,12.07,1355.18,1,0
TXN001779,1136.28,UPI,Authentication Failed,77,21,4,2,4.33,4019.77,0,0
TXN001780,422.64,Net Banking,Expired Card,1269,17,6,3,34.16,1076.28,0,0
TXN001781,703.88,UPI,Bank Decline,114,17,5,0,3.97,620.69,1,1
TXN001782,4991.91,Net Banking,Network Error,1238,17,4,1,3.96,786.22,0,1
TXN001783,394.37,Card,Expired Card,728,12,3,2,2.85,1023.65,0,1
TXN001784,1860.01,Card,Expired Card,308,18,5,0,101.21,760.76,0,1
TXN001785,1561.83,Card,Expired Card,1460,15,8,0,5.05,2604.1,0,1
TXN001786,1073.03,Net Banking,Authentication Failed,1378,23,2,1,34.3,715.77,0,1
TXN001787,1750.21,Card,Authentication Failed,1137,16,1,1,0.64,472.82,1,1
TXN001788,386.06,Card,Network Error,534,17,6,4,22.12,1106.15,1,1
TXN001789,4869.23,UPI,Bank Decline,1436,20,4,0,0.55,1836.32,1,0
TXN001790,6200.35,Card,Expired Card,958,19,6,3,17.62,1769.55,0,1
TXN001791,1144.12,UPI,Limit Exceeded,262,14,4,4,5.57,911.24,0,0
TXN001792,9708.87,Card,Insufficient Funds,1331,26,6,0,1.28,1035.36,0,1
TXN001793,765.76,Card,Authentication Failed,960,21,1,0,5.77,1112.34,0,1
TXN001794,1572.45,Card,Insufficient Funds,930,11,4,4,2.39,539.61,1,0
TXN001795,3978.66,UPI,Network Error,1175,20,4,3,4.47,898.8,1,1
TXN001796,725.53,UPI,Authentication Failed,568,18,4,0,20.92,532.3,1,0
TXN001797,316.27,Card,Bank Decline,366,16,7,0,32.22,423.09,0,1
TXN001798,257.1,UPI,Network Error,1220,16,3,1,10.38,3036.62,0,1
TXN001799,7007.55,UPI,Insufficient Funds,302,18,4,0,9.72,739.79,1,1
TXN001800,681.21,UPI,Bank Decline,99,16,1,0,11.16,1229.25,1,1
TXN001801,927.82,Wallet,Insufficient Funds,1160,23,5,0,11.46,1294.39,0,0
TXN001802,402.83,Card,Bank Decline,867,15,2,0,4.82,1350.42,0,1
TXN001803,2574.74,UPI,Bank Decline,996,21,6,0,81.28,1965.67,0,0
TXN001804,542.72,UPI,Authentication Failed,490,15,5,1,19.86,641.8,0,1
TXN001805,704.76,UPI,Authentication Failed,882,20,1,2,26.75,1403.34,1,0
TXN001806,1435.93,Net Banking,Insufficient Funds,1439,19,4,1,10.51,1364.22,1,1
TXN001807,420.88,Card,Expired Card,347,18,3,0,25.75,1479.17,0,0
TXN001808,933.81,UPI,Insufficient Funds,1244,9,3,1,20.7,1050.75,0,1
TXN001809,3873.79,UPI,Insufficient Funds,336,15,4,2,31.59,1352.38,0,0
TXN001810,1612.32,UPI,Insufficient Funds,805,19,4,1,0.81,1623.25,1,1
TXN001811,1233.35,Card,Authentication Failed,1205,15,5,2,0.83,1545.67,0,1
TXN001812,1330.59,Card,Authentication Failed,1474,19,7,0,15.16,1210.59,0,1
TXN001813,772.61,UPI,Insufficient Funds,207,26,3,3,8.57,4750.91,1,0
TXN001814,6611.31,UPI,Insufficient Funds,749,23,5,1,29.21,513.28,1,1
TXN001815,527.98,UPI,Bank Decline,104,16,7,1,3.26,850.47,0,1
TXN001816,1325.88,Wallet,Network Error,1133,14,5,0,5.19,1137.64,0,0
TXN001817,1216.24,UPI,Network Error,1181,17,2,1,9.82,748.58,1,1
TXN001818,2718.64,Card,Bank Decline,1298,17,5,0,40.37,777.3,1,1
TXN001819,2959.74,Card,Limit Exceeded,845,12,5,0,2.56,462.14,1,0
TXN001820,1065.48,UPI,Bank Decline,358,18,4,1,26.93,627.02,1,1
TXN001821,1424.53,UPI,Authentication Failed,473,18,2,1,80.52,779.09,1,1
TXN001822,1473.92,UPI,Expired Card,1308,18,4,1,24.96,951.56,1,1
TXN001823,141.89,Card,Bank Decline,1046,19,3,1,14.38,1112.87,1,1
TXN001824,262.41,Net Banking,Limit Exceeded,462,16,4,2,14.71,500.13,1,1
TXN001825,636.16,Card,Limit Exceeded,1209,10,1,2,3.23,599.86,1,1
TXN001826,661.53,Card,Bank Decline,1164,17,5,3,10.41,1111.87,0,0
TXN001827,372.65,UPI,Bank Decline,264,23,4,3,13.6,1317.09,1,1
TXN001828,2153.01,Wallet,Authentication Failed,68,16,3,1,12.42,1141.88,1,1
TXN001829,1098.73,Net Banking,Insufficient Funds,488,21,2,0,2.13,530.33,1,0
TXN001830,903.95,UPI,Insufficient Funds,1006,18,3,0,2.96,869.22,1,0
TXN001831,354.06,Wallet,Bank Decline,641,16,2,3,5.22,1103.27,1,1
TXN001832,1053.54,Card,Limit Exceeded,1072,23,5,0,13.27,1228.43,0,0
TXN001833,103.13,Card,Limit Exceeded,1403,20,2,2,3.15,1516.03,0,0
TXN001834,947.04,Card,Authentication Failed,1403,20,6,0,5.88,879.5,1,1
TXN001835,1160.8,Net Banking,Network Error,1329,14,3,0,7.53,964.48,1,1
TXN001836,1363.38,Card,Insufficient Funds,1082,15,5,0,19.92,941.39,0,0
TXN001837,268.35,UPI,Network Error,1409,19,2,2,7.3,1330.33,0,0
TXN001838,1342.56,UPI,Limit Exceeded,922,21,0,0,21.53,1237.5,1,1
TXN001839,429.54,Net Banking,Insufficient Funds,318,18,7,4,2.95,679.98,0,1
TXN001840,527.83,UPI,Insufficient Funds,585,12,5,2,6.0,1014.6,0,0
TXN001841,2092.55,UPI,Insufficient Funds,65,18,4,1,9.9,2593.05,0,1
TXN001842,6719.05,Card,Network Error,310,13,6,2,5.56,1645.6,0,1
TXN001843,1148.51,Card,Authentication Failed,41,27,11,2,3.66,232.94,0,0
TXN001844,525.64,Card,Expired Card,654,26,7,3,64.56,1602.15,1,0
TXN001845,1299.59,Net Banking,Authentication Failed,1017,26,5,0,19.23,896.57,0,0
TXN001846,2553.26,UPI,Insufficient Funds,499,22,5,2,0.39,4019.36,0,1
TXN001847,1917.73,UPI,Authentication Failed,497,13,4,0,3.73,2217.49,0,1
TXN001848,12949.36,UPI,Limit Exceeded,227,9,3,3,19.42,1367.61,0,1
TXN001849,576.05,Net Banking,Bank Decline,129,17,3,0,7.88,1708.95,1,0
TXN001850,1376.1,Card,Authentication Failed,713,8,4,0,12.82,3588.54,0,1
TXN001851,4420.58,UPI,Bank Decline,1132,13,10,1,28.94,1310.84,1,0
TXN001852,4177.81,Net Banking,Authentication Failed,893,15,2,2,2.21,415.93,1,0
TXN001853,189.6,Net Banking,Authentication Failed,1343,17,3,0,18.45,1355.64,1,0
TXN001854,1093.32,Net Banking,Limit Exceeded,500,18,5,0,12.11,1321.49,0,1
TXN001855,4171.66,Net Banking,Network Error,765,22,3,2,4.61,1380.59,0,1
TXN001856,14788.11,UPI,Insufficient Funds,1229,21,5,2,7.0,679.68,0,1
TXN001857,2066.1,Card,Network Error,639,14,0,1,0.52,1649.29,0,0
TXN001858,787.55,Card,Bank Decline,336,17,2,1,71.68,1571.76,1,0
TXN001859,442.18,Net Banking,Limit Exceeded,978,20,2,0,2.46,498.71,1,0
TXN001860,8077.75,Card,Limit Exceeded,1357,19,4,1,24.69,748.36,0,0
TXN001861,2113.01,Net Banking,Authentication Failed,16,18,0,0,10.38,1143.39,1,0
TXN001862,511.19,Card,Insufficient Funds,133,21,8,0,11.36,1064.85,1,1
TXN001863,913.39,UPI,Limit Exceeded,991,16,7,0,16.14,448.21,1,0
TXN001864,1449.78,Card,Authentication Failed,675,18,4,0,43.7,1169.42,0,0
TXN001865,1789.02,Wallet,Limit Exceeded,237,19,2,0,14.8,993.55,0,0
TXN001866,488.01,Net Banking,Insufficient Funds,1045,19,6,3,29.23,665.35,1,0
TXN001867,630.95,UPI,Insufficient Funds,493,16,3,3,33.2,864.25,0,1
TXN001868,247.73,UPI,Insufficient Funds,448,18,1,0,18.87,603.8,0,1
TXN001869,2795.56,UPI,Network Error,884,20,3,3,18.32,1191.11,1,1
TXN001870,806.37,Card,Network Error,280,12,6,3,35.75,535.2,0,0
TXN001871,1668.52,Net Banking,Authentication Failed,624,17,1,0,0.95,1150.25,0,0
TXN001872,3944.32,UPI,Bank Decline,1033,17,2,1,18.24,1461.82,0,1
TXN001873,1336.6,Card,Bank Decline,332,11,2,0,13.26,559.27,0,0
TXN001874,990.62,Net Banking,Network Error,259,17,6,1,5.56,596.87,0,1
TXN001875,1305.75,Card,Limit Exceeded,1085,19,3,0,27.39,1926.48,1,0
TXN001876,1160.81,Card,Authentication Failed,892,23,1,2,6.34,1416.47,0,0
TXN001877,3366.23,Card,Limit Exceeded,454,18,1,2,27.19,3071.33,1,0
TXN001878,1450.63,Card,Bank Decline,1327,17,3,0,43.85,1191.45,0,0
TXN001879,671.85,UPI,Expired Card,379,12,7,0,15.28,1213.08,0,0
TXN001880,2815.98,Card,Authentication Failed,475,22,2,0,29.3,1664.89,0,0
TXN001881,3319.06,Card,Network Error,766,27,5,0,5.44,593.96,0,1
TXN001882,328.82,Net Banking,Insufficient Funds,1166,20,5,0,3.06,968.95,0,0
TXN001883,4356.85,Card,Insufficient Funds,839,27,1,0,15.08,1878.45,0,1
TXN001884,1522.7,Card,Insufficient Funds,1276,15,5,3,9.99,1468.66,0,1
TXN001885,1415.08,UPI,Expired Card,76,19,4,3,9.93,482.84,0,1
TXN001886,2713.41,Card,Insufficient Funds,487,18,5,0,2.46,877.66,1,1
TXN001887,658.34,UPI,Bank Decline,536,13,3,0,49.81,1871.03,0,0
TXN001888,2588.28,UPI,Bank Decline,496,9,6,0,2.06,1369.83,1,0
TXN001889,781.26,Card,Network Error,509,15,2,1,6.2,1613.39,0,0
TXN001890,290.77,Wallet,Bank Decline,1015,23,4,0,11.51,247.03,1,0
TXN001891,446.76,UPI,Expired Card,123,20,4,2,24.46,1891.65,0,1
TXN001892,1826.8,UPI,Insufficient Funds,1287,19,7,0,17.8,681.73,1,1
TXN001893,468.29,Net Banking,Insufficient Funds,613,10,8,0,1.34,877.0,0,1
TXN001894,4670.72,UPI,Network Error,925,15,2,0,0.84,555.27,0,1
TXN001895,3198.24,Card,Bank Decline,910,21,6,2,15.24,740.74,0,0
TXN001896,3641.3,Card,Bank Decline,434,18,2,2,0.22,622.15,0,1
TXN001897,1226.97,Card,Insufficient Funds,1145,17,3,0,14.92,1523.75,1,0
TXN001898,1383.09,UPI,Authentication Failed,500,23,5,4,3.62,3412.58,0,1
TXN001899,374.53,UPI,Expired Card,68,21,1,0,3.79,3254.32,0,1
TXN001900,2687.07,Net Banking,Insufficient Funds,503,14,7,0,3.55,516.64,0,1
TXN001901,1543.57,Card,Insufficient Funds,642,15,5,1,26.82,927.98,0,1
TXN001902,1827.26,UPI,Authentication Failed,86,13,9,1,11.56,219.32,0,1
TXN001903,5011.45,Card,Expired Card,491,16,3,0,4.32,1347.41,0,1
TXN001904,635.64,UPI,Bank Decline,1052,12,5,1,1.17,807.18,1,1
TXN001905,978.94,Card,Expired Card,601,14,1,3,10.57,2158.79,1,0
TXN001906,1471.45,UPI,Limit Exceeded,1354,17,3,1,13.55,1282.17,0,0
TXN001907,472.53,Wallet,Limit Exceeded,267,18,5,4,16.19,377.56,0,1
TXN001908,926.27,UPI,Network Error,135,13,4,3,1.64,753.76,1,1
TXN001909,1708.98,UPI,Bank Decline,632,20,3,1,8.44,1445.29,0,1
TXN001910,818.21,UPI,Insufficient Funds,290,13,1,1,7.61,781.42,1,0
TXN001911,3562.05,UPI,Authentication Failed,1077,13,3,1,7.2,1549.56,0,0
TXN001912,281.51,Net Banking,Network Error,1218,18,3,2,39.5,371.22,0,0
TXN001913,3012.41,Wallet,Insufficient Funds,25,13,3,2,8.11,801.37,0,0
TXN001914,1988.36,UPI,Authentication Failed,605,25,1,1,18.26,2166.52,1,1
TXN001915,657.24,Card,Authentication Failed,660,16,8,2,38.51,531.78,1,1
TXN001916,477.25,Card,Authentication Failed,769,20,8,0,0.09,955.32,0,1
TXN001917,168.64,Net Banking,Authentication Failed,844,20,6,1,24.35,2437.91,1,0
TXN001918,536.11,Card,Authentication Failed,1038,21,3,3,18.93,902.63,1,1
TXN001919,2814.27,UPI,Bank Decline,1067,28,6,0,43.36,1340.09,0,1
TXN001920,1042.65,UPI,Limit Exceeded,78,12,4,2,10.91,1939.25,0,0
TXN001921,3123.42,Card,Limit Exceeded,1411,19,4,1,56.64,429.01,1,0
TXN001922,627.73,UPI,Bank Decline,1296,18,2,0,11.26,989.17,0,1
TXN001923,2072.26,Card,Insufficient Funds,1097,17,3,0,1.22,2669.43,1,0
TXN001924,574.93,UPI,Authentication Failed,659,12,3,1,26.22,962.78,1,0
TXN001925,459.89,Net Banking,Bank Decline,70,15,2,1,0.43,2078.18,0,1
TXN001926,995.84,UPI,Authentication Failed,36,16,5,1,61.02,732.33,0,1
TXN001927,602.77,Card,Insufficient Funds,563,24,4,0,0.01,1017.25,0,0
TXN001928,273.54,Card,Insufficient Funds,652,19,3,2,21.95,4609.05,1,0
TXN001929,930.68,Card,Bank Decline,1046,24,5,0,1.98,1978.35,1,1
TXN001930,1206.88,UPI,Bank Decline,284,13,5,4,12.6,1875.63,1,1
TXN001931,3434.14,Card,Expired Card,283,14,3,0,2.33,1629.75,1,0
TXN001932,2548.16,Card,Network Error,227,18,8,1,15.35,998.11,0,0
TXN001933,3287.72,Card,Insufficient Funds,1223,16,2,2,14.72,1426.49,1,0
TXN001934,2097.12,Card,Insufficient Funds,676,21,1,0,1.27,825.95,0,0
TXN001935,1479.34,Card,Bank Decline,1054,17,5,1,2.85,347.48,0,1
TXN001936,362.84,Net Banking,Insufficient Funds,838,24,3,0,22.53,1449.15,1,1
TXN001937,1254.99,UPI,Limit Exceeded,147,13,6,0,19.73,6341.57,0,0
TXN001938,1876.41,Net Banking,Bank Decline,740,18,3,0,6.17,362.41,1,1
TXN001939,4071.2,Card,Insufficient Funds,32,15,0,0,3.63,437.87,0,1
TXN001940,2033.8,UPI,Network Error,104,17,5,1,20.29,577.28,1,1
TXN001941,3348.76,UPI,Insufficient Funds,282,21,2,4,13.86,2422.37,1,0
TXN001942,433.2,UPI,Insufficient Funds,579,16,2,1,5.22,960.3,1,1
TXN001943,817.48,Net Banking,Bank Decline,898,19,3,1,69.3,819.87,0,1
TXN001944,1613.91,Card,Authentication Failed,1273,12,6,0,8.55,1271.05,1,0
TXN001945,3117.72,Net Banking,Authentication Failed,439,25,3,0,20.88,1025.33,0,0
TXN001946,962.27,Card,Limit Exceeded,15,16,5,2,38.73,1523.65,0,1
TXN001947,1018.21,Card,Bank Decline,902,20,5,0,55.18,1224.87,0,0
TXN001948,2035.36,UPI,Bank Decline,875,24,8,1,40.76,212.31,0,0
TXN001949,398.11,UPI,Network Error,939,23,3,2,16.14,1581.2,0,1
TXN001950,4659.5,Card,Expired Card,278,13,3,0,4.23,592.22,0,1
TXN001951,497.09,UPI,Authentication Failed,38,12,1,2,47.15,569.45,1,1
TXN001952,195.05,UPI,Insufficient Funds,858,10,7,3,67.98,938.03,1,0
TXN001953,1106.61,Card,Insufficient Funds,611,13,6,1,0.11,335.26,0,1
TXN001954,5057.43,Card,Expired Card,1158,24,3,0,43.54,1273.8,0,0
TXN001955,1859.03,Wallet,Limit Exceeded,23,20,4,1,39.16,1509.77,0,1
TXN001956,2155.94,Net Banking,Limit Exceeded,307,16,2,2,10.79,2235.97,1,1
TXN001957,1138.25,Card,Expired Card,48,21,5,1,28.47,1013.4,1,1
TXN001958,956.1,Card,Authentication Failed,58,12,4,1,53.84,610.86,0,1
TXN001959,273.03,Card,Network Error,194,16,5,0,6.65,525.26,0,0
TXN001960,143.53,Net Banking,Authentication Failed,157,21,4,0,11.44,1574.23,0,1
TXN001961,1308.51,UPI,Authentication Failed,1274,19,5,0,2.71,809.39,0,1
TXN001962,3573.48,UPI,Limit Exceeded,1157,20,6,1,6.22,216.11,1,1
TXN001963,1494.76,Net Banking,Bank Decline,415,13,5,1,38.79,848.84,1,1
TXN001964,1922.23,UPI,Insufficient Funds,350,19,2,0,3.56,2245.62,1,1
TXN001965,4561.22,Card,Network Error,597,28,6,1,51.27,2553.14,0,1
TXN001966,1474.23,Card,Bank Decline,1128,17,4,1,14.73,624.01,0,0
TXN001967,982.02,UPI,Authentication Failed,1098,16,4,1,21.9,690.3,0,0
TXN001968,524.96,UPI,Insufficient Funds,852,20,2,1,8.98,912.3,0,0
TXN001969,6768.21,UPI,Bank Decline,906,16,3,0,4.8,759.18,0,0
TXN001970,1761.45,UPI,Limit Exceeded,34,19,6,0,11.85,2453.99,0,1
TXN001971,469.07,UPI,Insufficient Funds,1059,20,5,0,6.55,1099.9,0,1
TXN001972,382.2,Net Banking,Bank Decline,640,14,3,0,13.21,1357.06,1,1
TXN001973,3387.19,UPI,Bank Decline,218,14,1,2,1.91,604.23,0,1
TXN001974,431.08,Card,Network Error,694,19,3,1,44.91,903.81,0,1
TXN001975,5816.48,UPI,Insufficient Funds,78,24,1,4,5.77,390.49,0,1
TXN001976,91.76,Net Banking,Authentication Failed,116,12,5,2,18.11,1386.61,0,0
TXN001977,3945.52,UPI,Bank Decline,1143,18,5,0,18.78,1212.52,1,1
TXN001978,1699.7,Card,Authentication Failed,1427,23,4,2,5.18,1366.03,1,0
TXN001979,1220.16,Net Banking,Bank Decline,238,25,2,2,103.19,2793.03,0,0
TXN001980,936.44,Net Banking,Bank Decline,49,15,5,4,11.9,816.64,0,0
TXN001981,6012.87,UPI,Insufficient Funds,271,20,4,3,25.3,1868.89,0,1
TXN001982,2072.17,Net Banking,Insufficient Funds,52,20,5,0,0.58,1047.84,1,0
TXN001983,486.44,Card,Network Error,1255,17,5,1,4.71,2105.08,0,0
TXN001984,233.45,Card,Insufficient Funds,1131,16,3,1,2.01,797.24,1,0
TXN001985,1286.35,UPI,Bank Decline,1311,13,5,3,7.69,599.85,0,1
TXN001986,1095.58,UPI,Network Error,244,22,3,0,24.52,483.61,1,1
TXN001987,279.25,Card,Bank Decline,607,13,3,0,2.74,1664.38,0,1
TXN001988,1043.3,Card,Insufficient Funds,1276,17,1,1,9.6,797.23,0,0
TXN001989,654.23,Card,Limit Exceeded,697,24,5,0,3.93,385.37,0,1
TXN001990,1105.84,Card,Authentication Failed,982,21,2,0,4.63,1245.53,1,0
TXN001991,2107.66,Card,Insufficient Funds,749,15,3,1,0.9,775.46,1,1
TXN001992,4202.14,UPI,Insufficient Funds,1129,16,4,1,12.77,337.63,0,0
TXN001993,2484.93,Card,Authentication Failed,733,17,4,0,3.27,310.86,1,1
TXN001994,572.9,UPI,Insufficient Funds,206,17,5,0,6.63,1632.43,0,1
TXN001995,1528.47,Card,Authentication Failed,1019,16,5,2,7.97,1206.85,1,1
TXN001996,1160.72,Card,Insufficient Funds,1286,13,4,1,4.65,905.12,1,0
TXN001997,330.66,Wallet,Authentication Failed,443,20,6,0,11.71,1231.96,1,0
TXN001998,1569.34,UPI,Bank Decline,500,12,3,0,1.67,3006.6,0,0
TXN001999,5831.36,UPI,Authentication Failed,1466,20,3,2,22.1,3203.31,0,0
TXN002000,1129.11,UPI,Bank Decline,713,19,10,0,6.21,789.4,1,1
TXN002001,261.19,UPI,Expired Card,30,21,5,0,12.89,2543.93,1,0
TXN002002,1126.92,UPI,Insufficient Funds,1393,22,5,1,2.2,1295.14,1,0
TXN002003,367.84,Net Banking,Bank Decline,276,14,5,0,0.47,753.48,1,0
TXN002004,2385.69,UPI,Limit Exceeded,796,13,4,1,7.74,480.4,0,0
TXN002005,1758.78,UPI,Network Error,744,14,2,0,20.1,1144.27,0,0
TXN002006,940.28,Card,Authentication Failed,1258,20,4,3,10.75,1560.08,0,0
TXN002007,813.99,Card,Bank Decline,134,19,6,1,22.18,389.92,1,0
TXN002008,905.95,Net Banking,Authentication Failed,549,17,5,3,19.11,1282.76,1,0
TXN002009,1104.83,UPI,Bank Decline,1088,18,6,0,22.3,477.63,1,0
TXN002010,547.3,Card,Authentication Failed,331,16,5,4,34.54,1077.25,1,0
TXN002011,314.51,UPI,Authentication Failed,665,19,5,1,5.65,1629.06,1,0
TXN002012,3055.9,UPI,Bank Decline,1136,30,4,0,0.13,1404.08,1,1
TXN002013,775.21,Net Banking,Authentication Failed,1467,14,2,1,0.92,826.55,0,1
TXN002014,1274.54,UPI,Limit Exceeded,91,19,6,0,4.43,1347.28,0,0
TXN002015,1417.65,Card,Insufficient Funds,1032,14,0,0,2.1,297.43,0,1
TXN002016,1465.3,UPI,Network Error,1467,15,6,1,6.05,2002.41,0,1
TXN002017,381.29,UPI,Insufficient Funds,457,14,5,0,16.61,2171.56,0,0
TXN002018,242.68,Net Banking,Limit Exceeded,1471,23,4,0,26.17,732.67,1,0
TXN002019,645.6,UPI,Insufficient Funds,1252,13,5,2,3.06,2391.33,0,0
TXN002020,1565.78,Card,Insufficient Funds,1000,18,8,0,15.41,1048.39,0,0
TXN002021,569.55,Wallet,Bank Decline,1055,19,5,2,40.87,2192.63,0,0
TXN002022,796.77,Card,Network Error,1065,18,7,1,24.45,251.37,0,0
TXN002023,7439.57,Net Banking,Authentication Failed,675,13,1,1,3.04,602.43,1,1
TXN002024,208.33,UPI,Authentication Failed,978,26,6,0,18.54,377.19,0,0
TXN002025,555.83,UPI,Bank Decline,349,15,3,3,11.72,522.68,1,1
TXN002026,6044.74,UPI,Insufficient Funds,994,23,6,1,5.19,2066.49,1,0
TXN002027,1053.49,Card,Limit Exceeded,1396,24,3,0,13.5,896.94,1,0
TXN002028,580.92,Wallet,Network Error,1366,18,3,0,3.17,826.52,0,1
TXN002029,3139.73,UPI,Bank Decline,1463,24,4,0,6.85,581.27,0,1
TXN002030,1152.52,Card,Bank Decline,958,17,3,2,8.0,1535.19,0,1
TXN002031,801.53,UPI,Network Error,463,17,3,0,7.36,719.57,0,1
TXN002032,1303.92,Card,Bank Decline,905,16,3,0,1.73,776.22,1,1
TXN002033,606.5,Card,Limit Exceeded,404,26,7,4,9.66,619.86,1,0
TXN002034,438.89,Wallet,Network Error,905,20,2,1,33.28,3311.82,0,0
TXN002035,990.06,Card,Authentication Failed,349,24,5,0,32.83,1082.08,0,1
TXN002036,441.47,UPI,Network Error,1310,21,3,1,9.83,1124.71,0,1
TXN002037,1107.24,UPI,Bank Decline,1382,25,9,0,0.23,1417.37,0,0
TXN002038,1508.64,UPI,Authentication Failed,819,13,3,1,15.6,397.86,1,1
TXN002039,2363.16,UPI,Network Error,1227,16,4,0,16.31,602.26,0,1
TXN002040,3026.41,UPI,Insufficient Funds,1255,15,3,0,34.94,1085.69,1,0
TXN002041,761.16,Net Banking,Network Error,946,11,3,0,32.78,2841.34,0,0
TXN002042,1718.96,Card,Bank Decline,53,23,1,0,26.84,1675.81,0,1
TXN002043,1708.33,Card,Limit Exceeded,1215,20,8,1,34.98,731.08,0,0
TXN002044,1472.97,UPI,Bank Decline,921,16,1,0,5.15,665.27,0,0
TXN002045,712.29,Net Banking,Expired Card,168,16,7,0,15.07,3023.66,0,0
TXN002046,434.74,Card,Insufficient Funds,301,10,3,1,48.9,549.69,1,0
TXN002047,1722.96,UPI,Bank Decline,98,15,3,3,13.62,452.0,0,1
TXN002048,236.0,Card,Authentication Failed,1198,17,1,1,39.58,1120.42,0,1
TXN002049,861.73,Card,Limit Exceeded,1288,15,2,0,42.75,1087.53,1,0
TXN002050,110.14,UPI,Insufficient Funds,756,22,10,0,1.31,565.48,0,0
TXN002051,329.39,Card,Bank Decline,563,22,3,0,44.47,1030.25,0,0
TXN002052,497.99,Card,Bank Decline,315,10,7,2,1.92,1279.02,0,0
TXN002053,2942.61,UPI,Expired Card,1159,24,6,3,9.26,1346.32,1,0
TXN002054,2037.13,Net Banking,Limit Exceeded,575,13,4,0,25.09,884.36,1,1
TXN002055,666.11,Net Banking,Limit Exceeded,1191,23,3,4,1.32,748.76,1,0
TXN002056,2114.2,Card,Network Error,182,19,2,0,9.06,891.34,0,1
TXN002057,2437.82,Card,Limit Exceeded,1318,11,5,3,4.81,535.68,1,0
TXN002058,948.99,UPI,Bank Decline,979,21,4,1,22.02,768.06,1,0
TXN002059,315.47,Card,Insufficient Funds,1435,17,6,0,36.59,1188.83,0,0
TXN002060,909.49,Card,Network Error,944,17,2,0,26.26,1342.04,1,1
TXN002061,1004.15,UPI,Authentication Failed,1370,19,7,4,14.35,807.89,0,1
TXN002062,361.69,Card,Limit Exceeded,1025,22,4,0,33.37,1317.39,1,1
TXN002063,1525.9,Net Banking,Network Error,1298,20,5,0,34.87,1284.24,0,1
TXN002064,1410.68,Card,Expired Card,224,14,2,0,12.32,4140.69,1,1
TXN002065,1636.87,UPI,Authentication Failed,819,14,5,1,34.75,2339.43,0,1
TXN002066,1409.56,Net Banking,Bank Decline,170,26,5,0,40.08,130.32,1,0
TXN002067,2115.1,UPI,Bank Decline,1421,14,2,2,0.15,693.48,1,0
TXN002068,933.19,UPI,Authentication Failed,1447,18,6,3,38.21,1264.14,0,0
TXN002069,1315.02,UPI,Authentication Failed,54,15,6,0,1.03,836.01,1,1
TXN002070,766.65,UPI,Bank Decline,1224,17,3,1,6.4,5935.49,0,0
TXN002071,648.04,Card,Bank Decline,807,19,8,1,14.55,1881.16,0,0
TXN002072,3657.1,Card,Bank Decline,724,16,3,1,5.04,281.14,0,0
TXN002073,174.27,UPI,Insufficient Funds,90,9,3,0,37.54,590.82,0,0
TXN002074,2414.11,Net Banking,Authentication Failed,619,22,3,2,27.94,867.69,1,1
TXN002075,627.36,Net Banking,Bank Decline,1077,17,3,0,11.92,2453.68,1,1
TXN002076,558.34,Net Banking,Authentication Failed,240,20,4,0,32.68,1817.06,0,1
TXN002077,1387.72,UPI,Insufficient Funds,968,18,7,0,30.62,895.9,0,0
TXN002078,286.96,Card,Network Error,1329,21,4,0,7.19,1110.49,0,1
TXN002079,526.15,Wallet,Insufficient Funds,854,26,2,0,1.2,1189.89,0,0
TXN002080,510.7,Net Banking,Limit Exceeded,153,14,3,0,16.15,935.6,0,1
TXN002081,898.51,UPI,Network Error,202,27,6,0,27.7,1633.22,0,0
TXN002082,531.8,UPI,Network Error,912,14,4,0,47.14,1088.16,0,1
TXN002083,4633.22,Card,Insufficient Funds,1020,24,4,1,0.68,1481.8,0,1
TXN002084,5526.53,Net Banking,Insufficient Funds,1052,15,6,3,9.32,1140.01,0,0
TXN002085,177.72,Card,Insufficient Funds,1224,20,6,3,20.71,740.41,0,0
TXN002086,1789.86,Card,Bank Decline,392,20,2,0,11.02,350.32,0,1
TXN002087,2375.11,UPI,Network Error,370,12,1,4,4.57,2594.09,0,1
TXN002088,1787.7,Card,Network Error,280,15,2,1,16.26,2918.69,1,1
TXN002089,606.5,Net Banking,Network Error,1414,16,4,2,37.83,1097.05,0,1
TXN002090,880.35,UPI,Network Error,214,22,1,0,52.07,992.29,1,0
TXN002091,559.23,Net Banking,Bank Decline,281,25,3,0,88.48,432.36,0,1
TXN002092,751.27,Wallet,Bank Decline,1013,15,2,0,8.74,908.88,0,1
TXN002093,369.09,UPI,Insufficient Funds,502,11,2,0,4.08,1915.3,1,1
TXN002094,989.0,Card,Limit Exceeded,908,18,6,1,29.56,1730.42,0,0
TXN002095,283.58,UPI,Network Error,165,10,7,0,20.97,440.58,0,1
TXN002096,915.87,Net Banking,Insufficient Funds,946,17,4,1,25.21,3410.9,1,0
TXN002097,356.48,Card,Insufficient Funds,466,21,4,2,8.14,600.6,0,1
TXN002098,1320.99,Card,Authentication Failed,400,16,5,0,4.55,843.68,0,1
TXN002099,594.98,Net Banking,Limit Exceeded,923,13,3,1,27.14,2493.69,0,0
TXN002100,1424.42,UPI,Expired Card,949,18,2,0,10.6,1665.91,0,0
TXN002101,2902.78,Net Banking,Bank Decline,445,32,4,3,21.0,897.21,0,0
TXN002102,4584.8,Card,Bank Decline,1409,24,5,3,37.05,595.22,1,1
TXN002103,112.71,UPI,Authentication Failed,170,20,2,1,7.6,3242.6,1,1
TXN002104,517.61,Card,Limit Exceeded,645,31,5,0,26.28,742.91,0,1
TXN002105,834.83,Net Banking,Bank Decline,1360,17,6,3,10.86,950.83,1,1
TXN002106,1659.54,UPI,Limit Exceeded,576,17,1,2,17.33,866.43,1,0
TXN002107,248.31,Net Banking,Limit Exceeded,153,15,3,0,31.71,1343.81,0,1
TXN002108,453.1,Net Banking,Bank Decline,989,11,8,1,6.39,1169.35,0,0
TXN002109,1233.14,UPI,Bank Decline,966,18,5,1,32.82,1870.84,1,1
TXN002110,1183.7,Wallet,Insufficient Funds,774,18,1,1,4.14,1992.09,1,1
TXN002111,1540.49,UPI,Insufficient Funds,116,17,3,1,9.89,691.55,1,1
TXN002112,1634.85,UPI,Expired Card,400,16,8,0,5.8,530.56,1,0
TXN002113,1487.33,UPI,Bank Decline,1212,19,3,0,0.3,2077.01,1,1
TXN002114,1305.43,Net Banking,Limit Exceeded,449,19,3,3,0.21,628.14,0,0
TXN002115,1153.05,Card,Authentication Failed,753,25,4,2,3.91,1046.92,1,0
TXN002116,1994.78,UPI,Insufficient Funds,760,12,3,1,18.7,840.7,0,0
TXN002117,146.15,Card,Network Error,136,20,3,1,13.41,779.59,0,0
TXN002118,4402.38,Card,Limit Exceeded,1433,26,6,0,6.91,1424.08,0,0
TXN002119,150.8,UPI,Limit Exceeded,511,16,7,0,10.56,1128.43,1,1
TXN002120,415.2,Net Banking,Limit Exceeded,726,31,2,0,20.27,1489.56,1,1
TXN002121,894.19,Net Banking,Bank Decline,28,18,3,3,39.61,1441.53,0,1
TXN002122,2008.92,Card,Bank Decline,1047,16,5,1,5.4,759.07,0,1
TXN002123,74.01,Wallet,Network Error,881,13,3,0,38.19,4325.97,0,0
TXN002124,1069.22,UPI,Authentication Failed,837,16,5,1,9.52,526.1,1,0
TXN002125,2237.59,Wallet,Bank Decline,640,14,1,2,7.34,1010.91,1,1
TXN002126,2684.01,Card,Authentication Failed,288,15,1,1,15.13,4277.36,1,1
TXN002127,585.46,Card,Bank Decline,1257,16,3,0,7.92,1181.83,0,1
TXN002128,836.52,UPI,Authentication Failed,1450,13,3,0,6.19,757.47,0,1
TXN002129,629.84,Net Banking,Expired Card,379,13,7,0,41.43,2034.59,1,1
TXN002130,770.16,Card,Bank Decline,1331,26,3,0,9.35,2960.96,0,1
TXN002131,433.27,UPI,Network Error,1015,15,6,3,2.96,614.5,1,0
TXN002132,492.59,UPI,Bank Decline,292,22,3,0,10.19,1853.29,1,1
TXN002133,1621.23,Card,Bank Decline,1146,28,5,1,6.14,1648.02,1,0
TXN002134,1234.54,Card,Insufficient Funds,1179,18,7,0,12.93,908.86,0,1
TXN002135,1706.89,Card,Insufficient Funds,410,20,4,2,18.52,2098.67,0,1
TXN002136,1329.57,Net Banking,Bank Decline,96,15,4,1,0.28,1491.31,0,1
TXN002137,2067.11,UPI,Limit Exceeded,1149,20,2,0,27.9,1045.76,1,0
TXN002138,2417.27,Card,Network Error,702,24,3,0,11.36,1678.02,1,1
TXN002139,228.71,UPI,Insufficient Funds,914,16,3,1,14.05,358.97,1,0
TXN002140,508.33,Net Banking,Authentication Failed,1123,16,12,1,2.66,1756.47,1,0
TXN002141,890.48,Net Banking,Network Error,635,19,2,4,10.35,983.32,0,0
TXN002142,1074.48,Card,Authentication Failed,1008,15,3,1,12.2,2440.81,0,1
TXN002143,599.99,Card,Expired Card,453,20,3,0,0.75,1529.47,1,1
TXN002144,2491.95,UPI,Insufficient Funds,318,15,8,2,3.49,3301.36,1,0
TXN002145,6515.59,Card,Network Error,1348,23,5,3,8.24,497.01,1,1
TXN002146,1296.66,Net Banking,Expired Card,127,11,5,0,3.56,1177.76,0,1
TXN002147,1183.12,Card,Insufficient Funds,323,13,4,2,6.95,763.42,0,0
TXN002148,2355.51,UPI,Insufficient Funds,144,14,4,0,37.95,1558.92,0,1
TXN002149,204.54,Card,Insufficient Funds,824,16,0,1,17.64,573.5,1,1
TXN002150,1125.09,Net Banking,Bank Decline,1314,16,4,1,14.35,710.37,1,1
TXN002151,2646.87,UPI,Bank Decline,397,27,4,3,33.52,1688.43,0,0
TXN002152,614.72,UPI,Network Error,1035,8,0,0,4.86,758.31,0,0
TXN002153,363.61,Card,Insufficient Funds,775,11,4,0,67.2,1060.92,0,0
TXN002154,927.76,Net Banking,Expired Card,373,20,5,1,4.46,683.85,0,1
TXN002155,1038.34,UPI,Network Error,847,14,4,1,12.2,1588.76,0,1
TXN002156,484.06,UPI,Bank Decline,498,12,4,4,59.7,1186.33,0,0
TXN002157,7233.98,UPI,Insufficient Funds,764,20,6,0,7.31,2579.89,0,0
TXN002158,712.78,UPI,Insufficient Funds,1496,23,4,0,3.29,2072.3,1,0
TXN002159,388.27,Card,Bank Decline,1265,18,2,1,9.41,271.38,1,0
TXN002160,1008.02,Card,Insufficient Funds,1392,14,5,1,4.77,1778.93,1,0
TXN002161,2482.63,Card,Bank Decline,528,16,1,3,24.84,2633.7,0,0
TXN002162,1113.96,Card,Network Error,1272,23,3,0,45.54,583.05,0,0
TXN002163,1697.71,UPI,Network Error,1472,23,2,0,34.98,2829.99,0,1
TXN002164,500.52,Net Banking,Bank Decline,194,21,1,1,2.78,530.02,0,0
TXN002165,4183.57,Card,Bank Decline,410,22,3,1,54.29,4349.6,1,1
TXN002166,1818.09,Wallet,Network Error,433,20,5,1,23.95,3526.38,1,0
TXN002167,2815.6,Card,Authentication Failed,419,9,4,2,25.55,555.55,1,1
TXN002168,1523.32,UPI,Limit Exceeded,160,18,5,0,14.37,738.69,0,1
TXN002169,2303.99,Card,Network Error,209,15,4,0,8.42,2440.86,0,1
TXN002170,499.82,UPI,Bank Decline,223,11,2,0,5.23,1287.54,1,1
TXN002171,704.67,Card,Bank Decline,488,14,4,1,11.45,1638.71,0,1
TXN002172,3684.29,UPI,Authentication Failed,1345,22,3,2,29.42,1729.48,0,0
TXN002173,4463.85,UPI,Insufficient Funds,1031,20,10,0,6.71,1544.82,0,1
TXN002174,390.58,Net Banking,Authentication Failed,772,27,2,0,39.71,592.43,0,1
TXN002175,1373.01,UPI,Expired Card,509,18,5,2,2.85,688.52,0,0
TXN002176,744.08,Net Banking,Expired Card,805,19,8,0,0.92,524.02,1,0
TXN002177,585.62,UPI,Insufficient Funds,812,22,4,0,12.58,622.03,0,1
TXN002178,1417.08,Card,Network Error,1308,19,5,1,47.65,2173.72,1,1
TXN002179,3062.13,Card,Network Error,1224,18,1,0,32.51,2874.49,0,1
TXN002180,1646.65,Card,Insufficient Funds,949,19,1,2,2.67,2192.7,1,1
TXN002181,822.57,UPI,Bank Decline,775,26,6,1,2.73,984.85,1,1
TXN002182,1743.02,UPI,Authentication Failed,768,18,2,0,1.81,468.72,1,1
TXN002183,793.16,UPI,Network Error,1278,17,3,0,27.87,238.58,0,1
TXN002184,1589.07,UPI,Bank Decline,94,14,5,0,7.21,1548.44,1,1
TXN002185,3853.82,Card,Insufficient Funds,440,16,6,0,7.3,2391.95,0,1
TXN002186,169.11,Net Banking,Expired Card,426,22,6,4,46.66,3355.35,0,0
TXN002187,2247.4,Net Banking,Expired Card,1283,17,4,0,18.42,1732.39,1,1
TXN002188,274.47,Card,Network Error,435,12,4,0,47.99,1316.57,0,1
TXN002189,3312.62,Net Banking,Network Error,1194,17,5,0,4.92,1343.24,1,1
TXN002190,618.12,Card,Bank Decline,168,12,2,1,24.38,874.2,0,1
TXN002191,366.54,UPI,Network Error,513,15,5,3,1.77,2009.12,0,1
TXN002192,2050.3,Net Banking,Bank Decline,271,15,5,0,19.69,1291.55,1,1
TXN002193,1521.96,Card,Authentication Failed,116,9,0,0,10.15,2330.02,0,1
TXN002194,446.18,Card,Network Error,906,22,5,1,0.58,587.13,1,1
TXN002195,355.06,UPI,Bank Decline,1349,21,5,2,1.59,1512.95,0,0
TXN002196,926.36,Card,Bank Decline,1162,24,3,0,50.84,493.03,1,1
TXN002197,371.04,Card,Limit Exceeded,1163,15,1,0,27.65,3303.2,0,0
TXN002198,421.86,Net Banking,Insufficient Funds,400,26,2,1,29.04,674.6,1,0
TXN002199,1216.9,Card,Bank Decline,626,12,5,1,0.59,828.01,0,0
TXN002200,459.77,UPI,Expired Card,690,22,3,1,24.89,4308.45,0,1
TXN002201,1609.83,Wallet,Bank Decline,558,23,6,0,0.49,3152.68,0,1
TXN002202,4192.82,UPI,Limit Exceeded,810,17,5,2,6.03,2727.73,0,1
TXN002203,959.39,Card,Insufficient Funds,1065,13,3,0,12.4,730.62,1,1
TXN002204,1232.91,UPI,Limit Exceeded,728,13,2,1,8.96,982.07,0,1
TXN002205,6743.18,Card,Insufficient Funds,1402,20,1,0,2.74,880.72,1,1
TXN002206,376.59,Net Banking,Insufficient Funds,37,13,6,1,73.57,952.47,1,0
TXN002207,3203.86,UPI,Authentication Failed,1204,23,1,1,0.99,5099.35,0,0
TXN002208,2874.9,Net Banking,Network Error,823,17,3,2,20.71,331.0,0,0
TXN002209,2365.83,UPI,Bank Decline,1420,15,4,0,28.18,1547.31,1,1
TXN002210,3507.2,Net Banking,Bank Decline,112,18,6,0,5.86,1927.96,1,0
TXN002211,1411.65,Card,Network Error,1305,15,7,0,9.41,2869.95,1,1
TXN002212,648.96,Net Banking,Network Error,1126,16,5,1,1.58,3557.67,0,1
TXN002213,2936.92,UPI,Authentication Failed,1023,19,7,3,8.02,2023.41,0,0
TXN002214,3039.83,Wallet,Authentication Failed,1060,22,4,2,7.69,1049.21,0,0
TXN002215,2965.45,Card,Expired Card,800,14,5,2,0.55,439.18,1,0
TXN002216,1141.45,UPI,Bank Decline,167,21,6,0,5.52,1573.85,1,1
TXN002217,575.61,Net Banking,Network Error,1336,17,6,0,47.27,667.06,0,0
TXN002218,1302.74,UPI,Expired Card,202,18,3,1,20.34,2731.25,0,1
TXN002219,2560.63,Net Banking,Insufficient Funds,614,21,8,2,0.27,3928.73,1,0
TXN002220,2757.05,UPI,Bank Decline,344,15,3,3,13.13,1945.86,1,0
TXN002221,744.93,Card,Insufficient Funds,1168,17,8,0,7.71,2422.35,0,0
TXN002222,1456.56,Card,Insufficient Funds,796,27,7,1,75.32,543.58,0,1
TXN002223,337.68,UPI,Insufficient Funds,453,14,2,1,53.44,629.28,0,1
TXN002224,2660.99,UPI,Network Error,1340,21,2,3,20.88,479.53,0,0
TXN002225,541.87,UPI,Limit Exceeded,1209,16,3,2,0.33,1648.75,0,1
TXN002226,2223.26,Card,Network Error,343,18,2,0,2.86,480.55,1,1
TXN002227,389.8,UPI,Bank Decline,1264,22,4,2,25.67,504.83,1,1
TXN002228,2774.63,Card,Insufficient Funds,1279,23,3,0,16.57,1071.75,0,1
TXN002229,1465.06,UPI,Network Error,138,24,3,4,4.77,965.88,0,0
TXN002230,542.82,UPI,Bank Decline,255,26,2,0,2.06,1198.56,0,1
TXN002231,2043.09,Card,Network Error,1485,19,5,0,8.21,1872.53,0,1
TXN002232,644.63,UPI,Authentication Failed,505,28,4,1,37.67,186.79,1,1
TXN002233,2152.96,Net Banking,Insufficient Funds,69,18,1,0,13.94,989.18,1,1
TXN002234,856.88,Net Banking,Insufficient Funds,825,15,5,1,6.21,1526.3,0,1
TXN002235,233.0,Card,Network Error,1422,22,4,0,1.68,1633.49,0,1
TXN002236,452.97,Card,Authentication Failed,263,23,10,4,3.59,3866.28,0,0
TXN002237,744.44,Net Banking,Limit Exceeded,1278,18,10,2,9.71,1017.08,0,0
TXN002238,3756.98,UPI,Authentication Failed,1294,18,1,1,25.5,1164.44,1,1
TXN002239,2467.67,UPI,Bank Decline,473,14,6,1,11.95,1503.4,1,1
TXN002240,4729.03,UPI,Authentication Failed,855,20,4,0,11.46,2159.85,1,0
TXN002241,4857.46,Net Banking,Insufficient Funds,367,14,5,0,5.87,1337.81,1,1
TXN002242,677.71,UPI,Insufficient Funds,886,30,7,0,5.18,799.01,1,1
TXN002243,925.53,Card,Authentication Failed,1423,18,6,2,20.06,747.45,0,1
TXN002244,757.37,Wallet,Authentication Failed,185,19,2,1,22.52,941.77,1,0
TXN002245,599.23,Net Banking,Insufficient Funds,955,26,3,2,58.73,480.57,1,1
TXN002246,209.07,Card,Insufficient Funds,505,20,3,1,41.37,941.18,1,1
TXN002247,1082.17,UPI,Insufficient Funds,683,15,3,0,15.86,869.46,0,1
TXN002248,344.81,Net Banking,Insufficient Funds,298,28,7,3,17.0,555.93,1,0
TXN002249,1063.42,Card,Insufficient Funds,594,19,2,1,8.94,486.22,0,1
TXN002250,7362.79,UPI,Authentication Failed,824,11,3,0,65.09,768.25,1,1
TXN002251,693.39,UPI,Expired Card,105,13,6,3,44.75,523.1,0,0
TXN002252,1306.75,Net Banking,Limit Exceeded,187,13,1,2,0.78,893.94,0,1
TXN002253,2479.92,Card,Limit Exceeded,959,20,7,2,8.38,1084.88,0,0
TXN002254,1411.29,Net Banking,Network Error,1433,16,0,3,9.23,1352.35,1,0
TXN002255,1426.87,Net Banking,Limit Exceeded,380,25,5,0,5.65,496.74,0,1
TXN002256,791.43,Card,Network Error,630,18,5,2,10.46,2681.97,0,1
TXN002257,890.08,Card,Bank Decline,259,13,3,3,10.79,840.35,1,0
TXN002258,462.2,Card,Network Error,869,17,3,2,27.0,937.01,0,1
TXN002259,2348.28,UPI,Network Error,128,11,1,2,43.4,1356.2,0,1
TXN002260,228.76,Card,Limit Exceeded,448,19,9,0,13.5,2811.51,1,1
TXN002261,2628.0,Net Banking,Authentication Failed,251,19,5,0,5.35,1649.39,0,1
TXN002262,310.03,Card,Bank Decline,877,19,4,3,13.82,540.88,0,0
TXN002263,2608.02,Net Banking,Limit Exceeded,833,10,4,0,3.53,665.97,1,1
TXN002264,797.57,Card,Insufficient Funds,1076,13,4,0,7.78,705.23,0,1
TXN002265,361.88,Card,Limit Exceeded,458,16,3,1,13.79,1085.2,0,1
TXN002266,1847.09,Card,Bank Decline,302,20,4,0,54.56,2221.03,1,0
TXN002267,2529.79,Card,Insufficient Funds,1171,12,2,1,11.39,3008.81,0,0
TXN002268,739.32,Card,Bank Decline,1096,26,0,4,0.18,1236.3,0,0
TXN002269,2097.6,UPI,Network Error,489,14,4,0,2.1,386.62,0,1
TXN002270,140.25,Card,Insufficient Funds,315,21,2,0,9.16,1009.54,1,1
TXN002271,334.11,UPI,Authentication Failed,1490,18,3,1,3.33,1729.68,0,0
TXN002272,3509.29,UPI,Insufficient Funds,599,15,5,1,7.03,1483.26,0,1
TXN002273,896.68,Card,Authentication Failed,1025,16,6,4,36.88,2354.77,0,0
TXN002274,205.2,Card,Expired Card,404,17,3,1,20.99,1540.92,0,0
TXN002275,584.65,Wallet,Bank Decline,475,24,5,0,18.19,1087.53,0,1
TXN002276,477.68,Card,Bank Decline,623,15,5,3,8.99,799.92,1,1
TXN002277,944.48,Card,Limit Exceeded,398,24,4,1,26.56,723.4,1,0
TXN002278,785.5,Card,Network Error,103,18,4,1,116.58,1013.77,0,1
TXN002279,1288.25,Card,Expired Card,1220,14,6,2,7.29,886.57,0,1
TXN002280,1030.17,UPI,Bank Decline,947,16,3,0,19.84,442.04,1,1
TXN002281,3728.52,UPI,Network Error,866,22,2,1,4.06,581.32,1,1
TXN002282,1606.95,UPI,Authentication Failed,201,12,2,3,1.87,3030.63,0,1
TXN002283,1655.58,Card,Insufficient Funds,964,12,4,0,63.85,2006.3,0,0
TXN002284,3129.54,UPI,Bank Decline,1364,21,4,1,4.1,2375.14,0,1
TXN002285,772.87,UPI,Bank Decline,89,16,2,0,1.95,755.05,1,1
TXN002286,352.24,UPI,Limit Exceeded,257,17,5,1,11.87,2048.29,0,0
TXN002287,3249.55,Wallet,Limit Exceeded,1100,19,1,0,21.46,380.07,1,0
TXN002288,1239.24,UPI,Bank Decline,1322,20,6,1,0.01,758.88,0,0
TXN002289,1243.17,Card,Insufficient Funds,346,26,2,1,9.17,1023.24,1,1
TXN002290,620.18,UPI,Insufficient Funds,1415,21,7,0,11.41,2642.16,0,1
TXN002291,629.44,Card,Bank Decline,706,24,3,0,12.23,1370.33,0,0
TXN002292,2349.72,UPI,Bank Decline,1488,12,7,0,9.24,1194.09,1,1
TXN002293,2660.29,UPI,Authentication Failed,1171,19,3,1,2.99,898.54,0,1
TXN002294,2220.4,Card,Bank Decline,1170,14,3,0,22.45,249.86,0,1
TXN002295,2238.73,UPI,Bank Decline,1105,19,6,1,18.26,1212.36,0,1
TXN002296,1830.1,UPI,Authentication Failed,106,19,4,1,0.6,708.67,0,0
TXN002297,1234.44,UPI,Network Error,1205,20,6,0,16.62,2035.68,1,1
TXN002298,936.51,UPI,Network Error,739,18,4,2,25.15,393.81,1,0
TXN002299,3259.38,UPI,Insufficient Funds,329,13,1,0,2.42,718.49,1,1
TXN002300,783.41,UPI,Bank Decline,16,14,3,2,25.89,885.83,1,1
TXN002301,1529.94,Net Banking,Authentication Failed,1019,17,7,1,5.42,1995.96,1,1
TXN002302,531.86,Card,Network Error,1076,17,4,0,20.38,764.33,0,0
TXN002303,605.85,Card,Bank Decline,1343,20,3,2,19.91,820.27,0,0
TXN002304,886.66,UPI,Network Error,1268,17,4,1,15.01,824.8,1,1
TXN002305,531.9,Net Banking,Authentication Failed,812,20,1,1,4.54,764.86,0,1
TXN002306,2248.61,UPI,Bank Decline,914,11,5,0,5.77,1775.12,1,1
TXN002307,325.96,UPI,Network Error,1061,13,3,0,11.53,1500.06,1,1
TXN002308,1199.08,Card,Authentication Failed,136,22,6,1,0.48,297.83,0,1
TXN002309,1235.53,UPI,Insufficient Funds,1415,16,3,0,9.7,2477.58,1,1
TXN002310,214.92,UPI,Expired Card,1055,22,6,0,21.28,903.74,0,0
TXN002311,737.36,Card,Network Error,1291,15,2,2,0.04,3235.59,1,1
TXN002312,1380.4,Net Banking,Expired Card,1428,13,4,4,24.17,1620.48,0,0
TXN002313,1613.01,Card,Bank Decline,570,15,4,1,10.15,827.27,0,0
TXN002314,912.44,Card,Bank Decline,1360,19,6,2,12.01,1260.07,0,0
TXN002315,2016.66,Wallet,Expired Card,155,17,4,2,4.52,1829.12,0,0
TXN002316,993.88,UPI,Insufficient Funds,1439,17,7,1,9.62,468.2,1,0
TXN002317,1110.19,UPI,Bank Decline,585,25,3,1,12.69,1204.15,0,1
TXN002318,1375.38,UPI,Insufficient Funds,1026,20,8,0,69.35,870.14,0,0
TXN002319,2525.77,Card,Insufficient Funds,125,15,6,1,17.39,2400.3,0,1
TXN002320,596.96,UPI,Authentication Failed,1464,23,4,0,17.92,1733.84,1,0
TXN002321,707.59,Net Banking,Bank Decline,234,10,5,3,104.33,477.65,1,0
TXN002322,600.64,Card,Authentication Failed,621,17,4,1,0.66,1010.02,0,1
TXN002323,813.24,Card,Insufficient Funds,246,15,7,1,36.9,1921.65,0,0
TXN002324,3958.46,UPI,Network Error,919,19,1,3,28.17,358.56,0,0
TXN002325,1836.2,Net Banking,Insufficient Funds,1262,18,7,2,0.87,630.2,1,0
TXN002326,396.24,Wallet,Limit Exceeded,972,31,4,0,10.5,1912.46,0,0
TXN002327,638.8,Net Banking,Limit Exceeded,1320,13,6,2,13.11,288.6,1,0
TXN002328,1533.78,UPI,Insufficient Funds,1184,13,2,3,0.6,676.07,1,1
TXN002329,485.0,Card,Authentication Failed,165,13,7,3,10.7,291.27,0,0
TXN002330,570.89,UPI,Insufficient Funds,569,15,2,0,38.22,881.55,1,1
TXN002331,3679.25,UPI,Network Error,482,18,2,1,0.52,1061.77,1,1
TXN002332,631.41,UPI,Authentication Failed,554,18,3,2,31.7,492.72,1,0
TXN002333,2589.45,Card,Authentication Failed,1043,14,3,4,32.82,1529.72,1,0
TXN002334,3394.09,Card,Authentication Failed,859,24,5,0,0.05,1763.82,1,1
TXN002335,566.73,UPI,Bank Decline,224,20,8,2,43.15,630.31,1,0
TXN002336,492.27,UPI,Insufficient Funds,761,30,4,1,22.63,844.79,0,0
TXN002337,855.32,Card,Insufficient Funds,741,13,5,2,50.63,977.41,1,0
TXN002338,411.68,UPI,Network Error,997,22,2,2,47.64,1655.84,0,1
TXN002339,1222.84,UPI,Limit Exceeded,787,25,6,1,5.14,331.42,0,1
TXN002340,911.34,UPI,Insufficient Funds,228,24,4,3,13.12,710.69,1,0
TXN002341,1517.05,Card,Expired Card,294,18,4,0,12.1,827.88,0,1
TXN002342,3855.47,UPI,Bank Decline,530,20,4,0,22.23,1569.58,1,1
TXN002343,2288.69,UPI,Bank Decline,705,14,5,2,15.7,656.3,0,0
TXN002344,1703.29,UPI,Expired Card,687,9,2,0,59.83,1853.45,0,1
TXN002345,186.9,Net Banking,Bank Decline,330,21,4,2,12.64,1604.73,0,0
TXN002346,1634.41,Card,Limit Exceeded,624,25,10,2,8.42,951.31,0,1
TXN002347,5168.64,Card,Insufficient Funds,1206,28,3,1,87.13,2953.91,0,0
TXN002348,73.01,UPI,Limit Exceeded,867,26,2,0,16.22,2008.6,1,1
TXN002349,2039.47,Card,Insufficient Funds,47,18,7,1,9.48,525.35,0,0
TXN002350,950.11,UPI,Insufficient Funds,1355,24,5,1,7.86,1463.24,1,0
TXN002351,510.39,Card,Expired Card,1297,17,5,0,22.13,1494.57,1,1
TXN002352,2255.25,Net Banking,Authentication Failed,399,22,3,0,39.6,4079.88,1,1
TXN002353,5108.88,Card,Bank Decline,1143,21,4,0,3.5,411.38,1,1
TXN002354,2203.29,Net Banking,Bank Decline,1314,16,0,0,8.39,2275.63,0,0
TXN002355,785.19,Card,Network Error,209,24,3,3,1.22,1173.6,0,0
TXN002356,469.13,UPI,Insufficient Funds,859,19,3,0,5.77,1176.66,0,0
TXN002357,1249.08,Net Banking,Limit Exceeded,780,21,5,1,44.92,854.88,1,0
TXN002358,2406.32,UPI,Limit Exceeded,1174,13,4,0,18.65,2048.76,1,0
TXN002359,774.06,Card,Insufficient Funds,1273,14,3,1,43.76,2787.29,1,0
TXN002360,844.42,UPI,Bank Decline,788,20,6,4,14.66,812.26,1,0
TXN002361,13902.17,UPI,Limit Exceeded,41,19,0,1,78.4,869.86,0,0
TXN002362,2895.13,Card,Bank Decline,59,14,3,1,18.17,189.28,0,1
TXN002363,3087.5,UPI,Expired Card,509,20,3,0,22.99,2002.21,0,1
TXN002364,294.64,Card,Insufficient Funds,1386,18,3,3,35.8,1057.17,0,1
TXN002365,580.29,Card,Network Error,156,20,3,0,7.88,1289.86,1,1
TXN002366,1172.88,UPI,Insufficient Funds,443,15,3,0,6.33,735.57,0,0
TXN002367,445.4,UPI,Limit Exceeded,456,18,3,1,3.42,850.9,1,0
TXN002368,4630.21,Card,Bank Decline,531,17,6,2,22.06,386.62,0,0
TXN002369,3902.14,UPI,Bank Decline,273,14,3,1,30.72,1081.51,0,1
TXN002370,678.45,Card,Limit Exceeded,92,12,4,1,8.86,997.17,1,1
TXN002371,5461.76,Card,Insufficient Funds,315,23,2,0,0.02,1368.87,0,1
TXN002372,1092.44,Net Banking,Bank Decline,271,20,2,4,42.93,3861.96,0,0
TXN002373,11276.21,Card,Bank Decline,498,12,2,0,23.14,1436.21,1,0
TXN002374,1249.15,Card,Bank Decline,1047,20,3,0,39.04,2042.4,0,1
TXN002375,1841.94,Card,Authentication Failed,1219,18,8,0,37.81,1595.57,0,1
TXN002376,3865.76,UPI,Limit Exceeded,528,12,2,1,12.17,1834.27,0,1
TXN002377,3462.93,UPI,Insufficient Funds,1196,27,3,0,25.3,1592.8,1,1
TXN002378,1736.56,Net Banking,Expired Card,884,29,2,0,33.89,1374.33,1,0
TXN002379,965.82,Card,Network Error,1375,16,4,0,0.81,3140.65,0,1
TXN002380,1741.88,Net Banking,Authentication Failed,1249,16,6,0,30.06,2132.65,0,0
TXN002381,526.07,Net Banking,Bank Decline,100,17,2,2,12.49,1690.48,0,0
TXN002382,1257.55,Net Banking,Network Error,1188,23,10,0,7.91,1135.58,0,1
TXN002383,404.08,Net Banking,Network Error,40,11,2,0,3.38,502.53,1,1
TXN002384,220.79,Card,Network Error,807,18,5,1,4.59,2036.76,0,0
TXN002385,1147.55,UPI,Bank Decline,422,12,0,1,28.59,821.06,1,0
TXN002386,3415.4,Card,Insufficient Funds,530,13,3,1,35.91,2024.69,0,1
TXN002387,2523.05,UPI,Limit Exceeded,239,23,3,1,59.37,960.54,1,0
TXN002388,1018.7,Card,Bank Decline,611,20,3,3,2.85,1268.49,0,0
TXN002389,5283.22,Card,Authentication Failed,113,12,7,0,13.04,1177.9,0,0
TXN002390,657.11,Card,Bank Decline,1223,17,2,0,44.83,449.31,0,1
TXN002391,195.19,UPI,Expired Card,1498,25,3,0,4.48,1499.27,1,1
TXN002392,153.87,UPI,Authentication Failed,528,20,10,0,4.99,1000.57,0,0
TXN002393,378.77,Card,Expired Card,643,21,5,3,14.08,1033.23,0,0
TXN002394,2286.92,UPI,Authentication Failed,793,15,5,1,15.23,3626.28,0,1
TXN002395,619.35,Net Banking,Limit Exceeded,1025,21,2,1,3.83,695.5,0,0
TXN002396,1660.48,UPI,Bank Decline,1309,19,4,1,13.18,670.85,0,1
TXN002397,4825.43,UPI,Network Error,1158,12,9,0,43.67,904.31,0,0
TXN002398,407.45,UPI,Insufficient Funds,347,15,2,0,15.79,2616.26,0,1
TXN002399,1686.9,Card,Network Error,703,10,1,2,27.68,693.36,0,1
TXN002400,1781.24,Card,Bank Decline,65,12,5,0,26.79,2739.09,0,0
TXN002401,505.39,UPI,Limit Exceeded,1212,22,7,0,8.77,7037.23,0,1
TXN002402,3710.01,UPI,Network Error,592,19,7,3,27.92,3655.08,0,0
TXN002403,846.46,UPI,Bank Decline,249,22,6,1,31.75,471.36,1,1
TXN002404,776.36,UPI,Bank Decline,234,19,7,2,9.94,524.44,0,1
TXN002405,7335.29,Card,Authentication Failed,566,15,3,0,27.78,1390.92,0,1
TXN002406,1755.47,Card,Insufficient Funds,524,19,3,0,90.25,972.18,0,1
TXN002407,2521.88,UPI,Insufficient Funds,561,24,4,1,17.92,945.04,1,0
TXN002408,3712.29,UPI,Insufficient Funds,1175,16,3,0,5.15,817.85,1,1
TXN002409,610.68,Wallet,Authentication Failed,133,22,2,0,32.8,957.51,0,0
TXN002410,3377.32,Card,Authentication Failed,341,15,6,3,2.3,1635.12,1,0
TXN002411,698.05,Card,Expired Card,764,17,4,0,12.49,851.18,0,0
TXN002412,671.72,UPI,Authentication Failed,1438,18,5,0,41.06,862.8,1,1
TXN002413,858.51,Card,Insufficient Funds,127,14,2,0,18.8,3249.75,1,1
TXN002414,626.5,UPI,Authentication Failed,707,21,2,0,64.43,688.44,1,1
TXN002415,2298.34,Card,Insufficient Funds,1315,19,6,1,8.98,452.67,0,1
TXN002416,1394.78,Wallet,Insufficient Funds,248,31,3,0,13.5,2244.75,0,0
TXN002417,704.79,UPI,Insufficient Funds,84,18,2,0,8.16,395.22,1,1
TXN002418,2012.34,UPI,Network Error,456,22,1,0,19.1,809.24,0,1
TXN002419,856.06,UPI,Limit Exceeded,1211,24,4,0,6.53,477.41,0,1
TXN002420,816.26,UPI,Bank Decline,271,20,2,3,5.69,852.22,1,0
TXN002421,1145.75,UPI,Authentication Failed,688,21,5,1,24.2,744.03,1,0
TXN002422,1664.22,UPI,Bank Decline,301,19,3,1,66.78,2708.42,0,0
TXN002423,1557.54,Card,Insufficient Funds,971,23,3,1,3.38,2515.44,0,1
TXN002424,790.82,Card,Bank Decline,896,18,2,1,37.19,417.45,0,0
TXN002425,2350.54,UPI,Expired Card,253,22,7,0,49.6,757.39,0,1
TXN002426,897.71,Net Banking,Limit Exceeded,430,19,2,0,26.41,400.33,0,1
TXN002427,608.21,UPI,Bank Decline,1089,14,5,0,9.02,1165.28,1,1
TXN002428,292.59,Wallet,Network Error,839,17,4,3,1.16,1099.67,0,1
TXN002429,2656.75,UPI,Bank Decline,1488,17,3,1,0.55,375.98,0,0
TXN002430,1108.93,Net Banking,Expired Card,17,25,3,3,16.29,4682.75,0,0
TXN002431,1325.82,Card,Authentication Failed,353,15,6,0,27.93,725.58,0,1
TXN002432,2810.79,Net Banking,Insufficient Funds,858,16,4,0,6.54,475.66,0,1
TXN002433,713.61,Wallet,Authentication Failed,1035,15,5,1,10.6,975.66,0,1
TXN002434,318.31,UPI,Network Error,1400,24,2,0,5.19,2793.96,0,1
TXN002435,1167.71,Wallet,Bank Decline,1488,12,4,0,30.11,536.82,0,0
TXN002436,1446.88,UPI,Authentication Failed,251,16,5,0,28.95,2443.15,0,1
TXN002437,865.61,UPI,Network Error,255,20,3,1,23.82,1202.57,0,0
TXN002438,4131.37,UPI,Bank Decline,951,25,4,3,33.7,439.78,0,1
TXN002439,117.03,Card,Insufficient Funds,441,12,3,0,3.03,648.92,0,1
TXN002440,3005.05,UPI,Bank Decline,1450,26,4,0,10.63,900.15,1,1
TXN002441,2235.09,Card,Limit Exceeded,111,13,2,1,30.44,577.29,0,0
TXN002442,1654.23,Card,Network Error,248,17,2,0,56.2,345.67,0,1
TXN002443,54.47,Card,Authentication Failed,1302,15,3,3,29.49,777.72,0,1
TXN002444,3482.48,Net Banking,Bank Decline,525,27,4,1,40.32,3092.13,0,0
TXN002445,435.38,Card,Insufficient Funds,735,13,5,0,0.35,1265.06,0,0
TXN002446,694.42,UPI,Insufficient Funds,1074,25,3,0,25.53,1707.22,0,1
TXN002447,940.55,UPI,Network Error,1056,16,7,0,2.73,950.91,1,1
TXN002448,1582.37,UPI,Authentication Failed,187,26,6,0,24.5,1311.68,0,1
TXN002449,1949.81,UPI,Expired Card,610,17,5,1,1.34,618.65,0,1
TXN002450,2449.3,UPI,Bank Decline,434,12,2,0,6.29,2414.74,0,0
TXN002451,2285.34,UPI,Authentication Failed,274,20,5,1,20.67,2129.76,0,0
TXN002452,1376.96,Wallet,Limit Exceeded,864,12,5,3,3.87,479.68,0,0
TXN002453,1594.52,Card,Insufficient Funds,586,20,4,2,27.64,1692.69,0,0
TXN002454,410.89,UPI,Limit Exceeded,882,4,4,1,1.68,759.46,0,1
TXN002455,557.84,Card,Bank Decline,157,16,2,1,31.73,621.78,1,1
TXN002456,2455.08,UPI,Insufficient Funds,606,19,4,4,15.19,3301.15,1,1
TXN002457,2329.69,Card,Bank Decline,101,18,2,3,0.34,622.8,0,1
TXN002458,2103.63,Card,Bank Decline,388,25,1,0,5.27,2639.68,0,1
TXN002459,690.23,Card,Bank Decline,521,18,7,1,11.86,357.66,1,1
TXN002460,2488.52,UPI,Bank Decline,936,16,3,0,18.52,1181.79,1,0
TXN002461,385.63,Wallet,Insufficient Funds,1458,21,7,0,20.16,403.81,1,1
TXN002462,2891.77,Net Banking,Limit Exceeded,1455,11,2,3,40.57,537.65,0,0
TXN002463,867.15,Card,Authentication Failed,205,16,1,0,10.38,428.25,0,1
TXN002464,4992.81,Card,Limit Exceeded,14,22,6,0,0.23,1122.91,1,1
TXN002465,278.86,Card,Bank Decline,811,20,1,1,5.59,1599.7,1,0
TXN002466,5361.85,UPI,Bank Decline,333,23,4,1,1.76,781.25,0,1
TXN002467,792.1,UPI,Insufficient Funds,877,11,6,0,32.8,674.96,0,1
TXN002468,779.36,UPI,Insufficient Funds,1051,17,5,3,2.92,527.15,0,1
TXN002469,1306.82,Card,Network Error,261,19,0,0,7.98,4343.49,1,1
TXN002470,585.6,Card,Network Error,1463,22,7,1,2.83,1021.74,0,0
TXN002471,1027.52,UPI,Expired Card,1057,19,7,0,13.08,460.49,0,1
TXN002472,564.61,Wallet,Expired Card,526,23,10,0,3.92,1099.52,1,1
TXN002473,583.5,Net Banking,Bank Decline,936,19,5,0,25.98,4206.74,0,1
TXN002474,1699.68,Card,Bank Decline,536,17,2,0,12.16,614.08,0,0
TXN002475,487.16,Card,Expired Card,953,21,4,1,12.33,786.2,0,0
TXN002476,549.29,Net Banking,Bank Decline,506,19,8,0,54.37,697.38,1,1
TXN002477,318.78,UPI,Insufficient Funds,1263,20,7,2,6.97,431.5,0,0
TXN002478,696.77,Net Banking,Bank Decline,1426,16,4,0,8.63,1213.42,0,0
TXN002479,3570.43,UPI,Bank Decline,1337,17,4,0,16.14,1214.52,0,1
TXN002480,512.17,Net Banking,Insufficient Funds,516,23,6,0,7.51,623.07,1,1
TXN002481,567.66,UPI,Limit Exceeded,430,19,5,1,31.79,3093.21,1,0
TXN002482,1305.75,Net Banking,Authentication Failed,156,19,6,1,14.24,1997.42,0,1
TXN002483,785.47,Net Banking,Insufficient Funds,1422,17,5,0,0.05,799.61,0,1
TXN002484,8146.46,UPI,Insufficient Funds,674,12,4,2,7.0,1646.08,0,1
TXN002485,947.4,Card,Limit Exceeded,952,18,5,0,12.44,1507.33,0,1
TXN002486,1482.81,Wallet,Insufficient Funds,1077,20,7,0,27.3,1659.13,0,0
TXN002487,2564.17,Card,Bank Decline,318,13,3,0,24.29,1807.53,0,1
TXN002488,2520.27,Net Banking,Insufficient Funds,145,17,4,3,19.96,1591.57,0,0
TXN002489,1352.84,Card,Bank Decline,1435,12,4,0,32.32,1536.65,0,1
TXN002490,948.6,UPI,Limit Exceeded,928,23,8,0,4.34,4213.06,0,1
TXN002491,6779.28,UPI,Limit Exceeded,20,26,3,1,11.08,887.59,0,0
TXN002492,1002.46,UPI,Insufficient Funds,777,12,2,0,14.0,995.1,1,0
TXN002493,736.92,Card,Bank Decline,191,19,1,1,65.39,999.0,0,0
TXN002494,613.23,UPI,Insufficient Funds,1145,20,6,4,67.36,612.13,1,0
TXN002495,231.8,Card,Insufficient Funds,116,8,4,1,12.38,1206.47,1,1
TXN002496,2297.22,Card,Authentication Failed,749,14,4,1,2.76,1087.64,0,1
TXN002497,132.52,Card,Expired Card,287,27,4,2,39.33,1845.93,0,1
TXN002498,1091.0,Net Banking,Network Error,549,20,3,0,0.49,701.35,0,0
TXN002499,911.99,Wallet,Limit Exceeded,92,18,6,0,10.82,428.5,0,0
TXN002500,8233.52,UPI,Limit Exceeded,144,20,4,1,12.41,2268.3,0,1
TXN002501,210.93,Net Banking,Limit Exceeded,1496,15,2,3,2.86,1085.73,0,0
TXN002502,487.36,Card,Insufficient Funds,83,16,3,1,8.36,735.1,0,1
TXN002503,970.21,Card,Insufficient Funds,1167,20,7,1,20.05,3476.21,1,0
TXN002504,918.02,Wallet,Expired Card,981,20,5,1,21.58,2705.89,1,0
TXN002505,668.75,UPI,Bank Decline,782,20,2,1,27.15,2208.2,1,0
TXN002506,1019.54,UPI,Authentication Failed,1023,22,4,1,15.33,580.0,1,1
TXN002507,352.97,Net Banking,Expired Card,103,17,5,3,6.26,518.21,0,0
TXN002508,1512.43,Card,Authentication Failed,1001,21,5,2,0.22,2209.63,0,1
TXN002509,135.73,Net Banking,Insufficient Funds,804,16,2,0,16.76,1962.73,0,1
TXN002510,1071.49,Net Banking,Authentication Failed,1039,18,5,0,14.91,1907.04,0,1
TXN002511,638.86,UPI,Bank Decline,89,24,7,1,18.08,925.66,0,0
TXN002512,2737.11,Net Banking,Authentication Failed,53,13,3,1,48.06,2377.35,1,1
TXN002513,5322.93,Card,Insufficient Funds,436,20,5,2,4.89,1998.51,0,1
TXN002514,814.08,Card,Network Error,1120,14,3,0,22.07,2530.11,0,1
TXN002515,3833.96,Card,Limit Exceeded,519,18,1,1,4.02,922.55,0,0
TXN002516,825.09,Net Banking,Bank Decline,1444,15,6,1,27.74,1277.47,1,1
TXN002517,459.66,UPI,Bank Decline,519,11,5,0,0.56,880.5,0,0
TXN002518,5278.06,Card,Authentication Failed,664,12,3,2,5.64,2844.95,0,0
TXN002519,1752.33,Card,Bank Decline,679,16,6,1,5.37,798.84,1,0
TXN002520,1101.02,Card,Network Error,653,18,3,1,34.01,530.87,1,0
TXN002521,2035.42,Card,Insufficient Funds,804,17,3,0,14.28,1153.49,1,1
TXN002522,1403.6,UPI,Limit Exceeded,83,21,4,1,9.6,1431.11,0,1
TXN002523,1030.4,UPI,Expired Card,87,17,10,2,5.04,685.38,0,0
TXN002524,332.36,UPI,Bank Decline,560,13,5,0,7.02,405.92,0,1
TXN002525,859.64,Net Banking,Insufficient Funds,642,19,6,4,23.01,444.2,0,0
TXN002526,1921.63,UPI,Network Error,748,16,1,2,34.18,1726.0,1,1
TXN002527,981.92,UPI,Insufficient Funds,1232,17,6,2,1.74,2459.53,0,1
TXN002528,2470.3,Wallet,Insufficient Funds,852,20,2,1,0.26,1169.66,0,1
TXN002529,1548.88,UPI,Network Error,1477,18,3,0,14.34,1366.29,0,1
TXN002530,497.54,Wallet,Insufficient Funds,113,23,5,0,32.73,3219.81,0,1
TXN002531,334.54,Card,Insufficient Funds,971,16,3,1,0.41,787.12,0,0
TXN002532,951.98,Net Banking,Expired Card,1322,24,3,3,15.56,1687.26,1,1
TXN002533,684.16,UPI,Insufficient Funds,692,13,3,1,30.34,877.04,0,0
TXN002534,1484.29,UPI,Bank Decline,947,15,2,0,2.17,1893.75,1,0
TXN002535,574.6,Card,Insufficient Funds,318,22,2,0,8.09,714.65,0,1
TXN002536,630.27,Net Banking,Network Error,605,20,3,1,1.91,548.63,0,0
TXN002537,2829.24,Card,Expired Card,690,17,0,0,0.7,1277.42,0,1
TXN002538,1253.11,UPI,Expired Card,639,19,4,0,12.26,1420.72,1,0
TXN002539,582.63,Card,Bank Decline,674,17,4,0,19.67,1053.49,1,0
TXN002540,1114.18,Card,Insufficient Funds,605,20,2,2,46.02,417.47,1,0
TXN002541,3793.41,Card,Insufficient Funds,1456,9,5,1,6.64,672.29,0,0
TXN002542,1428.54,Card,Bank Decline,421,21,4,0,5.43,604.13,0,1
TXN002543,1869.93,Net Banking,Authentication Failed,1165,10,7,1,17.56,1255.02,0,1
TXN002544,557.24,Card,Insufficient Funds,778,16,6,2,52.96,763.44,0,0
TXN002545,2762.19,UPI,Bank Decline,1394,18,5,0,3.7,4123.73,0,0
TXN002546,8833.37,Card,Insufficient Funds,390,14,3,1,2.27,1431.4,0,1
TXN002547,537.9,UPI,Network Error,1062,12,5,2,33.36,2053.88,0,1
TXN002548,378.53,UPI,Expired Card,546,20,3,0,2.59,881.48,0,1
TXN002549,1284.32,UPI,Expired Card,493,16,7,3,10.28,1582.51,0,0
TXN002550,2411.38,UPI,Authentication Failed,1395,25,10,1,27.37,1124.07,0,1
TXN002551,1010.04,UPI,Network Error,270,20,1,1,8.47,1228.91,1,1
TXN002552,425.01,UPI,Insufficient Funds,1172,15,5,0,18.87,2467.69,1,1
TXN002553,994.53,Net Banking,Bank Decline,36,21,6,2,28.33,3315.26,1,0
TXN002554,1878.6,Net Banking,Expired Card,905,19,3,1,13.97,1732.54,1,1
TXN002555,760.27,UPI,Network Error,136,22,2,3,4.02,1118.07,1,1
TXN002556,1894.16,Wallet,Network Error,1100,20,4,1,4.59,637.18,1,1
TXN002557,3128.28,Card,Expired Card,125,19,2,1,74.02,1551.78,0,0
TXN002558,1361.32,UPI,Expired Card,333,13,5,1,30.01,586.64,1,1
TXN002559,1069.39,UPI,Authentication Failed,1100,20,3,1,6.93,1429.43,0,0
TXN002560,2313.25,Card,Network Error,214,19,9,1,3.53,793.71,1,1
TXN002561,507.51,Net Banking,Limit Exceeded,97,27,1,0,5.94,528.71,0,0
TXN002562,464.41,Card,Bank Decline,126,21,2,1,30.97,1366.42,0,0
TXN002563,862.72,UPI,Expired Card,988,21,6,0,16.29,566.37,0,1
TXN002564,704.37,UPI,Authentication Failed,213,20,3,1,21.11,873.65,0,0
TXN002565,532.19,UPI,Bank Decline,412,17,5,0,19.24,903.09,0,1
TXN002566,5695.44,UPI,Limit Exceeded,774,13,5,0,34.73,1266.27,0,0
TXN002567,7744.93,UPI,Expired Card,553,23,4,0,79.57,3858.65,0,0
TXN002568,797.65,UPI,Insufficient Funds,130,21,4,0,17.93,3219.56,1,1
TXN002569,1191.0,Net Banking,Network Error,118,11,4,0,16.7,746.82,1,0
TXN002570,926.06,Net Banking,Insufficient Funds,1016,16,5,0,2.14,658.08,1,1
TXN002571,2971.28,UPI,Authentication Failed,1237,17,1,0,45.81,1338.14,1,1
TXN002572,3551.34,Net Banking,Limit Exceeded,989,20,8,1,1.17,1263.33,1,0
TXN002573,221.51,UPI,Insufficient Funds,620,16,4,1,20.38,699.91,0,0
TXN002574,1683.13,Card,Insufficient Funds,951,13,3,3,24.44,323.69,0,0
TXN002575,338.28,UPI,Network Error,1416,11,2,2,7.27,735.83,0,1
TXN002576,5337.14,Card,Bank Decline,712,20,2,2,1.97,1272.75,0,1
TXN002577,1629.82,Wallet,Insufficient Funds,153,20,2,2,9.96,618.53,0,1
TXN002578,522.69,Card,Network Error,138,26,4,3,4.94,1248.03,1,0
TXN002579,882.55,UPI,Bank Decline,738,17,6,1,16.22,747.64,0,1
TXN002580,845.49,Card,Insufficient Funds,856,15,3,0,0.64,1412.38,1,1
TXN002581,1759.18,UPI,Limit Exceeded,110,13,6,1,0.89,3612.14,0,0
TXN002582,2800.97,Net Banking,Authentication Failed,559,13,5,2,15.31,908.24,1,1
TXN002583,390.18,Card,Limit Exceeded,574,12,4,0,2.68,1859.57,0,0
TXN002584,5738.07,Card,Limit Exceeded,768,16,4,2,8.01,1945.28,0,0
TXN002585,4652.32,Card,Insufficient Funds,1272,14,6,0,37.43,528.56,0,0
TXN002586,498.8,Card,Bank Decline,933,21,2,0,0.45,725.61,0,1
TXN002587,1170.89,UPI,Insufficient Funds,668,17,3,1,2.92,1267.49,1,1
TXN002588,5113.95,Card,Limit Exceeded,1361,19,1,1,42.42,1667.65,0,0
TXN002589,3326.34,UPI,Authentication Failed,950,20,4,2,8.61,353.23,0,0
TXN002590,809.92,Card,Expired Card,854,18,7,1,8.22,1300.41,0,0
TXN002591,2282.22,Net Banking,Authentication Failed,902,15,3,0,14.5,433.2,0,1
TXN002592,16276.51,Net Banking,Expired Card,1179,10,4,3,10.42,506.34,0,1
TXN002593,1205.49,Card,Bank Decline,175,12,4,3,26.79,760.48,1,1
TXN002594,620.56,Card,Bank Decline,563,14,3,3,5.94,1040.53,1,0
TXN002595,1280.72,UPI,Insufficient Funds,991,17,6,2,2.95,2426.9,1,1
TXN002596,1369.08,Net Banking,Insufficient Funds,1114,20,4,2,14.56,1148.08,1,0
TXN002597,683.97,UPI,Expired Card,526,20,6,0,11.45,1485.24,1,0
TXN002598,1631.84,Card,Bank Decline,113,8,4,1,8.02,503.19,0,1
TXN002599,354.62,UPI,Network Error,891,23,3,0,8.54,731.97,0,1
TXN002600,602.46,UPI,Network Error,1295,17,3,0,43.41,903.88,0,1
TXN002601,2169.87,Card,Bank Decline,664,18,2,2,28.4,912.25,0,1
TXN002602,226.02,UPI,Network Error,37,24,2,1,4.02,1938.44,0,0
TXN002603,2472.17,Card,Network Error,253,18,4,3,10.54,1673.17,0,0
TXN002604,179.33,UPI,Bank Decline,932,26,5,2,25.19,2346.78,0,0
TXN002605,230.86,UPI,Limit Exceeded,30,13,4,0,13.17,832.18,0,1
TXN002606,699.89,Card,Bank Decline,504,17,3,3,48.85,487.54,0,1
TXN002607,1419.67,UPI,Network Error,860,17,4,0,22.37,4037.6,0,0
TXN002608,3614.6,UPI,Authentication Failed,310,19,3,0,2.72,684.78,1,1
TXN002609,1155.01,Card,Authentication Failed,1428,7,1,0,9.18,470.29,0,0
TXN002610,878.4,UPI,Authentication Failed,1433,15,3,2,35.03,833.56,1,1
TXN002611,1847.56,Net Banking,Bank Decline,322,23,3,3,9.23,1570.32,0,1
TXN002612,500.79,UPI,Insufficient Funds,284,24,7,1,12.83,1795.71,0,1
TXN002613,1243.24,UPI,Bank Decline,548,15,7,3,30.39,1535.34,0,0
TXN002614,372.6,Card,Bank Decline,1173,23,4,1,0.37,1637.24,1,1
TXN002615,1181.25,UPI,Authentication Failed,795,15,2,3,1.46,2293.63,0,1
TXN002616,975.69,UPI,Expired Card,1440,16,3,0,5.54,766.81,0,0
TXN002617,531.74,UPI,Insufficient Funds,362,21,9,4,26.15,1028.66,0,0
TXN002618,1272.24,UPI,Insufficient Funds,1233,17,3,0,5.82,2353.55,0,1
TXN002619,1264.83,Net Banking,Insufficient Funds,256,25,4,0,9.62,1110.98,0,0
TXN002620,3158.68,UPI,Expired Card,109,21,5,0,7.59,1351.77,0,0
TXN002621,258.51,Net Banking,Limit Exceeded,1498,12,4,0,29.0,8328.64,1,1
TXN002622,1024.09,Net Banking,Authentication Failed,41,23,5,1,16.8,1822.0,0,1
TXN002623,553.22,Card,Authentication Failed,1354,17,7,1,4.41,684.03,0,1
TXN002624,2398.95,Net Banking,Insufficient Funds,538,22,2,2,38.67,2726.92,1,0
TXN002625,2161.42,UPI,Bank Decline,565,11,4,0,0.2,1176.4,0,1
TXN002626,1732.1,Wallet,Bank Decline,1298,12,4,3,9.75,1952.14,0,1
TXN002627,582.05,UPI,Bank Decline,1083,22,1,2,28.66,402.0,0,1
TXN002628,2433.11,Card,Authentication Failed,791,31,4,2,11.09,831.8,0,1
TXN002629,276.69,Card,Network Error,24,16,4,4,5.95,2793.79,0,1
TXN002630,230.03,UPI,Limit Exceeded,1134,15,1,0,45.15,502.92,0,0
TXN002631,347.83,Card,Network Error,158,17,3,4,19.85,1145.79,1,1
TXN002632,1064.09,Card,Insufficient Funds,1022,22,2,0,14.05,1412.51,0,0
TXN002633,2013.54,UPI,Insufficient Funds,879,23,8,0,47.19,323.3,0,1
TXN002634,75.31,UPI,Network Error,1444,18,3,0,43.15,1376.33,1,1
TXN002635,3606.41,Card,Expired Card,1114,19,11,1,7.64,1244.06,0,0
TXN002636,1233.98,Card,Insufficient Funds,1338,19,3,0,7.73,1745.08,1,0
TXN002637,267.47,Wallet,Expired Card,1181,17,5,0,6.27,662.24,0,0
TXN002638,1200.93,Card,Limit Exceeded,555,14,0,0,6.0,1927.99,0,0
TXN002639,2931.51,Wallet,Bank Decline,385,19,7,0,2.79,900.1,0,0
TXN002640,1880.88,Card,Limit Exceeded,464,17,5,3,18.43,667.37,0,1
TXN002641,2948.84,UPI,Bank Decline,359,16,4,0,6.41,2520.16,1,0
TXN002642,320.66,UPI,Expired Card,382,20,6,0,10.7,1589.1,0,0
TXN002643,755.51,Net Banking,Limit Exceeded,214,23,6,0,11.65,707.05,0,1
TXN002644,477.12,Card,Authentication Failed,466,26,8,0,19.95,543.0,1,0
TXN002645,5145.21,UPI,Bank Decline,1434,21,4,0,31.38,890.91,1,1
TXN002646,1949.69,UPI,Bank Decline,536,19,2,1,62.51,2009.9,1,0
TXN002647,14218.63,Wallet,Insufficient Funds,491,14,1,0,10.41,2200.94,0,0
TXN002648,719.93,Card,Insufficient Funds,128,15,6,1,34.61,520.68,0,0
TXN002649,571.23,Card,Expired Card,800,18,2,1,13.71,508.32,1,1
TXN002650,964.35,Card,Authentication Failed,1150,15,6,0,49.01,1543.81,1,0
TXN002651,3791.52,UPI,Bank Decline,257,12,6,1,25.7,3948.81,1,1
TXN002652,788.78,UPI,Insufficient Funds,1329,23,3,1,20.84,865.82,0,1
TXN002653,1226.59,UPI,Bank Decline,53,16,1,1,9.73,3186.52,1,1
TXN002654,1196.34,UPI,Bank Decline,1329,22,5,0,6.51,1540.37,1,1
TXN002655,1136.32,Card,Bank Decline,902,20,3,0,29.6,288.44,0,1
TXN002656,609.62,UPI,Bank Decline,251,19,5,0,15.64,520.29,0,1
TXN002657,969.17,Net Banking,Limit Exceeded,730,15,1,1,1.46,975.29,0,0
TXN002658,932.54,Net Banking,Insufficient Funds,224,16,1,0,10.28,2103.59,0,0
TXN002659,1089.19,UPI,Network Error,769,19,1,3,2.82,1446.92,0,0
TXN002660,2563.59,Card,Limit Exceeded,1374,22,6,0,0.5,2266.53,0,1
TXN002661,5348.47,Card,Bank Decline,1344,20,4,0,87.28,685.88,0,0
TXN002662,514.71,Net Banking,Network Error,610,22,6,0,14.07,765.26,0,1
TXN002663,770.63,UPI,Expired Card,296,23,4,3,30.12,1207.61,0,0
TXN002664,521.91,Card,Expired Card,608,16,3,3,10.77,837.47,0,0
TXN002665,1297.76,Card,Bank Decline,1002,14,3,3,18.15,1569.24,0,1
TXN002666,675.52,UPI,Bank Decline,1227,24,4,2,83.58,901.49,1,1
TXN002667,1360.79,UPI,Limit Exceeded,702,16,9,0,19.13,1469.82,1,1
TXN002668,2960.95,Card,Limit Exceeded,1446,19,7,2,3.2,1758.91,1,1
TXN002669,112.93,Card,Bank Decline,616,19,6,0,27.8,1702.37,0,0
TXN002670,1707.19,UPI,Insufficient Funds,312,16,5,0,47.7,1235.62,0,1
TXN002671,724.75,Card,Insufficient Funds,542,20,6,0,7.0,803.92,0,0
TXN002672,1659.68,UPI,Insufficient Funds,1250,16,3,1,4.56,1719.2,1,1
TXN002673,489.4,Card,Network Error,763,18,3,2,5.54,152.73,0,0
TXN002674,3218.38,UPI,Insufficient Funds,1020,20,4,1,3.29,726.01,1,1
TXN002675,2494.77,Net Banking,Bank Decline,360,15,3,0,4.28,508.64,1,1
TXN002676,1828.99,UPI,Limit Exceeded,741,10,6,1,20.99,1204.21,0,1
TXN002677,2239.27,UPI,Bank Decline,241,14,5,1,8.27,967.22,0,0
TXN002678,560.56,UPI,Limit Exceeded,312,19,8,1,39.12,2370.98,1,0
TXN002679,627.87,UPI,Limit Exceeded,1140,19,6,0,8.0,694.81,0,1
TXN002680,2158.55,Card,Bank Decline,320,15,3,0,45.08,2549.43,0,0
TXN002681,549.52,UPI,Expired Card,954,17,1,0,2.57,797.96,0,0
TXN002682,4028.19,Net Banking,Limit Exceeded,1043,24,3,3,0.62,1601.19,0,0
TXN002683,819.56,UPI,Bank Decline,833,19,5,2,27.5,1431.0,0,1
TXN002684,1722.8,UPI,Insufficient Funds,173,19,6,0,26.27,1463.43,1,0
TXN002685,7254.12,UPI,Network Error,59,15,3,0,21.56,729.94,1,1
TXN002686,580.8,UPI,Authentication Failed,1216,17,2,0,9.85,1787.89,0,1
TXN002687,1166.64,UPI,Expired Card,282,14,5,1,4.01,1131.28,0,1
TXN002688,2832.07,UPI,Insufficient Funds,453,14,2,0,4.71,493.96,0,0
TXN002689,2581.56,Card,Expired Card,358,18,4,3,29.07,962.35,1,0
TXN002690,816.45,UPI,Bank Decline,16,21,3,2,50.98,3695.99,0,0
TXN002691,688.79,Card,Network Error,416,22,6,1,54.4,522.22,0,0
TXN002692,889.07,Card,Limit Exceeded,153,19,4,2,8.45,231.43,1,0
TXN002693,4036.25,UPI,Network Error,835,13,3,1,19.0,990.41,1,1
TXN002694,853.04,Card,Limit Exceeded,636,15,4,0,6.62,1372.22,0,0
TXN002695,1176.51,Wallet,Expired Card,858,18,0,1,34.53,6422.78,1,0
TXN002696,746.87,Card,Network Error,434,17,3,1,16.16,1096.06,0,0
TXN002697,2069.36,Card,Insufficient Funds,494,24,5,1,35.51,783.69,0,1
TXN002698,1261.39,UPI,Limit Exceeded,1407,13,4,0,24.67,789.84,0,0
TXN002699,444.48,Net Banking,Authentication Failed,1142,18,5,0,5.09,967.44,0,0
TXN002700,458.54,Net Banking,Insufficient Funds,590,15,2,3,0.56,964.38,1,1
TXN002701,181.5,Card,Network Error,662,20,2,3,73.53,1668.82,1,0
TXN002702,518.95,Wallet,Bank Decline,622,22,3,3,10.91,1902.63,0,1
TXN002703,2240.72,UPI,Limit Exceeded,221,11,6,0,5.78,2383.87,0,0
TXN002704,3609.72,UPI,Expired Card,998,19,8,2,30.06,899.73,0,0
TXN002705,2032.46,Net Banking,Insufficient Funds,516,26,4,3,3.38,2383.62,1,0
TXN002706,1806.54,Net Banking,Authentication Failed,517,18,8,4,12.73,2854.18,0,1
TXN002707,978.6,UPI,Insufficient Funds,32,27,4,0,9.78,798.55,0,1
TXN002708,2202.66,UPI,Limit Exceeded,199,15,1,0,2.44,4843.47,1,1
TXN002709,1418.92,UPI,Bank Decline,109,24,7,1,20.24,1097.13,0,1
TXN002710,5563.62,UPI,Bank Decline,1235,18,4,2,38.64,915.79,1,1
TXN002711,1003.65,Net Banking,Insufficient Funds,417,20,3,1,47.55,3197.51,1,1
TXN002712,3672.79,Card,Insufficient Funds,751,21,8,2,14.62,1682.52,0,0
TXN002713,2408.36,UPI,Expired Card,57,15,4,1,0.27,2349.78,0,0
TXN002714,2125.79,UPI,Network Error,1161,10,1,2,8.79,1285.97,0,0
TXN002715,179.41,UPI,Insufficient Funds,349,18,2,0,14.36,2487.29,0,1
TXN002716,2530.75,UPI,Insufficient Funds,1430,17,3,2,62.14,1693.54,0,0
TXN002717,977.74,Card,Insufficient Funds,208,14,5,2,10.57,515.26,0,0
TXN002718,735.44,Wallet,Limit Exceeded,306,20,5,0,7.82,770.23,1,0
TXN002719,288.7,Net Banking,Expired Card,152,21,6,2,46.14,637.84,0,1
TXN002720,1091.13,UPI,Insufficient Funds,776,13,3,0,10.49,708.83,0,0
TXN002721,1130.25,Net Banking,Network Error,468,21,5,2,56.28,3679.86,1,1
TXN002722,339.44,Net Banking,Insufficient Funds,922,17,1,2,6.89,2117.46,0,1
TXN002723,291.21,Net Banking,Authentication Failed,830,15,7,2,24.64,872.9,0,1
TXN002724,1699.28,Card,Authentication Failed,510,18,3,0,33.38,1763.97,0,0
TXN002725,2403.15,UPI,Expired Card,157,16,2,0,39.25,1515.48,0,1
TXN002726,1301.48,UPI,Authentication Failed,1346,21,1,0,6.34,904.93,0,1
TXN002727,3089.46,UPI,Limit Exceeded,205,21,5,0,74.4,1304.03,0,1
TXN002728,1014.6,UPI,Limit Exceeded,435,18,1,1,24.44,1253.72,0,1
TXN002729,1044.28,UPI,Network Error,309,29,3,0,2.96,1704.13,0,0
TXN002730,480.43,Card,Bank Decline,910,20,5,2,25.65,814.6,0,1
TXN002731,269.29,Card,Insufficient Funds,504,25,4,0,32.31,576.93,0,1
TXN002732,5820.82,Card,Bank Decline,907,18,2,1,3.62,316.69,0,0
TXN002733,3035.61,UPI,Network Error,797,8,5,3,3.35,1407.42,1,1
TXN002734,313.17,Wallet,Insufficient Funds,111,14,6,4,2.53,1187.95,0,1
TXN002735,1261.65,Net Banking,Bank Decline,16,17,5,2,12.33,4840.57,1,1
TXN002736,1002.21,Net Banking,Bank Decline,1057,20,8,0,22.7,1903.92,1,1
TXN002737,856.97,Wallet,Bank Decline,617,25,3,1,8.57,960.15,0,0
TXN002738,758.91,Card,Network Error,775,19,3,0,1.08,1336.61,1,0
TXN002739,1545.56,Wallet,Authentication Failed,333,20,5,1,8.02,2174.52,1,0
TXN002740,2290.12,UPI,Limit Exceeded,889,23,3,0,21.79,1058.53,0,0
TXN002741,1575.22,UPI,Expired Card,913,23,5,0,1.85,657.4,1,0
TXN002742,983.91,UPI,Network Error,744,17,5,1,14.64,475.4,0,0
TXN002743,951.93,UPI,Network Error,133,16,4,0,16.67,2318.88,1,1
TXN002744,2548.18,UPI,Insufficient Funds,1146,27,5,0,18.95,2486.34,1,0
TXN002745,1664.2,Card,Authentication Failed,930,20,7,0,7.64,784.64,0,1
TXN002746,1170.77,Net Banking,Bank Decline,177,16,2,1,47.2,1294.34,0,0
TXN002747,1061.77,Card,Insufficient Funds,218,15,5,1,95.27,800.96,0,1
TXN002748,1496.29,UPI,Limit Exceeded,930,19,7,0,32.65,5484.54,0,0
TXN002749,719.45,Net Banking,Insufficient Funds,195,24,5,2,2.08,832.34,0,0
TXN002750,2297.06,Card,Bank Decline,939,18,6,1,5.61,1398.66,0,1
TXN002751,416.43,UPI,Insufficient Funds,393,19,4,2,4.04,2114.75,0,1
TXN002752,757.25,Card,Insufficient Funds,783,16,4,1,0.98,1820.89,0,1
TXN002753,1900.73,UPI,Insufficient Funds,1018,19,4,0,40.78,1698.21,0,1
TXN002754,395.6,UPI,Insufficient Funds,732,25,1,0,3.75,808.76,0,1
TXN002755,266.21,Net Banking,Expired Card,1160,21,3,0,8.49,1837.84,0,1
TXN002756,1160.69,UPI,Limit Exceeded,29,14,1,2,8.46,2203.93,0,1
TXN002757,238.22,Card,Bank Decline,1209,14,1,2,27.03,1523.34,1,0
TXN002758,340.73,Net Banking,Authentication Failed,407,21,1,0,10.69,423.78,1,1
TXN002759,2166.64,Card,Insufficient Funds,511,22,5,2,8.35,357.63,0,0
TXN002760,912.05,UPI,Bank Decline,927,17,5,2,5.55,1243.01,0,0
TXN002761,3487.49,UPI,Insufficient Funds,1441,12,4,1,13.47,446.81,0,0
TXN002762,370.8,UPI,Network Error,335,11,4,2,2.19,987.42,0,1
TXN002763,1007.72,Card,Bank Decline,477,18,0,3,17.28,2554.38,0,0
TXN002764,1571.25,Card,Network Error,1450,12,5,1,31.2,1340.52,0,1
TXN002765,382.43,UPI,Limit Exceeded,418,19,4,2,47.22,486.15,0,0
TXN002766,2775.5,Wallet,Network Error,760,14,5,3,17.96,485.78,0,1
TXN002767,1736.47,Card,Network Error,35,18,1,0,31.06,2342.04,0,1
TXN002768,257.66,UPI,Authentication Failed,251,26,3,0,4.62,1097.23,0,0
TXN002769,1060.01,Card,Bank Decline,944,20,3,1,12.99,2182.54,1,0
TXN002770,1552.1,Card,Bank Decline,832,23,4,1,6.01,1032.94,0,1
TXN002771,644.81,UPI,Expired Card,1090,15,3,0,151.09,293.07,1,0
TXN002772,289.49,UPI,Network Error,145,9,2,1,8.48,3911.8,0,1
TXN002773,1408.97,Net Banking,Insufficient Funds,363,20,6,2,4.54,969.91,0,0
TXN002774,8023.41,Card,Bank Decline,218,25,1,0,26.62,514.89,0,1
TXN002775,774.11,Card,Bank Decline,1169,16,4,0,11.07,1914.63,1,1
TXN002776,4502.18,Card,Bank Decline,1398,16,4,4,2.44,2315.93,0,1
TXN002777,557.21,UPI,Insufficient Funds,492,22,2,2,27.96,2930.99,0,1
TXN002778,1331.41,UPI,Authentication Failed,1366,23,7,4,11.85,875.84,0,1
TXN002779,2195.95,Card,Limit Exceeded,184,13,0,1,28.01,397.07,0,1
TXN002780,1088.36,UPI,Network Error,519,25,4,1,25.04,1674.55,1,1
TXN002781,838.86,UPI,Expired Card,119,15,4,0,15.2,1422.87,0,1
TXN002782,2108.04,Net Banking,Authentication Failed,289,11,4,0,22.91,624.49,0,1
TXN002783,6016.79,Wallet,Insufficient Funds,1146,12,4,0,34.92,793.25,1,1
TXN002784,1437.31,Net Banking,Bank Decline,550,13,8,0,10.72,761.64,1,0
TXN002785,689.21,Net Banking,Network Error,47,14,5,0,56.28,1523.84,1,1
TXN002786,924.47,UPI,Limit Exceeded,938,11,6,0,3.61,1259.62,0,1
TXN002787,10590.76,Wallet,Insufficient Funds,1197,13,0,0,62.83,1651.01,0,0
TXN002788,1238.2,UPI,Authentication Failed,861,16,1,1,4.78,445.51,0,0
TXN002789,642.28,Wallet,Bank Decline,1251,17,2,1,12.73,1376.49,0,1
TXN002790,391.29,Wallet,Bank Decline,932,18,6,1,11.42,1196.81,0,0
TXN002791,212.02,Card,Bank Decline,319,23,3,0,1.12,4458.8,1,0
TXN002792,1521.16,Wallet,Insufficient Funds,1376,16,7,3,3.81,792.23,0,0
TXN002793,1976.69,Card,Limit Exceeded,477,18,1,2,31.89,924.44,0,1
TXN002794,767.37,UPI,Authentication Failed,1161,14,7,1,5.81,1650.58,0,0
TXN002795,1081.96,Card,Bank Decline,54,15,4,2,0.12,1232.88,0,1
TXN002796,382.44,Card,Authentication Failed,140,19,4,2,31.32,178.93,0,1
TXN002797,1236.0,UPI,Limit Exceeded,525,14,3,0,54.68,664.01,1,1
TXN002798,1691.46,Card,Network Error,1005,16,6,0,13.67,1508.09,1,0
TXN002799,677.46,Wallet,Expired Card,323,23,6,0,16.39,733.06,0,0
TXN002800,5021.12,UPI,Bank Decline,1468,19,5,1,2.16,1318.78,1,1
TXN002801,516.26,Net Banking,Network Error,1465,22,4,1,53.01,2892.85,1,1
TXN002802,1415.35,Net Banking,Insufficient Funds,92,22,3,0,4.29,420.91,1,1
TXN002803,2353.09,Net Banking,Expired Card,1078,21,6,1,14.34,1428.58,1,1
TXN002804,1022.94,Wallet,Insufficient Funds,1016,17,2,2,60.39,622.28,0,1
TXN002805,925.53,Card,Limit Exceeded,496,16,4,1,10.68,1581.29,1,0
TXN002806,303.09,Wallet,Limit Exceeded,430,13,4,1,1.76,5850.51,1,1
TXN002807,3720.48,Card,Bank Decline,393,14,1,1,4.36,404.22,0,1
TXN002808,941.14,UPI,Bank Decline,932,17,4,0,1.33,253.9,1,1
TXN002809,1778.68,Card,Network Error,246,20,1,0,9.32,341.18,0,1
TXN002810,2009.11,Card,Network Error,1481,18,4,0,16.01,3675.2,0,1
TXN002811,622.99,UPI,Bank Decline,264,15,2,1,10.73,365.07,0,0
TXN002812,918.02,Card,Network Error,50,15,9,1,7.6,748.02,1,1
TXN002813,3644.72,Card,Bank Decline,1198,8,3,0,3.27,1830.2,0,1
TXN002814,401.22,UPI,Insufficient Funds,1221,16,3,0,21.6,1399.79,0,1
TXN002815,7443.72,Card,Insufficient Funds,670,21,6,4,60.3,817.72,0,0
TXN002816,560.94,Net Banking,Insufficient Funds,1306,20,6,0,7.22,1229.28,1,1
TXN002817,379.34,Card,Limit Exceeded,1013,16,8,1,13.25,1825.66,1,1
TXN002818,1235.31,UPI,Authentication Failed,1399,22,3,1,3.25,883.99,0,1
TXN002819,8002.53,UPI,Bank Decline,1336,17,7,0,1.39,891.59,0,1
TXN002820,196.4,UPI,Network Error,760,18,3,0,3.29,1391.37,0,1
TXN002821,965.92,Net Banking,Insufficient Funds,111,15,6,2,1.74,2963.6,0,1
TXN002822,1683.51,UPI,Network Error,960,27,6,1,17.27,810.77,0,1
TXN002823,1130.35,Card,Insufficient Funds,933,13,4,0,19.17,724.07,0,1
TXN002824,1546.47,UPI,Network Error,1451,14,4,0,117.84,1330.59,0,0
TXN002825,574.66,UPI,Authentication Failed,1379,14,2,0,86.33,872.63,0,0
TXN002826,639.22,Net Banking,Insufficient Funds,960,21,4,1,10.5,1148.14,0,0
TXN002827,959.51,Card,Limit Exceeded,1349,21,2,0,4.69,1320.97,1,1
TXN002828,396.67,UPI,Insufficient Funds,1450,11,1,2,12.14,255.66,0,0
TXN002829,1053.4,Card,Bank Decline,701,21,1,0,41.03,358.85,1,1
TXN002830,772.88,UPI,Insufficient Funds,63,23,7,1,20.62,393.12,0,1
TXN002831,718.35,Card,Bank Decline,246,26,11,0,17.37,1052.36,1,0
TXN002832,1463.31,Card,Insufficient Funds,987,19,2,0,21.42,576.33,1,1
TXN002833,213.02,UPI,Bank Decline,433,23,2,0,2.98,1515.84,1,0
TXN002834,892.31,UPI,Bank Decline,623,14,1,0,8.64,1985.85,1,0
TXN002835,8827.42,UPI,Bank Decline,583,14,2,0,3.85,1245.56,0,1
TXN002836,412.61,Net Banking,Expired Card,1008,13,3,3,53.66,5782.41,0,0
TXN002837,3487.53,Wallet,Authentication Failed,146,12,0,0,3.9,1654.88,0,1
TXN002838,1151.93,UPI,Bank Decline,68,19,3,2,3.61,1069.82,1,1
TXN002839,637.36,Card,Insufficient Funds,158,16,3,1,42.62,1547.25,1,1
TXN002840,334.09,UPI,Bank Decline,136,19,5,0,53.62,947.64,1,1
TXN002841,1243.54,UPI,Authentication Failed,437,20,6,1,22.42,1549.75,1,1
TXN002842,4056.43,Card,Network Error,1470,18,5,0,116.85,1124.0,0,0
TXN002843,772.56,Net Banking,Bank Decline,1242,8,3,2,0.93,182.86,0,1
TXN002844,1019.57,Wallet,Insufficient Funds,406,16,3,1,22.88,1519.73,0,0
TXN002845,2722.58,Card,Bank Decline,680,14,4,2,3.73,1252.73,0,0
TXN002846,1490.38,UPI,Bank Decline,547,18,1,1,8.5,1416.38,0,0
TXN002847,266.39,Net Banking,Authentication Failed,188,21,5,0,6.27,3054.48,0,1
TXN002848,1198.71,UPI,Authentication Failed,1081,20,5,4,36.59,2189.56,1,0
TXN002849,4277.02,Card,Insufficient Funds,532,19,4,1,2.25,842.57,1,1
TXN002850,1060.77,UPI,Network Error,356,26,7,3,6.65,676.13,0,0
TXN002851,93.01,Card,Bank Decline,1088,22,4,0,25.42,929.98,0,1
TXN002852,1555.25,UPI,Bank Decline,425,19,3,0,24.83,1391.88,0,0
TXN002853,917.26,UPI,Authentication Failed,1167,13,2,4,14.03,466.71,0,1
TXN002854,211.41,Net Banking,Network Error,646,13,6,2,30.18,839.26,0,1
TXN002855,241.95,UPI,Bank Decline,43,12,4,2,1.6,1127.72,0,0
TXN002856,2637.53,Card,Insufficient Funds,500,22,6,0,0.09,360.01,0,1
TXN002857,567.28,UPI,Limit Exceeded,365,21,6,1,1.96,418.02,1,1
TXN002858,484.57,UPI,Network Error,1115,15,3,0,30.7,1166.27,0,1
TXN002859,1062.02,UPI,Bank Decline,657,15,5,1,12.32,830.04,1,0
TXN002860,614.14,UPI,Insufficient Funds,545,16,4,4,8.73,1986.85,0,1
TXN002861,1199.96,Net Banking,Bank Decline,350,21,3,0,4.81,1879.94,0,1
TXN002862,913.75,UPI,Authentication Failed,751,27,2,1,2.5,929.88,0,0
TXN002863,372.41,Wallet,Network Error,177,20,3,0,15.59,434.95,0,0
TXN002864,692.23,Card,Bank Decline,872,15,6,0,18.41,874.31,0,1
TXN002865,1633.5,Card,Network Error,26,22,3,3,0.92,1291.22,0,1
TXN002866,1138.8,Card,Limit Exceeded,309,11,3,0,1.36,729.75,1,0
TXN002867,1018.67,Card,Bank Decline,782,21,4,4,23.47,1565.34,0,0
TXN002868,6270.72,Card,Insufficient Funds,1003,22,2,1,10.28,757.69,0,0
TXN002869,2117.38,UPI,Network Error,1227,16,1,0,6.85,1112.16,1,1
TXN002870,2361.84,UPI,Expired Card,333,18,5,1,11.89,2071.4,0,1
TXN002871,944.47,Net Banking,Expired Card,582,14,1,0,3.9,677.12,0,1
TXN002872,1336.93,Net Banking,Authentication Failed,1042,18,3,0,0.47,1206.33,0,1
TXN002873,743.98,Net Banking,Bank Decline,367,15,3,0,7.7,1673.52,0,0
TXN002874,2207.89,UPI,Insufficient Funds,778,18,3,0,7.12,1290.38,0,1
TXN002875,992.91,Net Banking,Authentication Failed,302,18,0,1,9.27,2111.15,0,0
TXN002876,1339.62,Card,Bank Decline,1433,15,4,0,12.62,772.88,1,1
TXN002877,1267.18,Card,Network Error,1468,20,5,2,28.98,1000.6,1,0
TXN002878,1078.85,UPI,Expired Card,775,24,0,0,42.38,590.35,0,1
TXN002879,15434.63,Card,Network Error,1405,16,3,2,3.52,714.43,0,1
TXN002880,601.87,UPI,Insufficient Funds,765,17,5,0,9.12,566.32,1,1
TXN002881,596.97,UPI,Limit Exceeded,659,20,0,0,0.43,645.94,0,0
TXN002882,2048.14,Net Banking,Limit Exceeded,824,15,3,0,18.69,1171.63,0,1
TXN002883,641.85,UPI,Network Error,699,18,3,2,7.7,343.74,1,1
TXN002884,843.65,UPI,Network Error,506,14,5,4,10.17,699.48,1,1
TXN002885,412.5,UPI,Insufficient Funds,1456,26,5,0,1.24,1329.05,1,1
TXN002886,1706.85,Net Banking,Insufficient Funds,1074,20,6,1,33.35,1394.43,0,1
TXN002887,1726.47,Card,Bank Decline,1139,25,5,1,23.73,973.79,1,1
TXN002888,825.78,UPI,Bank Decline,1128,20,6,0,3.18,1378.52,0,0
TXN002889,2086.69,Net Banking,Authentication Failed,1475,15,5,0,0.1,1483.43,0,0
TXN002890,205.96,Net Banking,Limit Exceeded,1111,18,7,0,2.24,1474.01,0,1
TXN002891,580.47,UPI,Expired Card,1248,11,6,3,12.16,1097.18,0,0
TXN002892,941.07,Card,Network Error,155,15,2,1,30.09,562.75,1,1
TXN002893,381.82,Net Banking,Insufficient Funds,953,25,4,0,22.89,1237.56,0,1
TXN002894,227.27,Card,Authentication Failed,1106,20,5,3,18.31,4410.07,1,0
TXN002895,831.22,UPI,Bank Decline,570,13,3,0,28.87,1986.62,0,1
TXN002896,2048.0,Net Banking,Insufficient Funds,69,22,4,1,12.9,1659.33,0,1
TXN002897,3476.9,Card,Network Error,400,13,5,0,19.71,3321.78,1,1
TXN002898,670.11,UPI,Authentication Failed,1397,16,3,2,32.42,1066.43,0,0
TXN002899,2121.53,Card,Authentication Failed,1285,22,3,1,14.55,881.99,0,0
TXN002900,1944.75,UPI,Insufficient Funds,65,20,3,1,16.74,539.56,0,0
TXN002901,3283.77,UPI,Authentication Failed,526,17,4,1,17.52,776.17,0,1
TXN002902,800.17,Card,Bank Decline,825,13,4,0,47.65,814.23,0,1
TXN002903,217.32,UPI,Insufficient Funds,395,22,4,3,10.92,2659.52,0,0
TXN002904,1168.14,UPI,Limit Exceeded,594,24,5,0,1.71,225.19,1,1
TXN002905,440.36,Card,Authentication Failed,1456,19,3,2,36.83,827.5,0,0
TXN002906,571.83,UPI,Network Error,1020,9,5,0,1.04,552.37,0,1
TXN002907,836.23,Wallet,Network Error,642,19,4,0,0.85,635.14,1,1
TXN002908,808.33,UPI,Limit Exceeded,530,12,7,1,3.91,1219.86,0,1
TXN002909,1245.64,UPI,Limit Exceeded,286,14,1,0,1.37,525.2,0,1
TXN002910,2064.91,UPI,Authentication Failed,1075,16,2,0,13.28,624.2,1,1
TXN002911,787.64,UPI,Network Error,571,23,4,1,37.58,658.02,1,1
TXN002912,1565.76,UPI,Authentication Failed,1211,14,3,0,5.04,1536.76,0,0
TXN002913,1111.35,Card,Authentication Failed,1431,15,4,0,0.93,287.53,0,0
TXN002914,2545.15,Wallet,Insufficient Funds,1404,22,4,1,5.23,1046.24,0,1
TXN002915,925.44,UPI,Limit Exceeded,240,22,4,1,6.17,1134.05,0,1
TXN002916,1021.44,Card,Network Error,192,15,3,0,36.16,2269.37,0,0
TXN002917,782.93,Card,Bank Decline,811,21,8,1,19.28,1462.55,0,1
TXN002918,947.64,Net Banking,Network Error,81,16,4,2,2.89,1788.05,1,1
TXN002919,541.78,Card,Insufficient Funds,944,23,5,0,6.15,1615.95,0,0
TXN002920,495.55,UPI,Network Error,716,15,4,3,17.89,587.19,1,0
TXN002921,2204.35,UPI,Authentication Failed,239,16,2,0,0.99,459.31,1,1
TXN002922,413.69,Card,Insufficient Funds,1198,12,0,1,20.46,1406.56,0,0
TXN002923,822.87,Net Banking,Bank Decline,541,19,7,3,37.32,1086.42,1,0
TXN002924,2734.79,UPI,Authentication Failed,1437,16,3,0,36.34,1333.01,0,0
TXN002925,798.37,UPI,Bank Decline,1260,15,4,1,1.1,2389.19,0,1
TXN002926,2312.0,Net Banking,Bank Decline,902,16,4,0,29.75,1111.05,0,0
TXN002927,644.23,Net Banking,Bank Decline,978,18,4,1,12.53,709.32,0,1
TXN002928,425.79,Wallet,Network Error,653,18,2,1,12.49,1258.85,0,1
TXN002929,261.04,Card,Expired Card,299,15,2,1,15.54,918.06,1,1
TXN002930,3574.04,UPI,Limit Exceeded,1430,14,1,0,9.45,3850.11,1,1
TXN002931,394.18,Card,Bank Decline,44,16,4,0,22.54,4662.26,1,1
TXN002932,2148.38,Card,Limit Exceeded,1262,21,2,0,7.0,1121.14,0,1
TXN002933,445.88,UPI,Network Error,174,11,4,0,24.75,938.36,0,0
TXN002934,3589.06,Card,Bank Decline,1315,18,3,0,46.91,1776.01,1,1
TXN002935,7991.27,Card,Expired Card,109,22,3,2,2.47,2192.8,1,1
TXN002936,240.36,UPI,Expired Card,151,25,5,1,10.6,1333.56,1,1
TXN002937,413.11,Net Banking,Network Error,761,17,4,0,0.34,659.44,0,1
TXN002938,2199.13,Card,Insufficient Funds,666,21,6,1,10.45,852.55,0,1
TXN002939,1740.17,Wallet,Insufficient Funds,372,19,4,1,10.35,968.66,0,0
TXN002940,2206.65,UPI,Bank Decline,159,18,1,0,23.34,951.84,0,1
TXN002941,654.34,UPI,Bank Decline,834,18,5,1,7.88,404.61,0,0
TXN002942,6560.23,Card,Expired Card,428,18,3,3,39.2,2098.37,1,1
TXN002943,1219.56,UPI,Insufficient Funds,325,16,5,2,9.16,2846.4,1,1
TXN002944,366.77,Card,Limit Exceeded,491,20,5,4,14.48,1334.27,0,0
TXN002945,873.2,Card,Bank Decline,89,20,4,0,5.41,1831.08,1,0
TXN002946,371.22,UPI,Bank Decline,1318,13,0,1,3.05,1248.99,0,1
TXN002947,4590.97,Card,Network Error,1298,19,4,0,19.3,697.27,1,0
TXN002948,605.29,Card,Insufficient Funds,85,14,1,4,9.83,1080.74,0,1
TXN002949,1708.27,UPI,Authentication Failed,1406,16,5,0,17.29,500.15,1,1
TXN002950,717.95,Net Banking,Insufficient Funds,157,15,6,3,16.89,2040.36,0,0
TXN002951,630.27,Net Banking,Bank Decline,762,17,4,1,12.09,3840.1,1,0
TXN002952,196.52,Card,Limit Exceeded,736,15,7,2,6.47,512.08,1,0
TXN002953,1878.74,Card,Network Error,21,23,2,3,3.95,1476.41,0,0
TXN002954,3530.74,Card,Bank Decline,107,14,5,0,3.62,3518.97,0,0
TXN002955,480.89,Net Banking,Bank Decline,786,18,4,2,13.87,1097.08,0,1
TXN002956,272.95,Card,Expired Card,1418,22,6,3,6.34,2957.5,1,0
TXN002957,2259.69,Card,Authentication Failed,1065,26,3,1,14.74,2925.56,1,1
TXN002958,249.23,Net Banking,Authentication Failed,357,21,4,1,28.64,790.4,0,0
TXN002959,3286.5,UPI,Bank Decline,963,26,2,0,12.48,328.09,0,1
TXN002960,485.92,Net Banking,Authentication Failed,289,8,5,0,11.47,1421.06,1,1
TXN002961,406.28,UPI,Insufficient Funds,643,12,3,0,53.97,1461.35,0,0
TXN002962,1371.44,UPI,Insufficient Funds,531,22,2,1,8.49,775.49,0,1
TXN002963,430.81,UPI,Limit Exceeded,171,21,1,0,0.54,3237.0,0,1
TXN002964,580.33,Wallet,Insufficient Funds,434,25,3,0,38.42,3151.69,0,1
TXN002965,1508.07,Net Banking,Insufficient Funds,1288,12,2,1,4.58,4599.54,0,0
TXN002966,123.2,Card,Bank Decline,940,16,6,1,16.38,1283.18,0,1
TXN002967,4808.68,Card,Bank Decline,449,17,7,1,49.94,945.13,0,0
TXN002968,1140.56,Card,Limit Exceeded,632,20,1,1,24.58,1587.37,0,1
TXN002969,342.52,Net Banking,Network Error,1150,16,1,0,32.31,2440.54,1,1
TXN002970,438.99,Card,Bank Decline,75,19,5,0,9.91,1607.59,0,1
TXN002971,2677.08,UPI,Network Error,280,22,7,1,11.06,1678.87,0,0
TXN002972,1883.61,UPI,Authentication Failed,566,21,2,1,1.1,639.43,0,1
TXN002973,3820.37,Net Banking,Limit Exceeded,855,23,4,0,19.88,2208.91,0,1
TXN002974,593.2,Card,Bank Decline,1352,16,1,1,24.54,860.23,1,1
TXN002975,1432.14,UPI,Authentication Failed,1392,19,3,0,13.58,2155.01,0,1
TXN002976,1609.87,UPI,Expired Card,576,17,2,0,34.48,535.1,0,1
TXN002977,2050.3,Net Banking,Insufficient Funds,596,17,5,0,2.09,3235.98,0,1
TXN002978,3024.66,UPI,Insufficient Funds,505,20,5,1,1.66,1148.37,1,1
TXN002979,575.05,Card,Insufficient Funds,210,18,1,3,2.49,957.08,0,1
TXN002980,989.55,Wallet,Expired Card,781,18,5,2,35.77,1227.02,0,1
TXN002981,633.25,Card,Insufficient Funds,1139,17,7,0,3.72,614.95,0,1
TXN002982,1045.92,UPI,Network Error,1295,20,3,0,1.35,623.06,0,0
TXN002983,2056.15,Card,Insufficient Funds,394,12,8,0,28.39,422.64,1,1
TXN002984,247.49,Net Banking,Authentication Failed,422,24,4,2,21.55,1335.87,0,0
TXN002985,2976.29,Card,Bank Decline,907,17,5,2,3.13,2454.8,0,1
TXN002986,393.36,Wallet,Authentication Failed,318,28,5,4,25.94,1287.08,1,1
TXN002987,831.61,UPI,Authentication Failed,258,11,7,1,6.28,1455.73,1,0
TXN002988,3359.5,Card,Insufficient Funds,1418,21,4,0,0.54,572.58,1,1
TXN002989,1473.22,Card,Bank Decline,209,14,6,3,0.64,1195.24,0,0
TXN002990,1488.58,Net Banking,Insufficient Funds,116,18,6,0,2.32,1006.1,1,1
TXN002991,378.96,UPI,Authentication Failed,88,13,5,2,30.8,1587.51,0,1
TXN002992,428.51,Net Banking,Network Error,775,12,3,1,9.12,439.06,0,0
TXN002993,2558.38,Card,Insufficient Funds,199,15,5,4,8.54,856.15,0,0
TXN002994,645.34,UPI,Insufficient Funds,145,12,6,0,28.38,1213.61,0,1
TXN002995,702.45,UPI,Bank Decline,227,23,3,1,18.71,470.42,1,1
TXN002996,2611.18,Net Banking,Authentication Failed,1219,21,2,0,38.52,1841.24,1,1
TXN002997,426.27,UPI,Expired Card,867,11,4,1,0.45,1458.26,1,0
TXN002998,1397.32,UPI,Authentication Failed,346,13,3,0,3.27,174.82,0,0
TXN002999,1139.81,UPI,Bank Decline,484,18,2,0,34.61,492.78,0,1
TXN003000,1093.99,Net Banking,Insufficient Funds,965,19,8,1,58.17,1189.28,1,0
TXN003001,687.74,Card,Authentication Failed,1452,17,5,0,6.29,4642.37,0,1
TXN003002,650.75,Net Banking,Insufficient Funds,1227,10,5,4,0.67,1592.72,1,1
TXN003003,415.5,UPI,Authentication Failed,819,23,3,0,0.2,149.34,0,1
TXN003004,1693.24,Card,Bank Decline,204,20,2,1,0.53,649.65,0,1
TXN003005,601.04,Card,Insufficient Funds,1354,22,3,0,19.36,1430.23,1,1
TXN003006,2622.47,Net Banking,Expired Card,1290,23,4,0,5.22,438.26,0,0
TXN003007,895.96,Net Banking,Authentication Failed,205,24,7,2,8.34,1795.92,0,1
TXN003008,423.01,UPI,Authentication Failed,822,25,4,3,8.34,1159.11,0,0
TXN003009,885.34,Card,Insufficient Funds,1167,21,6,0,5.13,2769.64,1,0
TXN003010,757.66,UPI,Insufficient Funds,1376,20,2,0,3.57,594.08,1,0
TXN003011,2719.47,Card,Network Error,181,21,3,0,13.3,1674.9,0,1
TXN003012,786.74,UPI,Expired Card,495,17,7,2,1.28,1654.23,0,1
TXN003013,855.26,UPI,Limit Exceeded,1499,20,3,1,11.02,4006.62,0,1
TXN003014,3906.48,UPI,Insufficient Funds,322,16,6,2,9.79,2167.1,0,1
TXN003015,1732.71,Card,Authentication Failed,826,21,1,2,6.18,1193.8,0,0
TXN003016,4897.28,UPI,Expired Card,386,12,7,2,1.54,416.73,1,1
TXN003017,3405.48,Card,Limit Exceeded,448,15,2,1,19.25,654.87,0,1
TXN003018,493.52,UPI,Network Error,871,22,3,0,16.59,1589.33,0,1
TXN003019,2673.0,UPI,Bank Decline,139,29,5,1,24.4,1125.41,1,0
TXN003020,4327.62,Net Banking,Authentication Failed,987,21,2,0,13.67,2241.83,0,0
TXN003021,4356.97,UPI,Network Error,1057,23,5,2,12.87,557.2,0,1
TXN003022,2668.54,Card,Authentication Failed,943,17,2,0,5.03,865.96,0,1
TXN003023,2619.58,Card,Authentication Failed,1287,17,9,1,9.13,2768.52,1,1
TXN003024,835.14,UPI,Expired Card,662,21,2,0,13.83,1329.71,1,1
TXN003025,516.13,UPI,Network Error,1386,17,6,2,1.37,1070.12,1,1
TXN003026,798.72,UPI,Insufficient Funds,242,16,3,0,21.9,302.16,1,1
TXN003027,245.11,Net Banking,Insufficient Funds,995,21,0,4,48.2,764.41,0,1
TXN003028,3672.09,Card,Insufficient Funds,1389,15,3,1,62.86,674.75,1,1
TXN003029,849.83,Card,Insufficient Funds,821,21,2,0,30.09,3034.14,0,1
TXN003030,3505.88,Card,Bank Decline,925,18,4,0,29.82,2619.04,0,0
TXN003031,362.0,UPI,Bank Decline,1301,18,5,4,3.25,1021.3,0,1
TXN003032,2905.5,UPI,Bank Decline,445,21,1,0,7.14,1194.09,0,1
TXN003033,702.47,Card,Bank Decline,594,22,5,1,25.8,1359.55,0,1
TXN003034,345.18,UPI,Insufficient Funds,1341,18,1,0,0.68,1323.5,0,0
TXN003035,4742.91,UPI,Insufficient Funds,1247,13,1,0,1.55,1215.17,0,0
TXN003036,2970.78,UPI,Expired Card,617,25,2,1,18.33,1754.91,0,1
TXN003037,1326.92,Card,Network Error,1342,16,9,0,10.25,1046.04,0,1
TXN003038,1130.65,Wallet,Bank Decline,236,21,4,1,20.68,406.25,1,0
TXN003039,1628.74,UPI,Expired Card,346,22,4,1,5.34,654.89,0,0
TXN003040,1306.58,Card,Limit Exceeded,170,19,5,0,1.52,1192.43,1,0
TXN003041,537.51,UPI,Bank Decline,122,20,4,0,31.83,3368.3,1,1
TXN003042,756.84,Wallet,Expired Card,77,20,2,1,27.47,2613.41,0,0
TXN003043,6403.79,UPI,Authentication Failed,856,23,4,0,11.18,347.57,1,0
TXN003044,12148.26,UPI,Limit Exceeded,1083,18,3,1,38.24,900.25,0,0
TXN003045,4475.63,Card,Bank Decline,348,22,4,1,4.54,623.46,0,1
TXN003046,1686.48,Card,Expired Card,941,17,8,0,8.24,1463.78,1,1
TXN003047,809.18,Card,Insufficient Funds,594,12,9,0,5.0,1214.17,1,0
TXN003048,534.66,UPI,Network Error,785,22,2,0,1.63,949.04,1,1
TXN003049,567.33,UPI,Authentication Failed,338,17,4,3,19.04,1307.19,1,1
TXN003050,666.51,UPI,Network Error,1109,17,5,0,16.12,1343.0,0,0
TXN003051,7601.1,UPI,Authentication Failed,974,11,2,3,10.58,886.34,0,0
TXN003052,5572.81,Card,Bank Decline,113,26,4,0,35.39,1590.19,1,0
TXN003053,2146.62,UPI,Authentication Failed,88,17,3,0,12.25,2667.37,0,0
TXN003054,461.95,UPI,Network Error,1232,18,3,3,10.77,3033.19,0,0
TXN003055,2449.77,Card,Insufficient Funds,398,23,4,1,20.59,791.56,1,1
TXN003056,884.7,Wallet,Network Error,236,16,3,0,0.69,3175.46,0,1
TXN003057,157.95,Card,Bank Decline,26,20,3,1,5.88,2841.08,0,1
TXN003058,1419.97,UPI,Insufficient Funds,786,12,3,0,32.29,701.9,0,0
TXN003059,514.03,UPI,Limit Exceeded,1353,22,5,0,2.5,2242.9,0,0
TXN003060,529.93,Wallet,Bank Decline,1498,11,3,0,30.77,1098.65,0,0
TXN003061,875.36,UPI,Limit Exceeded,658,16,2,2,18.12,3185.45,0,1
TXN003062,700.3,UPI,Bank Decline,1340,18,7,0,29.08,1106.77,1,1
TXN003063,1063.34,Card,Insufficient Funds,478,20,3,1,1.46,2641.62,0,1
TXN003064,1018.31,Card,Authentication Failed,598,25,6,0,22.0,1498.88,0,1
TXN003065,202.71,Card,Bank Decline,80,21,3,0,27.14,904.08,0,0
TXN003066,4308.09,UPI,Network Error,660,25,3,0,0.46,653.22,0,0
TXN003067,452.58,UPI,Network Error,1466,15,3,0,23.4,634.54,0,1
TXN003068,465.37,Wallet,Network Error,468,14,4,1,12.04,909.28,0,0
TXN003069,815.91,UPI,Authentication Failed,1180,18,6,0,0.23,905.44,0,1
TXN003070,994.76,Card,Expired Card,321,14,4,1,18.74,1516.6,0,0
TXN003071,4076.86,Card,Bank Decline,1280,23,2,2,4.98,1044.57,1,0
TXN003072,1397.56,Card,Authentication Failed,646,29,4,0,60.37,2962.23,0,0
TXN003073,1825.88,UPI,Insufficient Funds,280,17,3,2,68.77,1357.38,0,1
TXN003074,1404.0,UPI,Network Error,488,22,6,2,0.06,1572.02,0,0
TXN003075,1350.62,Card,Authentication Failed,88,17,3,2,2.6,1039.44,0,0
TXN003076,1449.18,Net Banking,Network Error,1262,19,4,2,13.01,3153.43,0,0
TXN003077,192.59,Net Banking,Limit Exceeded,37,18,6,0,17.82,712.96,0,1
TXN003078,875.74,UPI,Expired Card,752,13,1,1,18.02,240.95,1,0
TXN003079,3121.39,UPI,Limit Exceeded,1114,28,4,0,22.97,692.56,0,0
TXN003080,38104.89,Net Banking,Authentication Failed,1002,20,4,4,3.46,1084.69,1,1
TXN003081,370.97,Card,Bank Decline,48,19,2,1,6.42,892.16,1,0
TXN003082,1604.83,Net Banking,Insufficient Funds,257,23,3,1,13.9,745.61,1,0
TXN003083,655.93,UPI,Network Error,393,18,0,4,2.75,698.87,0,1
TXN003084,6924.95,Card,Expired Card,1002,27,4,0,30.02,1002.25,0,0
TXN003085,324.28,Card,Bank Decline,272,21,7,2,27.63,5945.13,0,0
TXN003086,1924.55,Card,Insufficient Funds,28,26,4,0,20.63,723.0,0,1
TXN003087,309.05,UPI,Bank Decline,1437,18,5,1,7.27,1627.2,1,1
TXN003088,823.27,UPI,Authentication Failed,82,14,7,1,15.68,1859.46,1,0
TXN003089,1063.28,Card,Expired Card,686,20,5,0,0.09,1687.01,0,1
TXN003090,2871.88,UPI,Bank Decline,897,28,4,1,16.49,1489.74,0,0
TXN003091,415.94,Card,Insufficient Funds,871,14,3,1,0.92,1167.66,1,1
TXN003092,1992.3,Wallet,Bank Decline,1381,13,4,0,4.49,1349.78,0,1
TXN003093,1115.32,UPI,Insufficient Funds,246,16,5,1,7.71,729.68,1,1
TXN003094,1401.8,Net Banking,Insufficient Funds,57,21,3,1,18.67,458.84,0,0
TXN003095,2598.01,UPI,Authentication Failed,966,18,3,0,4.99,1317.7,1,1
TXN003096,345.74,Card,Authentication Failed,482,20,5,0,2.52,3489.34,0,1
TXN003097,2274.55,Wallet,Insufficient Funds,870,11,3,3,12.35,832.61,1,1
TXN003098,657.2,UPI,Insufficient Funds,900,29,3,0,25.01,898.0,0,0
TXN003099,2940.36,UPI,Bank Decline,531,15,7,0,8.91,4309.5,0,0
TXN003100,1481.93,Card,Bank Decline,163,15,5,2,35.18,1347.52,0,0
TXN003101,908.16,UPI,Insufficient Funds,205,14,3,2,51.02,421.16,0,0
TXN003102,644.82,Card,Bank Decline,1030,14,4,3,22.53,5010.36,0,0
TXN003103,2300.69,Net Banking,Insufficient Funds,1461,11,3,2,29.66,1147.86,0,1
TXN003104,3411.33,Card,Limit Exceeded,672,23,4,0,14.54,879.13,0,1
TXN003105,678.87,UPI,Expired Card,742,20,1,1,15.45,337.28,1,0
TXN003106,395.56,Card,Expired Card,1148,14,7,0,0.67,1228.15,0,1
TXN003107,2048.35,Card,Bank Decline,81,13,3,2,13.62,1664.6,1,0
TXN003108,297.77,UPI,Authentication Failed,958,19,6,1,13.5,2084.66,1,0
TXN003109,338.67,Card,Authentication Failed,731,20,3,1,14.75,1097.43,1,1
TXN003110,421.39,Card,Insufficient Funds,1015,15,5,1,4.57,1495.15,1,1
TXN003111,754.53,Card,Bank Decline,373,22,1,0,8.81,1233.41,0,1
TXN003112,329.41,UPI,Network Error,762,16,5,1,53.57,1085.76,1,0
TXN003113,191.54,Card,Insufficient Funds,1208,19,3,0,34.39,190.06,1,1
TXN003114,394.69,UPI,Bank Decline,114,26,6,0,10.87,1167.49,0,1
TXN003115,1955.16,UPI,Network Error,695,25,3,0,9.75,1333.09,0,1
TXN003116,349.19,Net Banking,Network Error,99,14,4,1,27.56,639.61,1,0
TXN003117,807.35,Card,Bank Decline,972,23,6,1,9.14,1353.88,1,1
TXN003118,6323.5,UPI,Network Error,106,18,6,1,16.52,1111.77,0,0
TXN003119,1049.16,UPI,Authentication Failed,187,18,5,0,36.86,507.39,0,1
TXN003120,1492.6,UPI,Insufficient Funds,677,12,3,0,3.87,945.11,0,0
TXN003121,468.04,UPI,Expired Card,102,16,0,0,24.36,1949.21,0,1
TXN003122,7685.78,UPI,Insufficient Funds,238,22,5,0,107.59,724.59,0,1
TXN003123,673.73,UPI,Insufficient Funds,257,20,1,1,0.7,453.15,0,1
TXN003124,893.11,Card,Network Error,910,21,3,2,0.54,612.38,1,0
TXN003125,3588.01,Card,Insufficient Funds,25,22,1,2,21.51,781.31,1,0
TXN003126,931.17,Card,Insufficient Funds,1317,18,5,1,10.57,1310.49,0,0
TXN003127,1144.93,Card,Insufficient Funds,213,24,2,2,3.64,1743.1,1,0
TXN003128,851.06,UPI,Network Error,317,15,5,0,13.13,1727.46,0,0
TXN003129,856.33,Wallet,Expired Card,109,28,4,4,39.93,534.9,0,0
TXN003130,1530.66,Net Banking,Insufficient Funds,165,20,3,0,13.32,1554.72,0,1
TXN003131,1803.8,Net Banking,Expired Card,384,14,3,0,50.69,781.33,1,0
TXN003132,614.66,Net Banking,Insufficient Funds,1254,8,5,0,15.17,1096.48,1,1
TXN003133,550.34,Net Banking,Network Error,720,18,7,0,3.71,1873.35,0,1
TXN003134,633.83,Card,Bank Decline,98,17,4,0,32.82,511.38,1,1
TXN003135,310.71,UPI,Expired Card,673,10,3,0,8.61,559.85,0,0
TXN003136,262.07,Card,Authentication Failed,182,24,3,0,16.66,835.58,0,1
TXN003137,1432.89,Card,Authentication Failed,1140,11,8,1,8.99,1299.32,0,0
TXN003138,2552.26,Card,Insufficient Funds,741,24,3,2,9.96,852.37,0,1
TXN003139,2401.72,Card,Authentication Failed,185,23,5,0,3.43,653.39,0,1
TXN003140,128.54,UPI,Insufficient Funds,744,19,6,1,17.69,2546.21,1,0
TXN003141,879.58,UPI,Authentication Failed,459,18,6,0,6.84,608.61,0,1
TXN003142,406.72,Net Banking,Bank Decline,1105,16,4,1,7.77,847.5,1,1
TXN003143,1248.08,Card,Bank Decline,589,18,8,1,3.88,1062.59,1,0
TXN003144,752.92,Card,Insufficient Funds,498,13,2,0,7.55,3606.66,0,0
TXN003145,1868.18,UPI,Insufficient Funds,963,11,4,3,31.0,762.62,0,0
TXN003146,1077.89,UPI,Expired Card,109,11,4,0,55.59,1851.4,0,1
TXN003147,199.06,Net Banking,Authentication Failed,47,20,2,1,10.43,913.73,0,1
TXN003148,459.26,Card,Network Error,441,18,8,1,24.87,278.88,1,0
TXN003149,1102.36,Net Banking,Expired Card,1364,14,3,2,43.25,1779.28,1,0
TXN003150,1189.28,Card,Limit Exceeded,1310,6,5,0,5.26,1446.51,0,0
TXN003151,309.48,Card,Bank Decline,1273,14,3,1,2.58,1626.04,1,1
TXN003152,275.11,UPI,Insufficient Funds,952,11,4,2,5.02,829.67,1,1
TXN003153,1153.57,Card,Insufficient Funds,708,23,2,0,39.79,783.87,1,0
TXN003154,310.04,Card,Bank Decline,1109,19,3,1,6.58,1766.31,0,0
TXN003155,244.26,Card,Bank Decline,443,19,6,0,13.43,644.89,1,1
TXN003156,734.63,Card,Insufficient Funds,714,16,5,3,60.33,1102.5,0,0
TXN003157,706.55,Net Banking,Insufficient Funds,1491,24,5,4,11.64,868.27,0,1
TXN003158,497.42,UPI,Insufficient Funds,1227,21,2,1,8.21,599.45,1,1
TXN003159,582.1,Net Banking,Authentication Failed,1061,17,5,1,46.01,1308.65,0,0
TXN003160,1110.37,UPI,Insufficient Funds,36,16,2,0,2.03,1707.8,1,1
TXN003161,573.55,Card,Network Error,1143,12,0,0,22.16,1551.31,1,1
TXN003162,1168.68,UPI,Network Error,992,18,3,1,10.15,1188.08,0,0
TXN003163,778.66,UPI,Network Error,690,12,9,1,27.79,449.0,1,1
TXN003164,1275.23,Card,Insufficient Funds,396,18,5,1,11.48,975.46,0,1
TXN003165,2417.25,UPI,Bank Decline,282,12,0,2,31.97,349.36,0,0
TXN003166,2333.96,Card,Insufficient Funds,1250,18,2,2,10.14,349.58,1,1
TXN003167,3496.05,Net Banking,Bank Decline,1306,17,2,0,3.04,680.81,0,0
TXN003168,2331.65,UPI,Insufficient Funds,18,13,5,1,9.16,1928.61,0,0
TXN003169,1359.27,Card,Network Error,55,25,1,2,2.53,224.9,0,1
TXN003170,742.42,UPI,Expired Card,16,18,4,2,1.05,1792.29,1,1
TXN003171,773.57,Card,Network Error,267,14,6,0,4.99,601.36,1,0
TXN003172,497.7,UPI,Bank Decline,326,20,7,2,9.74,1023.65,0,0
TXN003173,1101.11,UPI,Bank Decline,192,10,2,3,2.51,3987.72,1,1
TXN003174,2054.21,UPI,Limit Exceeded,235,21,3,0,21.31,2039.2,0,1
TXN003175,570.72,UPI,Insufficient Funds,676,24,4,1,18.05,998.91,1,0
TXN003176,1060.51,UPI,Limit Exceeded,791,16,10,0,29.37,690.52,0,1
TXN003177,596.08,Card,Limit Exceeded,841,13,3,2,4.98,1934.19,0,0
TXN003178,1324.01,Net Banking,Bank Decline,27,16,4,2,8.56,617.9,0,0
TXN003179,668.85,Net Banking,Bank Decline,22,8,3,3,19.36,1132.92,0,0
TXN003180,563.65,Card,Network Error,486,17,5,2,9.39,1815.02,1,1
TXN003181,594.68,UPI,Insufficient Funds,12,22,5,0,8.72,1879.79,0,0
TXN003182,1725.02,UPI,Insufficient Funds,304,13,4,0,7.67,297.32,0,1
TXN003183,1005.18,UPI,Insufficient Funds,918,22,0,0,12.36,1365.74,1,1
TXN003184,745.77,UPI,Insufficient Funds,947,14,5,0,9.44,850.4,0,1
TXN003185,1387.51,Card,Network Error,265,13,5,0,14.26,825.0,0,0
TXN003186,755.16,Card,Limit Exceeded,1020,19,2,1,78.3,1127.0,0,0
TXN003187,3022.58,UPI,Bank Decline,1070,13,6,0,11.96,5117.29,0,1
TXN003188,456.47,UPI,Authentication Failed,282,20,7,0,26.85,1061.84,0,0
TXN003189,926.79,Net Banking,Authentication Failed,750,16,2,1,19.87,877.9,1,1
TXN003190,309.73,Net Banking,Authentication Failed,525,25,2,1,14.66,558.4,0,0
TXN003191,802.57,UPI,Limit Exceeded,833,16,4,1,24.16,1021.0,1,0
TXN003192,241.85,Net Banking,Bank Decline,611,20,4,0,18.26,343.06,0,1
TXN003193,2146.7,Wallet,Insufficient Funds,1338,18,3,0,1.26,2157.71,1,0
TXN003194,2186.05,UPI,Network Error,955,24,7,1,24.65,1044.43,0,1
TXN003195,2221.09,UPI,Network Error,486,23,3,1,42.39,878.55,1,0
TXN003196,1125.5,Card,Limit Exceeded,420,18,0,1,29.42,1595.71,1,1
TXN003197,496.76,Net Banking,Authentication Failed,1005,15,3,2,8.59,744.21,0,1
TXN003198,533.63,Net Banking,Network Error,1495,19,1,1,41.9,1417.8,0,1
TXN003199,4346.62,UPI,Bank Decline,1439,13,10,0,1.93,439.22,0,0
TXN003200,3992.25,UPI,Insufficient Funds,1080,24,3,2,8.63,438.12,0,1
TXN003201,1224.51,Card,Insufficient Funds,783,22,4,0,0.09,183.73,0,0
TXN003202,689.47,Card,Network Error,51,15,9,0,8.02,1687.29,0,1
TXN003203,3758.45,UPI,Network Error,836,11,4,0,0.76,2104.55,0,1
TXN003204,586.95,Net Banking,Limit Exceeded,1301,13,5,0,24.98,1299.33,0,0
TXN003205,1347.44,Card,Network Error,281,14,2,1,5.74,2372.65,0,1
TXN003206,3702.49,Net Banking,Authentication Failed,1453,28,8,2,14.38,1752.07,0,1
TXN003207,516.61,Net Banking,Network Error,1065,18,1,0,16.13,1625.66,1,1
TXN003208,2313.0,Card,Limit Exceeded,659,11,5,1,6.64,1001.41,0,0
TXN003209,1751.99,Card,Insufficient Funds,150,20,4,0,5.07,2291.76,1,0
TXN003210,1058.32,Card,Authentication Failed,841,15,1,1,14.41,697.37,0,1
TXN003211,448.5,UPI,Expired Card,763,21,4,0,4.92,1561.53,0,1
TXN003212,571.35,Card,Insufficient Funds,199,13,7,0,3.08,2032.6,0,0
TXN003213,1422.98,UPI,Insufficient Funds,553,14,6,1,24.56,750.72,0,1
TXN003214,304.6,Card,Authentication Failed,790,21,5,3,6.94,1446.22,1,0
TXN003215,1233.57,UPI,Insufficient Funds,184,15,7,1,10.69,1209.63,1,1
TXN003216,1784.59,UPI,Bank Decline,788,15,3,1,43.81,580.48,1,1
TXN003217,2661.64,UPI,Bank Decline,324,19,3,0,2.45,1961.14,0,1
TXN003218,311.52,UPI,Expired Card,1421,15,3,0,1.19,847.93,0,0
TXN003219,3585.39,Card,Limit Exceeded,157,22,3,2,10.11,1713.89,1,1
TXN003220,5043.36,Card,Bank Decline,617,23,8,0,17.17,524.3,0,0
TXN003221,1586.26,Card,Bank Decline,1477,18,3,0,11.28,710.74,0,1
TXN003222,430.85,UPI,Authentication Failed,547,17,2,0,0.15,784.03,1,0
TXN003223,816.23,UPI,Limit Exceeded,156,16,2,1,9.37,734.52,0,0
TXN003224,1050.65,UPI,Authentication Failed,1238,22,4,0,11.8,613.12,0,1
TXN003225,1398.87,UPI,Bank Decline,1379,28,3,0,52.8,552.06,1,0
TXN003226,1118.54,Net Banking,Bank Decline,268,13,1,0,1.43,1136.77,0,1
TXN003227,1412.4,UPI,Bank Decline,419,17,1,0,20.97,898.34,0,1
TXN003228,1010.63,UPI,Expired Card,1119,16,1,0,9.03,1280.53,0,1
TXN003229,1392.14,UPI,Insufficient Funds,1288,22,1,0,37.22,1370.88,0,0
TXN003230,724.53,UPI,Bank Decline,498,14,5,0,19.39,435.97,0,0
TXN003231,808.86,Card,Insufficient Funds,1126,11,4,1,9.01,1314.01,0,1
TXN003232,653.0,Card,Bank Decline,1007,20,3,4,18.37,1549.93,0,0
TXN003233,6158.16,UPI,Limit Exceeded,1434,21,4,1,10.65,674.11,1,1
TXN003234,4094.95,UPI,Insufficient Funds,1469,20,7,2,22.75,1856.98,0,1
TXN003235,1807.62,UPI,Expired Card,43,13,2,0,28.11,792.49,1,1
TXN003236,3614.75,UPI,Authentication Failed,487,16,7,2,21.29,1919.82,1,0
TXN003237,2249.84,UPI,Bank Decline,186,19,3,1,8.42,130.58,0,1
TXN003238,1290.96,Wallet,Expired Card,1355,23,7,0,0.64,2426.46,1,1
TXN003239,282.87,Card,Authentication Failed,588,16,4,0,2.68,2673.7,0,0
TXN003240,866.15,Card,Authentication Failed,1436,19,3,1,11.22,1063.6,1,0
TXN003241,811.16,UPI,Bank Decline,1499,15,6,2,15.84,2375.63,0,1
TXN003242,395.53,Card,Insufficient Funds,985,17,4,0,1.77,913.23,0,0
TXN003243,287.85,Card,Insufficient Funds,1301,18,3,2,11.19,901.07,0,0
TXN003244,1708.63,Card,Expired Card,360,18,1,2,6.07,2953.72,0,0
TXN003245,1468.58,Card,Expired Card,973,16,5,2,1.27,819.91,1,0
TXN003246,383.5,UPI,Expired Card,1495,26,11,2,7.85,2446.13,0,0
TXN003247,560.43,Card,Bank Decline,370,19,3,1,18.05,603.41,0,0
TXN003248,3118.48,UPI,Insufficient Funds,75,17,6,2,26.93,1280.77,0,1
TXN003249,497.74,Net Banking,Network Error,314,19,3,2,25.81,336.53,0,0
TXN003250,1278.85,Card,Network Error,429,17,6,1,12.86,1176.8,1,1
TXN003251,924.45,Card,Expired Card,520,15,4,2,1.8,2880.55,0,0
TXN003252,1729.74,UPI,Bank Decline,225,19,4,2,16.3,1042.58,0,1
TXN003253,507.5,Card,Bank Decline,1075,22,5,0,0.95,1958.66,1,0
TXN003254,1189.25,UPI,Bank Decline,1263,18,3,0,9.96,725.31,0,1
TXN003255,1276.47,UPI,Insufficient Funds,373,17,4,2,19.36,1358.06,0,1
TXN003256,1349.06,UPI,Bank Decline,128,23,5,0,2.37,1318.97,0,1
TXN003257,1177.52,Card,Insufficient Funds,501,18,5,4,17.49,795.76,0,1
TXN003258,1495.4,UPI,Bank Decline,583,22,4,1,20.12,1209.46,1,1
TXN003259,7884.02,UPI,Insufficient Funds,890,20,3,0,39.81,1918.04,0,1
TXN003260,10994.69,Net Banking,Insufficient Funds,1179,23,5,0,4.4,971.86,0,0
TXN003261,616.9,UPI,Limit Exceeded,901,16,4,2,30.8,620.83,0,1
TXN003262,136.13,Card,Bank Decline,585,13,6,0,7.59,607.11,0,1
TXN003263,1874.22,UPI,Expired Card,356,19,8,0,8.84,1287.27,1,1
TXN003264,1296.76,UPI,Expired Card,121,22,3,0,60.41,1127.21,0,0
TXN003265,2849.61,Net Banking,Network Error,634,16,3,0,12.77,2532.49,0,1
TXN003266,1417.14,UPI,Authentication Failed,243,12,1,0,36.72,1717.39,0,0
TXN003267,1156.03,Card,Insufficient Funds,53,17,6,0,21.59,1394.42,1,1
TXN003268,3029.09,Card,Limit Exceeded,280,26,6,2,9.77,502.57,0,1
TXN003269,3435.45,Card,Authentication Failed,119,21,5,1,0.79,1060.65,0,1
TXN003270,314.85,Card,Authentication Failed,551,23,8,0,12.22,497.49,1,0
TXN003271,525.87,UPI,Insufficient Funds,405,14,7,2,8.44,2986.6,0,1
TXN003272,997.21,UPI,Bank Decline,798,18,8,1,13.39,818.12,1,1
TXN003273,1198.22,Card,Insufficient Funds,1322,15,3,1,23.64,718.08,0,0
TXN003274,894.81,Card,Network Error,322,9,3,1,13.87,962.17,0,0
TXN003275,1620.98,Net Banking,Expired Card,1192,16,3,0,20.02,1432.81,0,1
TXN003276,2687.84,Net Banking,Bank Decline,1120,25,5,2,21.64,235.98,1,1
TXN003277,5169.02,Net Banking,Network Error,57,21,8,0,27.21,686.84,1,1
TXN003278,1846.45,Card,Expired Card,1454,13,3,1,18.88,3607.1,0,0
TXN003279,509.23,UPI,Bank Decline,1436,16,5,2,38.27,1421.11,1,1
TXN003280,960.41,Net Banking,Authentication Failed,150,20,5,1,6.42,1340.65,0,1
TXN003281,1024.73,Card,Limit Exceeded,534,12,1,1,32.52,1526.54,1,1
TXN003282,1742.67,UPI,Insufficient Funds,1163,15,4,1,17.98,475.57,1,1
TXN003283,1555.19,Net Banking,Network Error,396,31,7,0,17.1,5856.27,1,1
TXN003284,6942.08,Net Banking,Bank Decline,1200,25,4,4,3.71,1831.97,0,0
TXN003285,723.89,Card,Network Error,1190,20,2,1,33.45,821.36,0,0
TXN003286,1550.41,UPI,Authentication Failed,825,19,2,0,16.56,1813.51,0,1
TXN003287,9129.26,UPI,Authentication Failed,755,13,8,1,3.59,2188.93,0,0
TXN003288,647.63,Net Banking,Bank Decline,418,14,6,2,0.92,578.52,0,0
TXN003289,1249.67,Net Banking,Bank Decline,390,17,2,2,12.0,5631.16,0,0
TXN003290,468.53,UPI,Bank Decline,881,22,5,3,5.98,1207.91,0,1
TXN003291,1180.72,UPI,Network Error,903,20,5,0,6.33,748.51,1,0
TXN003292,543.38,Net Banking,Insufficient Funds,714,14,1,0,1.44,2517.16,1,0
TXN003293,2813.32,UPI,Network Error,1215,22,2,3,4.55,646.52,0,0
TXN003294,1252.11,Card,Insufficient Funds,220,31,5,1,61.61,357.47,0,1
TXN003295,472.55,Wallet,Bank Decline,1124,23,1,3,14.77,457.71,0,0
TXN003296,2336.74,UPI,Insufficient Funds,576,18,4,0,13.79,336.25,1,1
TXN003297,1289.1,Card,Authentication Failed,225,21,4,2,12.68,725.66,1,1
TXN003298,2585.15,UPI,Expired Card,225,16,2,1,26.37,1635.02,0,0
TXN003299,390.37,UPI,Bank Decline,19,26,7,1,20.29,1322.57,0,1
TXN003300,1528.35,Net Banking,Insufficient Funds,429,16,1,1,3.83,898.02,0,0
TXN003301,2199.55,Card,Network Error,1453,20,3,2,12.52,646.64,0,0
TXN003302,749.17,Wallet,Insufficient Funds,492,16,2,0,22.21,964.49,1,1
TXN003303,353.15,Card,Network Error,1407,19,2,4,10.79,904.41,0,0
TXN003304,1056.33,UPI,Limit Exceeded,974,16,4,1,14.06,1105.04,0,1
TXN003305,3311.99,UPI,Network Error,1438,21,7,2,1.52,349.08,1,1
TXN003306,3020.98,UPI,Expired Card,792,11,2,0,0.22,4243.69,1,1
TXN003307,745.77,UPI,Network Error,125,28,4,0,26.36,471.88,0,1
TXN003308,345.58,UPI,Authentication Failed,277,15,5,0,26.85,566.9,0,1
TXN003309,743.92,UPI,Authentication Failed,918,14,1,1,12.79,1127.97,0,1
TXN003310,719.37,Card,Network Error,1127,15,0,0,30.4,2536.81,1,1
TXN003311,1638.94,Card,Bank Decline,848,19,4,2,27.4,2088.05,1,1
TXN003312,997.75,Card,Bank Decline,1077,22,1,0,7.97,516.77,0,1
TXN003313,556.72,Card,Insufficient Funds,670,12,4,0,12.15,376.23,1,1
TXN003314,2962.64,UPI,Expired Card,1030,17,5,0,11.58,1971.4,1,0
TXN003315,1244.37,UPI,Network Error,179,13,9,0,0.36,737.58,0,1
TXN003316,1622.74,Card,Insufficient Funds,793,23,3,1,0.0,1323.47,1,1
TXN003317,232.18,Card,Insufficient Funds,353,14,2,2,32.81,1273.85,0,1
TXN003318,123.74,UPI,Network Error,243,15,3,2,68.53,543.65,0,0
TXN003319,300.73,Net Banking,Authentication Failed,943,19,3,0,25.4,1050.07,1,0
TXN003320,711.6,Net Banking,Network Error,549,14,7,4,1.34,1911.55,0,0
TXN003321,1842.21,Card,Expired Card,1243,19,5,2,16.89,1181.88,0,1
TXN003322,133.22,UPI,Bank Decline,1302,21,5,0,17.7,524.29,0,1
TXN003323,4598.87,Card,Network Error,413,19,5,2,5.64,1173.13,0,1
TXN003324,1278.59,Card,Bank Decline,84,19,5,0,12.03,1679.1,1,0
TXN003325,3730.38,Net Banking,Expired Card,1176,17,2,0,0.23,1177.55,1,0
TXN003326,494.05,Card,Insufficient Funds,18,19,3,2,11.37,1173.89,0,0
TXN003327,1725.85,Net Banking,Network Error,235,5,3,3,5.65,1235.09,0,1
TXN003328,1184.03,Card,Bank Decline,849,10,7,1,4.4,431.03,1,0
TXN003329,2289.11,UPI,Bank Decline,971,14,5,1,65.97,703.34,1,0
TXN003330,888.55,Card,Authentication Failed,1371,14,9,0,20.12,994.39,1,1
TXN003331,1678.9,Card,Insufficient Funds,678,16,4,2,40.15,891.57,0,1
TXN003332,2957.13,Card,Bank Decline,845,14,7,2,2.83,828.1,0,1
TXN003333,610.29,UPI,Network Error,170,17,2,0,4.69,735.86,0,1
TXN003334,1363.79,UPI,Authentication Failed,388,21,2,1,47.08,1371.23,0,0
TXN003335,200.52,Net Banking,Bank Decline,737,21,5,3,5.94,1347.54,0,0
TXN003336,2063.69,Card,Limit Exceeded,588,19,7,2,38.06,2862.26,1,0
TXN003337,6368.99,Net Banking,Authentication Failed,1452,20,8,2,24.19,1002.38,0,0
TXN003338,357.81,Card,Bank Decline,1468,15,4,0,0.69,2754.11,0,1
TXN003339,1010.05,Card,Bank Decline,778,19,4,2,2.97,199.97,1,1
TXN003340,2422.2,Card,Bank Decline,948,18,3,1,14.68,1674.05,0,1
TXN003341,1128.08,Net Banking,Limit Exceeded,1093,16,7,0,44.81,501.25,0,0
TXN003342,1272.31,Card,Insufficient Funds,1001,17,2,1,15.45,3082.31,0,0
TXN003343,771.32,Card,Bank Decline,252,19,3,2,21.59,302.77,0,1
TXN003344,745.95,UPI,Expired Card,1004,15,10,2,20.17,870.07,0,0
TXN003345,1014.32,Card,Network Error,56,14,2,3,2.18,847.38,1,0
TXN003346,1138.54,Card,Bank Decline,1264,25,6,0,31.83,357.44,0,0
TXN003347,378.68,UPI,Network Error,1312,16,5,0,23.7,612.61,0,0
TXN003348,1033.37,UPI,Insufficient Funds,675,15,7,3,6.94,994.09,0,0
TXN003349,4499.32,UPI,Bank Decline,226,13,7,2,11.11,679.82,0,0
TXN003350,752.03,UPI,Network Error,913,28,5,0,11.77,811.19,1,0
TXN003351,360.13,UPI,Authentication Failed,1378,18,4,0,28.46,1170.8,0,0
TXN003352,956.93,Card,Bank Decline,370,13,6,2,54.74,295.27,0,1
TXN003353,576.43,Net Banking,Authentication Failed,998,16,5,0,35.11,2434.2,0,0
TXN003354,328.81,Card,Expired Card,926,24,3,2,11.73,1289.69,1,1
TXN003355,1242.96,UPI,Insufficient Funds,569,21,2,1,7.43,438.74,0,1
TXN003356,578.68,UPI,Expired Card,48,26,5,1,4.73,1055.4,1,1
TXN003357,625.0,Card,Insufficient Funds,429,13,2,1,20.88,1620.36,1,1
TXN003358,1259.01,UPI,Authentication Failed,141,20,4,0,9.73,1060.38,1,0
TXN003359,275.93,Net Banking,Authentication Failed,792,19,4,0,2.76,1449.92,0,1
TXN003360,228.74,Card,Bank Decline,1289,17,4,1,0.91,1783.58,0,1
TXN003361,2005.77,Net Banking,Bank Decline,1221,18,6,0,15.71,396.79,0,1
TXN003362,192.92,UPI,Bank Decline,1286,13,1,1,37.2,698.63,0,1
TXN003363,455.32,Card,Bank Decline,754,21,6,1,7.23,4020.36,1,1
TXN003364,217.05,UPI,Bank Decline,79,13,9,0,4.28,781.22,0,1
TXN003365,708.02,Net Banking,Bank Decline,1104,17,2,0,12.58,1647.19,1,1
TXN003366,1612.04,Card,Network Error,641,16,2,0,25.15,2526.19,0,0
TXN003367,1213.31,UPI,Insufficient Funds,407,20,8,0,0.64,1235.8,0,1
TXN003368,9439.76,UPI,Limit Exceeded,1109,16,4,0,37.67,748.21,1,0
TXN003369,2916.75,UPI,Limit Exceeded,999,14,1,0,84.86,1677.62,0,0
TXN003370,474.36,Card,Network Error,1278,13,3,0,10.64,1493.37,0,1
TXN003371,373.4,UPI,Authentication Failed,1217,11,2,1,33.49,829.65,0,1
TXN003372,12531.73,Card,Bank Decline,476,18,7,1,9.75,1055.41,0,1
TXN003373,2853.54,UPI,Insufficient Funds,585,21,5,0,2.0,858.76,1,0
TXN003374,1863.91,Card,Network Error,462,12,5,0,12.56,548.16,1,1
TXN003375,1173.05,Net Banking,Bank Decline,1306,16,7,1,3.52,1153.41,1,1
TXN003376,1402.72,Net Banking,Network Error,1209,27,2,0,3.82,3987.49,0,0
TXN003377,288.92,Card,Authentication Failed,920,16,4,0,28.56,1964.74,0,0
TXN003378,1263.11,UPI,Authentication Failed,135,26,3,1,1.96,3779.18,0,1
TXN003379,1169.24,UPI,Expired Card,385,14,6,0,6.26,1596.86,0,1
TXN003380,486.03,Card,Limit Exceeded,1145,25,9,0,8.1,2005.43,0,1
TXN003381,675.41,UPI,Insufficient Funds,1352,19,3,0,43.2,963.56,1,1
TXN003382,4288.36,Card,Insufficient Funds,395,22,8,0,16.95,744.83,0,0
TXN003383,979.79,UPI,Limit Exceeded,792,23,6,0,1.05,743.28,1,1
TXN003384,7073.1,UPI,Bank Decline,470,16,3,2,5.94,2067.85,1,1
TXN003385,228.92,UPI,Bank Decline,1232,15,4,2,1.19,1859.18,0,1
TXN003386,685.45,Net Banking,Bank Decline,995,16,5,3,23.97,1307.03,0,0
TXN003387,272.45,UPI,Network Error,553,14,4,1,3.89,1296.76,0,1
TXN003388,369.27,Card,Insufficient Funds,415,10,2,0,4.54,2554.99,1,1
TXN003389,520.41,UPI,Network Error,624,17,6,0,2.32,419.35,1,0
TXN003390,1456.48,Card,Insufficient Funds,767,13,7,0,21.0,1154.14,1,1
TXN003391,1394.29,UPI,Insufficient Funds,1182,16,4,0,13.14,3204.34,1,1
TXN003392,595.05,Net Banking,Bank Decline,659,22,3,0,5.54,1855.53,1,1
TXN003393,147.67,Net Banking,Bank Decline,1435,21,3,0,28.31,443.9,1,0
TXN003394,4146.1,UPI,Authentication Failed,1008,18,3,3,15.71,1598.66,0,1
TXN003395,847.94,Net Banking,Insufficient Funds,497,8,6,0,3.61,1180.64,0,1
TXN003396,401.55,Wallet,Insufficient Funds,813,16,4,0,0.34,2263.94,0,1
TXN003397,1404.5,Net Banking,Network Error,1192,17,1,0,1.7,829.83,1,1
TXN003398,1318.17,Net Banking,Network Error,153,13,4,0,7.33,1845.12,0,1
TXN003399,820.24,UPI,Insufficient Funds,1442,25,4,1,1.47,466.26,0,1
TXN003400,1253.48,Card,Insufficient Funds,262,12,4,1,5.03,5507.38,0,0
TXN003401,387.79,UPI,Authentication Failed,376,17,10,0,1.45,3688.77,0,0
TXN003402,2173.13,UPI,Expired Card,657,12,3,1,1.39,1196.7,1,0
TXN003403,447.12,Wallet,Bank Decline,1321,25,5,2,6.63,554.05,0,0
TXN003404,635.87,UPI,Network Error,1370,22,4,0,12.97,2298.7,0,1
TXN003405,1966.33,Card,Bank Decline,82,10,1,0,7.57,2108.35,0,1
TXN003406,3240.76,Net Banking,Bank Decline,575,19,6,0,1.95,3552.24,1,0
TXN003407,4569.67,Net Banking,Expired Card,511,12,2,0,1.03,927.05,0,0
TXN003408,2836.19,Wallet,Authentication Failed,1351,15,6,2,3.92,1110.27,0,1
TXN003409,819.21,UPI,Insufficient Funds,668,19,5,0,21.66,915.74,0,1
TXN003410,273.98,UPI,Limit Exceeded,1022,19,0,0,19.86,998.48,0,1
TXN003411,3883.73,UPI,Insufficient Funds,1337,15,5,3,40.48,464.63,1,1
TXN003412,3765.46,UPI,Insufficient Funds,353,18,4,0,43.83,2855.03,0,0
TXN003413,598.98,UPI,Insufficient Funds,1423,21,5,1,26.61,789.62,0,1
TXN003414,2512.59,UPI,Insufficient Funds,1229,18,4,1,0.31,787.24,0,1
TXN003415,813.25,Net Banking,Authentication Failed,188,17,3,2,2.07,303.57,0,1
TXN003416,4235.04,Card,Bank Decline,246,16,2,1,24.24,574.72,0,1
TXN003417,689.95,UPI,Insufficient Funds,72,15,1,0,31.52,1536.16,1,1
TXN003418,6507.99,Card,Authentication Failed,177,14,4,2,17.03,665.9,0,0
TXN003419,2224.99,UPI,Authentication Failed,171,15,2,2,8.14,442.36,1,1
TXN003420,5529.16,UPI,Limit Exceeded,960,13,10,2,3.66,1549.75,0,1
TXN003421,722.4,Card,Authentication Failed,69,15,6,0,20.31,2741.36,0,1
TXN003422,1578.97,Card,Bank Decline,361,16,4,0,9.58,1069.11,1,1
TXN003423,458.36,Card,Limit Exceeded,57,15,6,0,8.34,2525.37,1,0
TXN003424,2343.94,UPI,Expired Card,590,19,5,1,11.42,1065.75,0,1
TXN003425,2463.0,Net Banking,Authentication Failed,49,16,4,0,32.58,1342.58,1,1
TXN003426,9483.62,Card,Limit Exceeded,969,28,5,0,18.52,1130.74,0,0
TXN003427,1692.29,Card,Bank Decline,1351,23,9,2,14.59,3311.08,1,0
TXN003428,2104.19,Card,Limit Exceeded,1348,14,3,2,6.93,1293.0,1,1
TXN003429,717.84,Net Banking,Bank Decline,1246,13,3,0,7.09,711.02,1,1
TXN003430,1785.12,Card,Bank Decline,1221,16,2,0,79.84,703.24,0,0
TXN003431,779.07,Card,Insufficient Funds,676,22,6,0,11.49,497.7,0,1
TXN003432,1217.16,Wallet,Authentication Failed,96,16,3,1,4.74,733.36,0,0
TXN003433,1283.14,Card,Bank Decline,1452,20,7,1,23.01,4239.85,0,0
TXN003434,798.65,Card,Network Error,622,12,1,1,25.0,1023.21,0,0
TXN003435,1160.55,Card,Bank Decline,569,19,8,2,8.59,459.86,1,1
TXN003436,782.3,UPI,Authentication Failed,1284,17,3,3,27.83,1280.66,1,0
TXN003437,779.18,UPI,Bank Decline,1137,14,4,4,36.71,1196.64,0,0
TXN003438,2889.96,Card,Limit Exceeded,1324,20,5,0,31.86,993.83,1,1
TXN003439,1284.18,Net Banking,Authentication Failed,1266,23,4,3,1.35,687.36,0,0
TXN003440,1498.71,Net Banking,Bank Decline,841,24,4,1,28.29,1814.78,0,0
TXN003441,295.43,UPI,Bank Decline,362,15,4,0,9.23,4124.92,0,1
TXN003442,1605.37,Card,Limit Exceeded,623,18,7,1,2.03,1283.63,0,0
TXN003443,1767.61,UPI,Authentication Failed,773,21,4,0,40.1,829.83,1,0
TXN003444,766.24,Wallet,Limit Exceeded,310,20,4,0,12.1,3697.62,0,0
TXN003445,7161.87,Wallet,Bank Decline,590,23,3,0,37.72,244.39,0,1
TXN003446,139.73,Card,Authentication Failed,1147,14,4,1,16.43,210.45,0,1
TXN003447,2221.48,Net Banking,Bank Decline,373,14,6,0,7.08,490.77,0,1
TXN003448,2082.92,Card,Network Error,465,15,4,1,15.53,5464.41,1,0
TXN003449,1785.45,Card,Limit Exceeded,126,19,2,3,57.06,2611.05,0,1
TXN003450,1285.1,UPI,Insufficient Funds,1243,18,4,1,17.52,1049.68,0,1
TXN003451,1800.13,Card,Limit Exceeded,1213,18,4,3,30.29,974.3,1,1
TXN003452,2395.53,Card,Network Error,1369,19,2,0,36.02,431.98,1,0
TXN003453,570.61,Card,Authentication Failed,1261,16,3,2,8.94,1499.64,0,1
TXN003454,1435.51,UPI,Insufficient Funds,370,17,2,4,3.07,3722.39,0,1
TXN003455,929.84,Net Banking,Bank Decline,1476,20,3,1,66.84,748.7,0,0
TXN003456,409.78,UPI,Limit Exceeded,490,17,5,0,39.49,903.53,0,1
TXN003457,2091.12,Card,Insufficient Funds,858,13,5,0,16.17,2449.85,1,1
TXN003458,659.89,Card,Insufficient Funds,956,15,5,0,52.54,2066.89,0,1
TXN003459,284.84,Card,Authentication Failed,252,15,3,1,17.05,1192.9,0,1
TXN003460,675.06,Card,Bank Decline,770,18,3,0,17.52,930.42,1,0
TXN003461,534.32,UPI,Authentication Failed,1255,27,2,2,17.86,1126.28,1,1
TXN003462,2767.31,UPI,Insufficient Funds,1187,12,4,1,31.4,1268.19,1,0
TXN003463,1258.75,Card,Bank Decline,637,15,1,0,6.75,1121.64,1,0
TXN003464,3805.28,Card,Limit Exceeded,371,22,4,2,6.69,1371.16,1,1
TXN003465,601.9,UPI,Expired Card,908,18,6,2,0.6,2391.92,1,1
TXN003466,2408.48,Card,Network Error,192,24,7,1,29.78,2257.03,0,0
TXN003467,14124.42,Card,Network Error,1215,16,7,0,5.5,1916.89,0,1
TXN003468,1510.85,Card,Limit Exceeded,1417,14,2,1,4.45,1792.08,1,1
TXN003469,2381.5,Net Banking,Bank Decline,286,19,5,1,11.61,2903.33,0,0
TXN003470,2047.07,UPI,Bank Decline,748,18,5,0,35.16,1383.68,0,0
TXN003471,304.95,UPI,Insufficient Funds,1295,18,3,4,16.44,1177.83,0,0
TXN003472,1857.96,Net Banking,Network Error,358,15,1,1,33.28,369.48,1,1
TXN003473,1444.92,Card,Bank Decline,595,21,3,0,0.01,914.14,1,1
TXN003474,868.03,Card,Bank Decline,88,16,1,1,3.78,486.25,0,0
TXN003475,494.91,Net Banking,Network Error,1211,16,2,3,22.72,884.23,1,1
TXN003476,2047.93,Net Banking,Insufficient Funds,1372,16,7,0,6.01,1042.58,1,0
TXN003477,457.07,Wallet,Insufficient Funds,202,16,5,0,50.18,2068.42,0,0
TXN003478,7482.19,Card,Expired Card,66,18,5,3,25.34,553.85,0,1
TXN003479,1215.31,Card,Bank Decline,157,13,2,0,21.7,1839.66,0,1
TXN003480,364.68,UPI,Authentication Failed,1091,8,5,1,0.3,1035.13,1,1
TXN003481,690.49,UPI,Expired Card,434,18,1,1,21.17,575.81,0,1
TXN003482,853.78,Card,Insufficient Funds,957,17,2,4,13.39,244.7,0,0
TXN003483,9615.57,UPI,Network Error,337,14,6,0,3.42,1024.57,0,0
TXN003484,494.66,Net Banking,Insufficient Funds,1069,19,6,4,15.91,1147.54,1,1
TXN003485,987.73,Card,Limit Exceeded,1283,14,4,0,2.01,1089.3,1,0
TXN003486,675.84,Card,Authentication Failed,896,20,2,0,11.99,1855.61,0,0
TXN003487,1718.72,UPI,Network Error,961,13,3,0,3.82,1957.4,1,1
TXN003488,685.61,UPI,Expired Card,1263,26,4,0,0.19,2131.5,0,1
TXN003489,393.41,UPI,Bank Decline,360,15,4,4,8.33,907.45,1,0
TXN003490,919.87,Card,Bank Decline,907,18,5,4,8.28,734.41,1,0
TXN003491,837.6,UPI,Authentication Failed,1200,17,4,0,13.07,995.9,0,1
TXN003492,643.54,Card,Insufficient Funds,223,18,3,1,58.75,1254.99,0,0
TXN003493,675.24,Net Banking,Bank Decline,354,15,3,0,1.49,1191.1,0,0
TXN003494,3185.06,Net Banking,Bank Decline,417,13,7,0,4.56,933.53,0,0
TXN003495,822.41,Card,Expired Card,737,14,6,1,10.78,675.18,0,0
TXN003496,395.16,UPI,Bank Decline,904,17,4,2,7.73,395.58,1,1
TXN003497,723.5,Net Banking,Authentication Failed,921,21,5,1,14.96,3812.43,0,0
TXN003498,1151.59,Net Banking,Insufficient Funds,249,15,6,0,29.33,762.41,1,1
TXN003499,329.43,UPI,Bank Decline,14,15,3,2,9.75,625.38,0,1
TXN003500,4738.05,Card,Expired Card,1313,21,2,2,6.66,2418.39,0,0
TXN003501,2394.24,UPI,Bank Decline,629,17,4,1,4.66,1015.11,1,1
TXN003502,3972.52,Net Banking,Expired Card,930,14,1,0,27.92,1223.23,1,0
TXN003503,1560.74,Wallet,Insufficient Funds,586,16,0,0,1.75,1848.8,1,1
TXN003504,166.61,UPI,Insufficient Funds,172,18,2,1,11.97,2009.15,1,1
TXN003505,4366.86,Net Banking,Insufficient Funds,1233,26,4,3,8.41,1497.9,0,0
TXN003506,504.11,Card,Authentication Failed,370,15,3,3,18.03,1113.15,0,1
TXN003507,542.42,Wallet,Network Error,1182,12,7,2,14.09,2300.23,1,1
TXN003508,1262.3,Card,Limit Exceeded,1455,19,5,0,7.66,1026.54,0,0
TXN003509,3791.08,Net Banking,Bank Decline,664,21,1,0,2.01,995.91,1,1
TXN003510,2829.79,UPI,Network Error,1499,17,3,1,2.64,723.81,0,0
TXN003511,2479.11,UPI,Network Error,1440,16,5,1,20.58,1487.85,1,1
TXN003512,828.28,UPI,Authentication Failed,521,15,3,3,12.23,859.43,0,1
TXN003513,816.6,Wallet,Limit Exceeded,1281,23,7,2,27.97,2071.57,0,1
TXN003514,1497.2,Net Banking,Limit Exceeded,1107,23,3,4,46.68,208.3,0,0
TXN003515,975.49,Net Banking,Insufficient Funds,1452,26,4,0,20.21,582.09,0,1
TXN003516,2441.54,Net Banking,Network Error,738,23,2,3,43.77,3323.99,0,0
TXN003517,2314.86,UPI,Bank Decline,916,17,3,4,0.5,439.89,1,0
TXN003518,1867.22,UPI,Authentication Failed,1415,16,8,3,13.88,505.57,0,1
TXN003519,112.91,UPI,Bank Decline,1409,13,4,0,5.59,2374.39,0,1
TXN003520,1230.52,UPI,Bank Decline,1258,19,2,3,3.94,505.5,0,0
TXN003521,994.29,UPI,Bank Decline,124,21,7,2,5.92,481.14,0,1
TXN003522,1275.67,Card,Bank Decline,1016,27,6,0,30.81,1344.14,1,1
TXN003523,556.19,UPI,Insufficient Funds,1297,16,3,1,17.89,4149.44,1,1
TXN003524,332.85,UPI,Authentication Failed,1265,15,3,0,27.02,1595.76,0,1
TXN003525,1663.74,UPI,Network Error,1198,17,5,0,12.47,311.12,0,1
TXN003526,795.78,UPI,Authentication Failed,778,15,7,0,5.6,957.49,1,1
TXN003527,1839.45,Wallet,Limit Exceeded,936,13,0,1,11.37,2096.25,1,0
TXN003528,599.55,Card,Bank Decline,702,15,3,1,4.35,732.66,1,1
TXN003529,3921.85,Wallet,Network Error,528,30,5,3,85.69,313.56,0,0
TXN003530,2699.87,Card,Insufficient Funds,343,16,3,1,26.7,804.38,0,1
TXN003531,1432.45,UPI,Authentication Failed,1357,10,1,2,1.16,792.21,0,1
TXN003532,905.1,Net Banking,Bank Decline,1389,16,3,2,111.31,635.09,0,0
TXN003533,2361.77,UPI,Bank Decline,454,18,4,0,2.92,1324.42,0,1
TXN003534,1561.33,UPI,Bank Decline,659,14,4,2,19.32,354.98,1,1
TXN003535,1359.3,UPI,Bank Decline,896,25,5,0,8.58,1798.86,0,1
TXN003536,2803.37,UPI,Bank Decline,610,14,3,0,14.12,489.79,0,0
TXN003537,3959.54,UPI,Bank Decline,1127,18,3,1,22.55,973.28,0,1
TXN003538,355.25,UPI,Limit Exceeded,659,17,8,1,6.48,499.23,1,0
TXN003539,426.09,Card,Limit Exceeded,765,19,1,3,1.94,1284.2,0,1
TXN003540,543.36,UPI,Bank Decline,1286,14,1,0,19.26,412.83,1,1
TXN003541,283.67,UPI,Bank Decline,448,21,5,0,0.47,1239.65,0,1
TXN003542,1036.42,Net Banking,Authentication Failed,415,23,2,2,4.59,623.4,1,1
TXN003543,1882.03,UPI,Insufficient Funds,816,22,6,0,0.16,859.11,0,1
TXN003544,1075.7,UPI,Authentication Failed,91,21,4,2,23.92,3289.8,0,1
TXN003545,678.1,Net Banking,Insufficient Funds,1447,16,4,0,38.56,614.09,0,1
TXN003546,3022.42,UPI,Expired Card,959,12,5,0,7.07,835.17,0,0
TXN003547,1244.51,UPI,Network Error,703,20,4,3,6.8,801.41,0,1
TXN003548,1493.21,Card,Network Error,104,12,7,1,1.85,878.01,1,1
TXN003549,3098.93,UPI,Authentication Failed,548,15,3,3,0.78,1481.07,0,1
TXN003550,981.5,Card,Insufficient Funds,1481,17,4,0,4.84,1018.64,1,0
TXN003551,7003.69,Net Banking,Bank Decline,197,23,9,0,35.32,773.65,0,1
TXN003552,732.87,UPI,Network Error,974,21,1,2,16.58,1642.92,0,1
TXN003553,6622.0,Card,Limit Exceeded,1231,20,4,0,0.21,297.24,0,1
TXN003554,456.11,Card,Insufficient Funds,1352,12,5,2,16.92,4826.15,1,0
TXN003555,1747.14,UPI,Limit Exceeded,264,13,5,1,0.93,1129.5,0,0
TXN003556,615.06,Card,Bank Decline,161,21,5,4,9.76,1261.04,0,0
TXN003557,3003.73,UPI,Insufficient Funds,950,20,1,0,49.06,1615.11,0,1
TXN003558,713.08,Card,Limit Exceeded,234,13,7,3,17.78,1231.36,1,1
TXN003559,1424.8,UPI,Insufficient Funds,523,21,2,1,17.04,1079.93,1,1
TXN003560,610.64,Card,Network Error,647,13,5,0,20.21,488.58,1,1
TXN003561,2549.12,UPI,Insufficient Funds,80,26,5,1,2.69,1787.65,0,1
TXN003562,607.79,Net Banking,Bank Decline,371,12,5,1,1.76,3037.76,1,1
TXN003563,4989.41,UPI,Network Error,30,13,4,4,8.39,1136.01,1,1
TXN003564,447.47,UPI,Network Error,469,18,3,1,3.78,571.84,0,1
TXN003565,326.66,Card,Bank Decline,487,18,3,1,0.42,1502.58,0,0
TXN003566,2582.2,Card,Bank Decline,1119,17,5,1,7.48,588.37,1,1
TXN003567,643.89,Card,Bank Decline,1330,13,4,1,12.38,1770.43,0,1
TXN003568,1089.51,Card,Bank Decline,50,13,5,1,0.93,658.94,0,1
TXN003569,820.56,Net Banking,Authentication Failed,1067,21,2,1,64.31,1853.91,1,1
TXN003570,336.52,Net Banking,Authentication Failed,1310,20,5,2,26.08,350.37,0,0
TXN003571,1023.22,UPI,Insufficient Funds,467,12,8,0,24.09,7270.69,1,0
TXN003572,3423.52,Card,Insufficient Funds,1199,20,5,0,38.19,2038.92,0,1
TXN003573,2704.91,Net Banking,Authentication Failed,76,25,4,2,16.06,2059.27,0,1
TXN003574,1351.02,Wallet,Network Error,219,22,6,3,10.38,1621.21,0,0
TXN003575,2984.06,Net Banking,Network Error,920,19,3,2,11.93,2044.72,0,0
TXN003576,422.6,UPI,Limit Exceeded,78,13,3,0,3.95,634.15,0,1
TXN003577,818.19,UPI,Bank Decline,834,26,7,1,8.61,1262.73,0,1
TXN003578,1565.91,Card,Network Error,186,17,7,0,28.76,816.23,0,1
TXN003579,975.18,Card,Authentication Failed,214,20,6,1,12.56,446.54,0,1
TXN003580,878.19,Card,Expired Card,183,12,5,0,3.65,2194.13,1,1
TXN003581,372.2,Card,Insufficient Funds,713,20,2,0,35.69,556.12,0,0
TXN003582,168.48,Net Banking,Insufficient Funds,1331,17,3,0,18.9,1513.02,0,1
TXN003583,2289.48,UPI,Insufficient Funds,890,18,6,3,16.43,1744.23,0,0
TXN003584,1364.99,Net Banking,Limit Exceeded,757,16,3,0,62.7,1398.44,0,1
TXN003585,2469.57,UPI,Bank Decline,1184,22,5,0,46.68,1233.57,1,1
TXN003586,739.88,UPI,Insufficient Funds,160,24,8,0,2.85,1128.7,0,1
TXN003587,577.38,Card,Authentication Failed,36,13,4,1,24.41,1568.91,1,0
TXN003588,1103.11,Card,Insufficient Funds,1057,16,2,0,42.11,1215.06,0,1
TXN003589,2365.58,UPI,Insufficient Funds,982,19,2,1,35.61,2744.55,0,0
TXN003590,890.42,UPI,Bank Decline,1270,13,2,1,39.56,903.7,1,0
TXN003591,2256.58,Wallet,Bank Decline,650,15,3,1,29.54,2303.64,0,0
TXN003592,443.33,UPI,Bank Decline,697,18,7,2,80.89,974.52,0,0
TXN003593,948.33,Card,Authentication Failed,104,18,6,1,5.73,596.98,0,1
TXN003594,1029.57,Card,Authentication Failed,332,14,3,0,3.12,658.77,1,1
TXN003595,3306.85,Card,Bank Decline,243,14,7,1,1.42,650.46,0,0
TXN003596,1321.95,Card,Bank Decline,144,23,3,0,31.23,1941.95,0,0
TXN003597,5278.88,UPI,Network Error,636,14,1,1,10.85,534.73,1,1
TXN003598,326.06,Card,Bank Decline,624,13,1,4,5.37,1380.98,0,1
TXN003599,1232.66,UPI,Insufficient Funds,1076,20,7,0,20.35,2194.75,0,1
TXN003600,1288.79,Card,Authentication Failed,396,13,2,2,0.02,254.22,0,0
TXN003601,1916.17,UPI,Insufficient Funds,1394,10,3,1,3.94,1748.93,1,0
TXN003602,527.41,Card,Insufficient Funds,366,23,3,3,8.56,4165.94,1,0
TXN003603,4994.05,UPI,Network Error,588,15,3,3,4.29,1261.94,1,0
TXN003604,1109.5,UPI,Network Error,213,18,4,1,7.55,2028.26,1,0
TXN003605,412.25,UPI,Insufficient Funds,607,18,8,0,3.25,1552.38,0,0
TXN003606,1080.93,UPI,Insufficient Funds,985,18,5,3,0.07,882.67,0,0
TXN003607,827.29,Net Banking,Bank Decline,521,19,3,2,12.35,830.54,0,1
TXN003608,13425.51,UPI,Expired Card,816,15,5,4,1.32,1568.92,1,0
TXN003609,2821.29,Net Banking,Bank Decline,1396,15,5,4,22.93,714.45,0,0
TXN003610,1146.76,Wallet,Bank Decline,444,13,4,0,1.14,767.26,0,1
TXN003611,991.56,Card,Network Error,1261,17,6,0,26.18,1622.73,1,1
TXN003612,2581.05,UPI,Authentication Failed,1453,20,7,1,1.14,649.39,0,1
TXN003613,2694.52,UPI,Bank Decline,475,12,5,0,65.17,1678.0,0,1
TXN003614,79.81,Net Banking,Insufficient Funds,636,6,7,1,8.08,784.35,0,1
TXN003615,1956.07,UPI,Network Error,1341,28,3,1,6.42,775.55,0,1
TXN003616,1124.59,UPI,Limit Exceeded,401,16,3,1,6.56,1120.57,0,1
TXN003617,336.96,Card,Insufficient Funds,120,23,5,0,4.98,1502.7,0,0
TXN003618,2421.62,Net Banking,Bank Decline,1232,18,2,2,3.51,969.59,1,1
TXN003619,8279.76,Net Banking,Insufficient Funds,469,14,1,1,31.84,2781.64,1,0
TXN003620,1810.06,UPI,Insufficient Funds,548,23,1,1,11.13,567.12,0,0
TXN003621,2952.44,Card,Network Error,1394,18,5,0,1.89,5139.22,0,0
TXN003622,5561.97,UPI,Bank Decline,253,22,5,2,30.75,2105.64,0,0
TXN003623,519.45,UPI,Limit Exceeded,1276,14,3,0,35.5,1278.99,0,1
TXN003624,206.06,Net Banking,Network Error,1214,13,2,2,46.27,1611.02,1,0
TXN003625,1980.65,UPI,Bank Decline,1443,11,3,3,0.86,366.21,1,0
TXN003626,877.56,UPI,Bank Decline,279,21,4,2,11.57,454.31,0,0
TXN003627,318.38,UPI,Network Error,551,20,1,1,16.7,924.49,0,1
TXN003628,1022.13,Net Banking,Insufficient Funds,1307,20,3,1,33.29,948.79,1,0
TXN003629,2110.74,Net Banking,Authentication Failed,629,16,7,2,17.43,3566.82,1,0
TXN003630,959.03,Card,Authentication Failed,724,17,4,1,11.02,1409.57,0,0
TXN003631,540.15,Card,Insufficient Funds,784,11,6,2,25.96,2013.16,0,0
TXN003632,896.81,UPI,Insufficient Funds,1027,17,9,1,11.2,1079.5,0,0
TXN003633,1077.58,Card,Insufficient Funds,496,20,5,1,6.05,676.19,0,0
TXN003634,193.15,UPI,Expired Card,221,16,2,0,15.77,1557.91,0,0
TXN003635,964.4,UPI,Expired Card,1133,24,0,3,12.89,1194.26,0,0
TXN003636,327.04,Card,Limit Exceeded,596,19,4,1,12.04,1408.17,1,1
TXN003637,1984.5,Net Banking,Limit Exceeded,181,16,9,0,3.83,942.17,0,1
TXN003638,269.09,UPI,Bank Decline,58,23,1,0,33.61,485.25,0,1
TXN003639,2728.27,UPI,Network Error,303,19,3,0,1.06,4480.16,1,0
TXN003640,758.81,UPI,Expired Card,181,19,0,0,0.99,702.15,0,0
TXN003641,672.72,UPI,Network Error,975,19,8,3,2.71,1012.35,1,1
TXN003642,1429.4,Net Banking,Network Error,349,19,4,1,2.14,1522.99,1,0
TXN003643,502.99,Card,Expired Card,606,16,3,0,38.56,343.51,0,1
TXN003644,1409.33,Card,Network Error,177,17,4,2,28.12,2681.07,1,0
TXN003645,567.42,Card,Expired Card,1067,21,4,1,6.03,619.01,0,0
TXN003646,664.44,UPI,Network Error,1231,16,4,0,5.56,1947.54,0,1
TXN003647,1579.43,Card,Expired Card,1094,24,5,1,9.36,441.9,0,0
TXN003648,393.58,Card,Expired Card,461,16,2,0,13.26,1695.02,0,0
TXN003649,351.46,Card,Network Error,733,24,1,0,7.23,317.17,0,1
TXN003650,1371.15,Wallet,Expired Card,1439,19,1,1,42.49,2526.52,1,1
TXN003651,1070.4,Card,Bank Decline,893,23,2,1,0.89,1391.48,1,1
TXN003652,1276.43,UPI,Bank Decline,1012,15,4,1,58.53,1285.02,1,0
TXN003653,1472.73,Net Banking,Insufficient Funds,761,15,4,0,15.17,1942.51,0,0
TXN003654,1154.75,UPI,Network Error,156,17,1,1,52.23,591.5,0,1
TXN003655,1895.59,UPI,Network Error,642,14,2,4,21.41,712.33,0,1
TXN003656,1197.14,UPI,Authentication Failed,973,16,2,4,2.96,509.69,1,0
TXN003657,180.08,UPI,Bank Decline,716,15,5,4,21.28,541.84,0,0
TXN003658,227.44,Card,Bank Decline,284,28,4,1,62.36,1387.62,1,0
TXN003659,6217.69,Card,Insufficient Funds,41,17,3,0,12.48,1010.21,0,0
TXN003660,1096.7,Net Banking,Insufficient Funds,181,21,3,1,37.83,395.03,1,1
TXN003661,2579.16,Card,Limit Exceeded,1063,18,5,1,82.77,1095.88,0,1
TXN003662,803.41,Card,Bank Decline,721,20,3,4,7.44,1356.09,0,0
TXN003663,1040.84,UPI,Network Error,1427,21,4,0,9.57,1658.37,0,1
TXN003664,729.22,UPI,Expired Card,260,17,5,4,5.79,2630.62,1,0
TXN003665,10090.35,Card,Network Error,574,13,4,0,46.66,706.73,0,0
TXN003666,1377.35,Card,Authentication Failed,329,16,0,0,17.73,1741.69,0,1
TXN003667,677.65,Net Banking,Bank Decline,19,20,8,2,25.48,1036.83,0,1
TXN003668,248.05,UPI,Bank Decline,56,18,3,1,4.0,1362.53,0,1
TXN003669,6479.25,UPI,Authentication Failed,1263,18,5,0,10.1,3118.84,0,0
TXN003670,946.76,Card,Authentication Failed,959,17,4,0,18.24,554.08,0,1
TXN003671,2142.67,UPI,Insufficient Funds,1000,18,7,0,23.96,2574.77,0,1
TXN003672,2369.41,UPI,Insufficient Funds,622,19,3,4,19.25,2336.87,0,1
TXN003673,723.03,Card,Insufficient Funds,872,14,3,1,22.26,796.69,1,0
TXN003674,2008.63,UPI,Bank Decline,102,17,4,2,17.22,1734.35,0,0
TXN003675,636.69,Card,Authentication Failed,349,14,2,0,3.89,1003.37,0,0
TXN003676,449.72,UPI,Network Error,862,16,5,0,14.21,400.25,1,1
TXN003677,3127.59,UPI,Bank Decline,199,20,2,1,40.49,726.26,0,1
TXN003678,951.11,UPI,Authentication Failed,517,25,3,2,2.33,931.39,1,1
TXN003679,1748.76,Net Banking,Bank Decline,1481,10,2,3,4.86,1624.94,0,0
TXN003680,1587.36,UPI,Bank Decline,1155,14,3,0,10.45,474.71,0,1
TXN003681,1947.18,Card,Authentication Failed,1111,19,1,0,1.37,793.34,1,0
TXN003682,270.19,UPI,Limit Exceeded,13,16,1,0,8.57,648.77,0,1
TXN003683,647.58,Net Banking,Limit Exceeded,336,16,3,0,9.71,1019.45,1,1
TXN003684,818.91,UPI,Network Error,89,15,0,1,31.04,3643.02,0,0
TXN003685,518.88,Card,Limit Exceeded,911,20,9,2,75.99,240.18,0,0
TXN003686,1613.41,Card,Insufficient Funds,632,10,5,0,3.79,1073.15,1,0
TXN003687,3191.36,Net Banking,Network Error,533,19,4,3,4.21,1529.68,0,1
TXN003688,3679.99,UPI,Authentication Failed,1143,17,6,1,43.68,1168.14,1,0
TXN003689,808.12,UPI,Bank Decline,446,16,0,1,39.76,3106.51,1,0
TXN003690,1426.2,UPI,Limit Exceeded,896,21,5,3,59.12,1499.23,0,0
TXN003691,1637.75,Net Banking,Network Error,768,16,8,0,33.07,1280.76,0,1
TXN003692,1918.18,Card,Insufficient Funds,1030,24,1,1,14.24,528.69,1,1
TXN003693,497.54,Net Banking,Limit Exceeded,25,19,2,1,15.47,2304.51,0,1
TXN003694,5644.98,UPI,Insufficient Funds,15,11,5,0,10.03,566.31,1,0
TXN003695,2524.68,UPI,Expired Card,1215,19,4,0,0.19,1333.61,1,0
TXN003696,2584.75,UPI,Insufficient Funds,1068,22,8,1,12.3,483.88,0,1
TXN003697,3239.3,Wallet,Authentication Failed,729,20,4,1,38.04,3445.38,0,1
TXN003698,1773.52,Card,Bank Decline,910,16,6,1,2.07,1174.4,0,0
TXN003699,435.03,Net Banking,Bank Decline,140,21,4,0,4.22,2382.05,0,1
TXN003700,967.7,UPI,Insufficient Funds,1132,12,6,0,3.44,1881.57,0,1
TXN003701,248.15,Card,Authentication Failed,1179,14,8,1,0.22,1195.66,1,0
TXN003702,1593.3,Card,Expired Card,99,15,4,0,2.69,1807.07,0,0
TXN003703,941.72,UPI,Limit Exceeded,808,15,4,2,10.87,1075.96,0,0
TXN003704,1057.36,Net Banking,Network Error,1170,16,4,2,29.42,211.47,0,1
TXN003705,3240.88,Net Banking,Network Error,1325,22,2,0,0.74,552.21,0,0
TXN003706,726.84,Net Banking,Insufficient Funds,870,15,3,0,9.84,1816.61,0,0
TXN003707,874.01,Card,Network Error,780,18,3,0,33.53,681.19,0,1
TXN003708,1118.54,UPI,Bank Decline,550,24,4,0,46.79,981.22,0,1
TXN003709,209.35,UPI,Authentication Failed,194,18,2,1,1.45,1553.08,0,1
TXN003710,863.11,Wallet,Limit Exceeded,142,16,4,0,19.62,1184.59,0,1
TXN003711,117.07,UPI,Bank Decline,172,25,4,2,21.12,438.53,1,0
TXN003712,647.44,Card,Insufficient Funds,997,16,6,1,62.11,454.15,1,0
TXN003713,2367.69,Card,Limit Exceeded,1177,17,5,0,0.57,1281.85,0,1
TXN003714,1640.14,Card,Insufficient Funds,251,15,1,0,29.17,2241.85,0,0
TXN003715,642.05,Wallet,Insufficient Funds,1213,21,5,0,17.19,3459.24,0,1
TXN003716,1137.65,UPI,Insufficient Funds,1039,16,3,3,1.32,3903.9,1,0
TXN003717,416.76,UPI,Network Error,1466,20,4,3,7.49,1585.05,0,0
TXN003718,1094.32,UPI,Limit Exceeded,1186,12,5,1,14.35,2120.45,0,0
TXN003719,15325.73,Card,Bank Decline,836,18,2,0,0.98,1615.9,0,0
TXN003720,5774.58,UPI,Insufficient Funds,694,15,7,1,22.02,605.58,0,0
TXN003721,1149.82,UPI,Bank Decline,120,17,3,1,37.28,565.04,1,1
TXN003722,1266.65,Net Banking,Limit Exceeded,173,21,2,1,14.28,1181.73,1,0
TXN003723,454.13,Net Banking,Bank Decline,494,16,7,0,20.56,2234.94,0,0
TXN003724,532.93,UPI,Insufficient Funds,443,15,2,1,17.87,670.24,0,1
TXN003725,1519.24,UPI,Authentication Failed,229,19,2,3,1.08,1062.31,0,0
TXN003726,683.75,Net Banking,Authentication Failed,197,19,3,0,6.96,1817.02,0,0
TXN003727,2474.35,UPI,Authentication Failed,582,9,6,1,33.18,1042.38,0,0
TXN003728,4503.98,UPI,Limit Exceeded,800,12,6,4,27.66,1123.31,1,1
TXN003729,1479.35,UPI,Insufficient Funds,179,22,7,1,7.56,2400.31,1,1
TXN003730,1201.79,Card,Insufficient Funds,1287,17,5,1,13.24,10829.63,0,1
TXN003731,241.6,UPI,Bank Decline,456,13,5,0,47.77,489.71,1,0
TXN003732,2149.2,Wallet,Bank Decline,83,13,0,0,70.22,1031.43,0,1
TXN003733,391.78,Card,Authentication Failed,621,19,3,1,29.38,4093.13,0,1
TXN003734,752.79,Card,Limit Exceeded,232,13,3,1,5.83,1175.79,0,1
TXN003735,2600.91,UPI,Expired Card,1256,14,0,0,1.89,666.8,1,1
TXN003736,2770.5,Card,Insufficient Funds,745,24,5,0,40.79,1598.93,0,1
TXN003737,720.64,Card,Authentication Failed,947,28,2,1,19.46,1035.04,0,1
TXN003738,758.98,Card,Limit Exceeded,82,19,5,1,32.54,473.57,1,1
TXN003739,584.42,Card,Insufficient Funds,1063,23,6,0,1.45,839.23,0,0
TXN003740,373.13,Card,Authentication Failed,75,13,2,0,14.9,1805.76,1,1
TXN003741,619.36,Net Banking,Bank Decline,421,16,0,0,37.28,677.99,0,1
TXN003742,256.77,Net Banking,Insufficient Funds,737,19,3,1,1.14,1481.52,1,1
TXN003743,2027.9,Card,Expired Card,1478,23,0,0,48.31,4856.19,1,0
TXN003744,1564.11,UPI,Expired Card,368,17,3,0,19.32,525.53,0,1
TXN003745,1816.15,UPI,Insufficient Funds,876,20,5,0,8.27,943.67,1,0
TXN003746,464.53,UPI,Bank Decline,1400,14,3,0,20.33,1481.76,0,1
TXN003747,374.07,Card,Authentication Failed,1429,23,6,1,22.55,1365.23,0,0
TXN003748,1150.74,UPI,Expired Card,1150,14,6,0,18.2,1506.75,0,1
TXN003749,1161.76,UPI,Limit Exceeded,1078,19,4,2,23.35,999.57,1,1
TXN003750,960.5,Net Banking,Insufficient Funds,74,17,2,3,2.57,1623.88,0,0
TXN003751,845.11,Net Banking,Insufficient Funds,1369,17,8,0,13.93,843.18,0,0
TXN003752,5113.8,Net Banking,Bank Decline,1115,22,3,1,6.83,773.19,0,0
TXN003753,1609.09,UPI,Bank Decline,942,17,6,0,2.49,971.49,0,0
TXN003754,6461.46,Card,Bank Decline,383,19,7,1,21.99,2696.15,1,0
TXN003755,3436.02,UPI,Insufficient Funds,1415,18,4,0,16.52,928.01,0,1
TXN003756,5079.38,UPI,Network Error,282,17,7,1,134.41,3053.36,1,0
TXN003757,416.96,UPI,Bank Decline,774,17,1,0,32.88,413.67,0,0
TXN003758,1870.3,UPI,Limit Exceeded,956,17,4,0,9.45,2321.14,1,1
TXN003759,743.53,Card,Insufficient Funds,211,17,5,0,27.21,2390.61,0,0
TXN003760,245.42,Net Banking,Bank Decline,751,14,5,2,3.7,1033.6,0,1
TXN003761,4214.99,UPI,Insufficient Funds,1095,21,4,0,11.44,3965.83,0,1
TXN003762,841.91,Card,Network Error,917,15,4,4,9.3,1088.2,0,1
TXN003763,424.29,Card,Insufficient Funds,1109,17,2,0,16.98,1667.85,1,1
TXN003764,755.13,UPI,Authentication Failed,331,15,3,0,29.4,569.36,0,0
TXN003765,535.61,Card,Limit Exceeded,384,17,4,2,11.15,1281.38,0,1
TXN003766,587.38,UPI,Network Error,823,18,5,0,36.02,630.29,1,0
TXN003767,898.35,Card,Insufficient Funds,687,23,5,0,25.18,246.72,0,0
TXN003768,5206.87,Card,Network Error,677,21,8,1,5.67,2443.61,1,0
TXN003769,602.03,UPI,Limit Exceeded,634,20,5,2,13.7,1332.4,0,0
TXN003770,4882.16,UPI,Insufficient Funds,1376,21,4,2,34.21,2425.74,1,0
TXN003771,2354.19,Card,Network Error,1024,21,5,2,25.2,1150.72,1,1
TXN003772,1566.57,Net Banking,Limit Exceeded,441,17,7,0,30.95,368.12,1,0
TXN003773,2150.18,UPI,Limit Exceeded,891,18,4,0,5.37,1429.58,0,0
TXN003774,1110.19,Card,Limit Exceeded,1408,25,4,1,27.25,1366.11,0,0
TXN003775,3489.26,Card,Authentication Failed,1045,17,4,0,9.37,785.7,0,1
TXN003776,1826.73,Net Banking,Authentication Failed,1484,11,2,0,57.94,943.09,1,0
TXN003777,245.13,Net Banking,Bank Decline,1223,11,5,2,11.29,1498.14,1,1
TXN003778,1431.71,Card,Network Error,1263,20,3,1,40.91,900.79,1,0
TXN003779,2220.7,Card,Limit Exceeded,1293,19,5,2,19.58,1299.31,0,0
TXN003780,845.48,Net Banking,Expired Card,452,13,4,1,48.75,1164.54,0,1
TXN003781,1228.6,UPI,Authentication Failed,60,18,8,0,15.02,1016.07,1,1
TXN003782,631.71,UPI,Insufficient Funds,698,12,5,0,4.88,866.96,0,1
TXN003783,317.39,UPI,Bank Decline,10,19,8,0,19.01,358.11,0,0
TXN003784,271.69,Net Banking,Bank Decline,263,31,3,0,5.34,595.89,0,0
TXN003785,274.96,Net Banking,Bank Decline,1391,23,3,1,34.23,913.92,0,1
TXN003786,2002.48,UPI,Bank Decline,840,16,4,1,1.61,377.02,0,0
TXN003787,116.6,Card,Expired Card,1270,12,1,0,4.94,579.42,1,1
TXN003788,601.95,Card,Insufficient Funds,488,20,4,2,27.55,1566.51,0,0
TXN003789,550.55,UPI,Limit Exceeded,467,13,3,3,9.73,726.32,0,0
TXN003790,850.7,Wallet,Expired Card,855,17,4,0,3.11,1669.25,0,1
TXN003791,206.28,UPI,Bank Decline,1168,24,4,0,93.03,1900.09,1,0
TXN003792,1577.35,UPI,Bank Decline,1481,26,4,0,10.97,352.6,0,0
TXN003793,348.68,Card,Network Error,1354,12,6,0,11.7,4030.28,0,1
TXN003794,3038.64,Card,Limit Exceeded,479,16,3,1,7.83,932.65,1,1
TXN003795,626.66,UPI,Authentication Failed,199,14,6,3,1.23,439.55,0,0
TXN003796,1006.21,Card,Authentication Failed,313,18,5,0,4.99,2060.07,1,1
TXN003797,1100.36,Card,Authentication Failed,765,13,4,0,5.92,1142.04,1,0
TXN003798,1366.24,UPI,Network Error,912,14,6,0,15.24,227.51,0,0
TXN003799,1133.78,UPI,Authentication Failed,227,15,4,1,49.54,671.76,0,0
TXN003800,746.65,Card,Limit Exceeded,178,16,1,2,2.71,728.01,1,1
TXN003801,1493.3,UPI,Authentication Failed,1190,27,5,1,66.17,2160.36,0,0
TXN003802,1668.25,Net Banking,Insufficient Funds,178,16,7,2,11.57,788.42,0,0
TXN003803,550.8,Net Banking,Authentication Failed,1093,19,2,1,15.74,782.12,0,1
TXN003804,1609.58,Wallet,Network Error,1095,17,1,0,0.64,1448.84,1,1
TXN003805,3205.26,UPI,Limit Exceeded,1199,17,4,0,34.26,887.38,1,1
TXN003806,2070.0,Wallet,Insufficient Funds,87,14,1,1,36.34,882.92,0,1
TXN003807,2538.02,Card,Bank Decline,765,19,0,2,25.2,2494.57,0,1
TXN003808,1280.15,UPI,Bank Decline,1298,15,3,3,2.83,1302.01,0,1
TXN003809,472.23,UPI,Bank Decline,1410,11,6,0,9.33,697.2,0,1
TXN003810,529.18,UPI,Insufficient Funds,79,17,3,3,56.01,2810.29,1,0
TXN003811,1462.5,Card,Limit Exceeded,338,13,5,0,9.87,3266.09,1,1
TXN003812,2561.86,Card,Insufficient Funds,1218,14,1,1,7.72,1701.57,0,1
TXN003813,13457.89,UPI,Bank Decline,1055,12,7,0,1.61,1732.13,0,0
TXN003814,2653.51,Card,Insufficient Funds,234,21,4,1,1.49,1888.7,0,0
TXN003815,382.45,UPI,Network Error,1148,22,4,1,10.2,1010.12,0,1
TXN003816,549.75,Card,Bank Decline,1475,19,4,0,13.99,2555.19,0,1
TXN003817,8524.21,UPI,Bank Decline,1138,26,3,0,31.35,889.03,1,0
TXN003818,904.2,Net Banking,Network Error,248,18,5,0,42.78,912.11,1,1
TXN003819,1144.55,Net Banking,Expired Card,509,10,4,0,9.19,476.89,1,1
TXN003820,462.03,Card,Insufficient Funds,1086,12,3,2,33.38,546.95,0,1
TXN003821,4485.45,UPI,Insufficient Funds,1179,22,6,1,14.12,786.43,1,0
TXN003822,1720.38,UPI,Bank Decline,1341,20,4,0,64.79,835.4,1,1
TXN003823,546.13,Net Banking,Authentication Failed,558,18,3,1,47.66,915.9,1,0
TXN003824,448.34,UPI,Bank Decline,930,17,6,1,22.48,4083.29,0,0
TXN003825,1445.89,UPI,Network Error,127,19,5,0,3.78,902.8,0,1
TXN003826,1141.14,UPI,Bank Decline,32,24,6,0,46.54,1234.36,1,1
TXN003827,2319.02,Card,Network Error,1142,17,2,2,2.24,348.9,1,0
TXN003828,1794.12,Card,Insufficient Funds,517,15,4,2,30.7,663.61,0,1
TXN003829,864.34,Net Banking,Insufficient Funds,887,16,3,0,12.27,509.71,0,0
TXN003830,672.22,UPI,Bank Decline,29,19,7,0,17.02,2294.81,0,1
TXN003831,949.61,UPI,Bank Decline,1294,20,6,0,36.9,1361.17,1,1
TXN003832,668.07,Net Banking,Insufficient Funds,122,24,4,0,28.35,716.93,1,1
TXN003833,975.38,Net Banking,Expired Card,486,17,7,4,1.08,2303.37,0,1
TXN003834,1112.98,UPI,Authentication Failed,313,18,5,1,8.32,1639.45,0,1
TXN003835,488.76,Card,Bank Decline,237,21,1,0,63.4,2690.95,0,0
TXN003836,1934.51,UPI,Network Error,707,19,2,2,7.92,1316.37,1,0
TXN003837,785.73,Net Banking,Authentication Failed,498,15,5,1,29.47,3894.85,1,0
TXN003838,514.04,UPI,Limit Exceeded,775,12,1,2,23.47,367.25,0,1
TXN003839,799.15,Net Banking,Bank Decline,1150,21,0,1,56.25,1289.7,1,0
TXN003840,1363.8,Card,Limit Exceeded,292,17,2,3,53.86,1379.19,0,1
TXN003841,1181.73,Card,Insufficient Funds,994,20,3,2,11.0,593.29,0,1
TXN003842,1603.44,UPI,Network Error,1437,14,4,0,4.66,1425.92,0,0
TXN003843,2461.46,Card,Bank Decline,1388,16,4,2,6.45,665.13,1,1
TXN003844,3549.09,UPI,Insufficient Funds,896,22,3,0,6.28,484.66,1,1
TXN003845,1417.91,UPI,Bank Decline,1182,17,8,0,17.89,3147.53,0,1
TXN003846,418.86,Card,Insufficient Funds,604,12,7,0,8.23,1099.12,1,1
TXN003847,860.75,Wallet,Expired Card,1355,17,4,3,36.47,705.63,1,1
TXN003848,444.13,Card,Bank Decline,863,14,10,1,6.47,813.76,1,1
TXN003849,5050.13,Card,Network Error,845,16,3,0,83.11,391.04,0,1
TXN003850,6559.44,UPI,Insufficient Funds,1276,21,5,0,19.56,3615.06,1,1
TXN003851,1969.0,UPI,Insufficient Funds,924,12,5,0,7.91,481.2,0,0
TXN003852,2374.67,UPI,Network Error,1345,22,6,0,15.87,989.66,0,0
TXN003853,1374.5,Card,Authentication Failed,946,12,5,0,8.08,1257.48,0,1
TXN003854,1524.54,Net Banking,Insufficient Funds,811,14,4,0,13.04,1054.5,0,1
TXN003855,260.42,Card,Bank Decline,168,22,6,0,13.43,431.95,0,1
TXN003856,1026.04,UPI,Authentication Failed,618,22,3,0,26.09,3437.2,0,0
TXN003857,496.19,UPI,Insufficient Funds,1399,14,1,1,10.66,401.68,0,0
TXN003858,1412.65,Card,Authentication Failed,1215,19,3,1,53.44,901.77,0,0
TXN003859,1039.35,UPI,Network Error,959,13,4,0,1.87,875.24,1,1
TXN003860,6324.21,Net Banking,Bank Decline,282,20,4,0,6.97,2095.57,0,1
TXN003861,2502.3,Net Banking,Bank Decline,1003,20,9,1,24.74,829.36,0,0
TXN003862,1416.66,Card,Bank Decline,535,20,6,1,16.33,1208.93,1,1
TXN003863,862.43,UPI,Bank Decline,1466,21,4,1,2.38,3375.76,0,0
TXN003864,4956.32,UPI,Authentication Failed,1290,24,7,3,30.25,935.58,0,1
TXN003865,1067.46,UPI,Expired Card,965,25,2,0,19.64,700.42,0,1
TXN003866,1478.09,UPI,Expired Card,1275,14,4,0,15.79,2206.2,1,1
TXN003867,1139.14,UPI,Limit Exceeded,1368,25,5,1,37.59,950.81,0,0
TXN003868,762.24,Card,Bank Decline,56,14,7,0,32.36,4380.79,0,0
TXN003869,1133.26,Card,Network Error,1302,16,4,0,6.84,520.96,0,1
TXN003870,187.58,UPI,Bank Decline,1265,26,4,0,14.17,196.98,1,0
TXN003871,272.34,UPI,Limit Exceeded,590,16,5,1,35.3,911.13,1,1
TXN003872,1502.17,UPI,Bank Decline,920,18,1,1,1.21,1744.2,0,1
TXN003873,4497.96,UPI,Expired Card,1336,25,1,0,7.17,1150.14,1,1
TXN003874,1500.27,Net Banking,Authentication Failed,483,20,1,1,8.86,1114.57,1,1
TXN003875,573.45,UPI,Bank Decline,494,14,2,0,5.72,2441.17,0,0
TXN003876,299.3,UPI,Insufficient Funds,86,8,5,1,12.78,554.01,0,1
TXN003877,2221.8,UPI,Network Error,1316,15,4,1,28.63,812.05,0,1
TXN003878,658.21,Net Banking,Bank Decline,567,20,9,0,11.76,1548.91,1,1
TXN003879,1956.5,Card,Expired Card,1128,10,4,0,0.79,1069.14,0,1
TXN003880,1557.56,UPI,Authentication Failed,412,19,5,1,34.62,2047.84,0,1
TXN003881,1686.6,Card,Network Error,543,20,3,0,4.13,1036.58,1,1
TXN003882,1130.3,Card,Bank Decline,261,20,4,3,10.16,3241.77,0,1
TXN003883,1548.87,Wallet,Expired Card,966,17,4,1,0.37,1028.08,1,0
TXN003884,984.85,UPI,Insufficient Funds,493,22,5,1,10.42,2204.04,0,0
TXN003885,619.07,Net Banking,Bank Decline,1224,19,6,1,8.45,845.07,1,0
TXN003886,460.75,Net Banking,Authentication Failed,522,18,3,0,6.14,1663.96,1,1
TXN003887,128.19,Net Banking,Expired Card,470,16,5,0,49.84,994.89,0,1
TXN003888,931.69,Card,Insufficient Funds,786,16,2,1,20.41,898.43,0,0
TXN003889,4304.6,Card,Insufficient Funds,42,23,6,4,44.47,2088.06,0,0
TXN003890,2115.55,UPI,Expired Card,22,20,6,1,11.31,1348.91,0,0
TXN003891,1346.06,Card,Limit Exceeded,925,20,4,0,13.07,868.85,1,0
TXN003892,566.45,Card,Limit Exceeded,655,20,3,2,53.52,966.71,0,0
TXN003893,2690.83,Card,Bank Decline,829,21,0,1,11.02,1765.78,1,0
TXN003894,984.98,Card,Authentication Failed,79,15,4,1,0.57,1018.0,0,0
TXN003895,4525.31,Card,Network Error,1350,17,0,1,18.65,330.74,1,1
TXN003896,453.51,Net Banking,Expired Card,1275,13,3,2,3.97,706.24,1,0
TXN003897,558.37,UPI,Network Error,746,15,4,3,55.18,680.47,0,1
TXN003898,511.56,Net Banking,Insufficient Funds,1225,17,5,0,1.29,3334.15,1,1
TXN003899,288.9,Card,Authentication Failed,764,19,5,1,41.01,698.59,0,0
TXN003900,471.85,Net Banking,Insufficient Funds,912,24,1,2,2.82,1388.86,1,1
TXN003901,1203.39,Card,Bank Decline,1025,19,2,2,5.37,641.95,0,1
TXN003902,577.68,UPI,Limit Exceeded,1119,19,4,2,2.97,1038.8,0,1
TXN003903,50.0,Net Banking,Network Error,804,15,4,1,7.29,2156.27,1,1
TXN003904,2883.75,UPI,Limit Exceeded,1169,19,6,3,2.03,1833.12,0,1
TXN003905,240.88,Net Banking,Network Error,1427,16,1,0,8.44,2342.84,0,0
TXN003906,1863.67,Card,Bank Decline,959,20,4,0,6.68,890.05,1,1
TXN003907,1127.88,Card,Authentication Failed,490,20,2,0,24.38,1428.37,0,0
TXN003908,7373.41,UPI,Insufficient Funds,393,15,3,0,17.01,425.13,0,1
TXN003909,2689.91,Card,Authentication Failed,1398,26,5,1,20.7,1543.75,0,1
TXN003910,696.35,UPI,Bank Decline,464,19,4,0,12.14,544.1,0,1
TXN003911,582.97,UPI,Limit Exceeded,428,16,8,3,34.52,782.68,1,1
TXN003912,4240.58,UPI,Insufficient Funds,238,23,3,0,7.86,520.81,1,0
TXN003913,290.53,UPI,Network Error,545,19,9,2,9.27,1918.73,0,1
TXN003914,1302.18,Wallet,Authentication Failed,1374,14,3,2,1.83,2611.29,0,0
TXN003915,974.57,Wallet,Network Error,726,19,4,0,125.18,308.47,0,0
TXN003916,805.2,UPI,Limit Exceeded,1168,12,8,1,10.83,631.89,1,1
TXN003917,1507.43,Card,Limit Exceeded,1404,20,4,2,44.51,816.51,1,1
TXN003918,1300.63,UPI,Limit Exceeded,1467,12,7,2,34.47,115.88,0,0
TXN003919,1655.17,Card,Authentication Failed,161,15,3,1,5.4,1922.68,0,1
TXN003920,1242.75,Net Banking,Bank Decline,525,16,5,3,12.52,847.39,0,1
TXN003921,1597.05,Net Banking,Insufficient Funds,1145,19,7,1,15.97,351.61,1,0
TXN003922,1192.76,UPI,Insufficient Funds,1122,17,4,0,33.56,1196.64,0,0
TXN003923,605.78,Net Banking,Bank Decline,1376,15,5,1,1.84,325.65,0,1
TXN003924,1100.59,UPI,Insufficient Funds,590,18,6,1,31.71,773.62,0,1
TXN003925,576.54,Wallet,Network Error,1121,14,4,1,2.14,2206.29,0,1
TXN003926,543.3,UPI,Insufficient Funds,706,13,3,0,10.72,633.83,0,1
TXN003927,810.35,Card,Insufficient Funds,1428,19,2,1,35.67,1610.33,0,0
TXN003928,984.88,Card,Insufficient Funds,111,21,2,2,4.79,1844.93,1,0
TXN003929,1131.96,Card,Limit Exceeded,818,21,4,3,0.85,4736.19,0,1
TXN003930,2501.74,UPI,Network Error,972,21,3,1,0.88,1546.86,1,1
TXN003931,700.21,Net Banking,Bank Decline,602,22,3,2,3.77,1281.08,1,1
TXN003932,1309.19,UPI,Authentication Failed,1020,19,3,2,14.02,836.98,0,1
TXN003933,1219.54,Card,Insufficient Funds,546,25,2,1,40.21,505.12,1,0
TXN003934,634.12,UPI,Authentication Failed,1309,20,4,0,22.22,474.2,0,1
TXN003935,1171.88,UPI,Network Error,18,22,6,1,29.42,1041.64,0,1
TXN003936,2703.9,Card,Insufficient Funds,1337,22,3,4,5.1,1212.42,0,1
TXN003937,1297.06,UPI,Expired Card,370,21,4,1,8.68,1593.03,1,0
TXN003938,1344.7,UPI,Limit Exceeded,668,21,2,2,13.38,1519.16,1,0
TXN003939,581.26,UPI,Bank Decline,1348,12,6,0,8.25,424.34,1,1
TXN003940,6450.89,UPI,Authentication Failed,544,22,6,1,25.12,917.09,0,1
TXN003941,611.85,Card,Insufficient Funds,1244,19,4,0,63.34,736.71,0,0
TXN003942,244.45,Net Banking,Bank Decline,320,14,3,2,26.39,1462.68,1,0
TXN003943,2378.36,UPI,Insufficient Funds,1485,10,5,0,50.69,1038.61,1,1
TXN003944,988.97,UPI,Insufficient Funds,1429,19,7,0,69.19,655.96,0,0
TXN003945,834.86,UPI,Bank Decline,1252,25,3,0,6.98,700.51,0,1
TXN003946,671.16,UPI,Authentication Failed,586,20,9,1,17.23,630.27,0,0
TXN003947,5910.84,Card,Insufficient Funds,268,22,4,0,26.17,237.68,0,0
TXN003948,1508.89,Card,Bank Decline,502,24,4,0,17.37,3271.42,0,0
TXN003949,1798.62,UPI,Network Error,629,22,5,1,16.42,1365.53,1,1
TXN003950,1269.47,UPI,Authentication Failed,136,19,3,1,8.27,564.34,0,1
TXN003951,1398.34,UPI,Authentication Failed,1189,14,6,0,13.6,2088.51,0,1
TXN003952,3861.31,Net Banking,Limit Exceeded,798,12,9,0,7.5,1413.39,0,0
TXN003953,875.01,Wallet,Authentication Failed,1321,14,4,1,4.61,1081.06,0,1
TXN003954,295.53,UPI,Limit Exceeded,95,10,11,3,8.61,725.59,0,0
TXN003955,2395.27,UPI,Authentication Failed,974,22,4,1,9.18,663.61,1,0
TXN003956,1714.77,Net Banking,Expired Card,1362,13,5,1,2.8,3034.76,1,1
TXN003957,1208.56,Net Banking,Insufficient Funds,636,15,0,1,12.07,1428.78,0,0
TXN003958,1675.18,UPI,Bank Decline,512,22,5,0,18.24,1422.16,0,1
TXN003959,785.51,UPI,Expired Card,1160,21,7,2,1.98,580.74,1,0
TXN003960,1117.25,UPI,Bank Decline,213,15,3,0,13.63,740.33,0,1
TXN003961,974.06,Card,Bank Decline,1390,16,4,0,1.66,1211.99,1,1
TXN003962,643.98,UPI,Network Error,1089,12,1,0,34.9,2740.11,1,0
TXN003963,3197.92,UPI,Authentication Failed,1126,19,5,2,9.46,2394.54,0,0
TXN003964,307.65,Card,Insufficient Funds,1276,18,3,0,5.01,1779.24,0,1
TXN003965,9180.11,UPI,Limit Exceeded,1489,29,3,1,8.53,1263.62,0,0
TXN003966,2415.41,Net Banking,Expired Card,1175,12,3,0,18.99,2184.89,0,0
TXN003967,221.37,UPI,Authentication Failed,1340,18,4,2,11.69,3234.05,0,0
TXN003968,896.28,UPI,Authentication Failed,540,11,3,0,16.62,2014.19,0,1
TXN003969,942.29,Card,Limit Exceeded,1411,22,8,0,16.31,1867.44,0,0
TXN003970,1560.4,UPI,Network Error,1383,23,3,1,21.4,1296.94,0,0
TXN003971,450.14,Wallet,Insufficient Funds,890,21,5,0,48.39,957.88,0,0
TXN003972,1128.7,Card,Network Error,957,19,4,1,19.05,833.98,0,0
TXN003973,983.38,UPI,Limit Exceeded,291,23,2,0,3.24,2553.72,0,1
TXN003974,564.61,Card,Authentication Failed,725,28,4,2,10.97,1080.35,0,0
TXN003975,498.16,UPI,Limit Exceeded,508,17,4,1,3.81,596.52,0,1
TXN003976,2507.21,Net Banking,Insufficient Funds,264,15,1,3,2.64,1253.44,0,0
TXN003977,238.19,UPI,Network Error,816,17,2,1,24.56,1420.89,0,1
TXN003978,1685.96,Card,Bank Decline,58,12,3,0,3.04,961.39,1,1
TXN003979,2247.92,UPI,Insufficient Funds,556,25,7,0,27.33,640.81,1,1
TXN003980,900.81,Card,Insufficient Funds,671,15,7,1,13.3,2211.61,1,0
TXN003981,1149.56,Net Banking,Insufficient Funds,1246,12,3,0,9.93,2113.52,1,1
TXN003982,3124.86,Net Banking,Limit Exceeded,1476,24,3,0,37.2,326.13,0,0
TXN003983,581.51,UPI,Bank Decline,1253,18,2,0,41.46,1363.28,1,1
TXN003984,638.11,UPI,Bank Decline,661,12,5,1,4.37,1496.48,1,1
TXN003985,702.09,Net Banking,Authentication Failed,972,13,2,1,28.97,2296.7,1,0
TXN003986,3130.01,Net Banking,Bank Decline,1135,19,4,1,16.76,450.66,0,1
TXN003987,3508.92,UPI,Insufficient Funds,528,10,3,3,12.34,783.42,1,0
TXN003988,312.22,Card,Bank Decline,975,21,7,3,4.89,2156.63,1,0
TXN003989,2712.47,UPI,Insufficient Funds,1007,14,3,0,29.2,1498.89,1,0
TXN003990,2291.63,Net Banking,Insufficient Funds,894,26,3,1,38.37,1263.8,1,0
TXN003991,4439.23,UPI,Insufficient Funds,1413,18,4,1,23.56,4741.65,1,1
TXN003992,1550.91,UPI,Network Error,1144,16,1,2,5.81,3401.72,0,0
TXN003993,1053.81,Card,Insufficient Funds,751,20,4,1,1.33,691.58,1,1
TXN003994,3073.88,UPI,Bank Decline,1099,15,6,0,11.74,1413.59,0,0
TXN003995,2057.02,Card,Authentication Failed,1395,20,2,0,5.62,653.81,0,0
TXN003996,8270.16,Card,Bank Decline,1074,26,1,0,7.54,1515.33,0,1
TXN003997,2598.88,UPI,Authentication Failed,217,18,0,0,7.21,2768.86,0,1
TXN003998,1259.15,UPI,Network Error,282,14,5,0,4.27,957.33,1,1
TXN003999,381.19,Card,Bank Decline,1137,15,4,0,75.09,1295.98,0,0
TXN004000,650.13,UPI,Limit Exceeded,485,17,5,1,34.84,301.97,1,0
TXN004001,301.16,Card,Insufficient Funds,211,17,6,2,1.55,1186.83,1,0
TXN004002,903.65,Net Banking,Insufficient Funds,125,13,2,0,32.84,949.03,1,1
TXN004003,2523.65,Card,Expired Card,492,12,6,0,0.46,1335.98,0,1
TXN004004,1093.02,UPI,Network Error,115,17,7,1,32.16,779.59,0,1
TXN004005,2750.54,UPI,Limit Exceeded,460,22,6,2,3.9,606.89,0,0
TXN004006,1485.96,UPI,Authentication Failed,1269,19,4,2,11.39,2368.18,0,0
TXN004007,762.97,UPI,Bank Decline,1038,12,3,0,6.91,558.71,0,1
TXN004008,1186.62,UPI,Network Error,518,15,2,0,15.53,562.57,1,0
TXN004009,1677.21,Card,Network Error,1073,15,7,1,10.64,1240.99,0,1
TXN004010,1243.02,UPI,Authentication Failed,1424,16,2,0,0.65,6060.16,1,1
TXN004011,1255.91,UPI,Limit Exceeded,138,18,11,0,25.04,1268.99,0,0
TXN004012,548.87,UPI,Authentication Failed,757,15,5,0,11.83,728.4,0,0
TXN004013,742.72,Card,Bank Decline,400,6,10,4,4.24,723.6,0,0
TXN004014,8371.72,UPI,Limit Exceeded,204,13,5,0,16.29,1494.52,0,1
TXN004015,3313.03,Card,Bank Decline,1494,19,7,0,3.65,1726.09,0,0
TXN004016,291.06,UPI,Insufficient Funds,1151,14,1,2,14.12,723.59,0,1
TXN004017,130.29,Net Banking,Authentication Failed,1330,16,2,3,10.12,295.1,0,0
TXN004018,1174.47,Net Banking,Insufficient Funds,226,14,4,2,13.77,885.8,0,1
TXN004019,2450.69,UPI,Authentication Failed,874,22,3,1,15.35,3076.86,0,1
TXN004020,686.81,UPI,Insufficient Funds,100,10,2,3,0.76,733.93,0,1
TXN004021,2750.38,UPI,Limit Exceeded,1322,14,3,1,18.26,989.09,0,0
TXN004022,1157.12,UPI,Bank Decline,159,17,6,0,6.41,389.02,0,1
TXN004023,946.95,Card,Bank Decline,531,21,2,3,7.47,1297.61,0,0
TXN004024,2165.71,Net Banking,Insufficient Funds,725,16,6,1,26.75,723.28,0,0
TXN004025,679.47,Card,Network Error,773,11,3,0,3.6,1049.03,0,0
TXN004026,847.22,Net Banking,Bank Decline,1452,23,3,0,7.43,702.99,0,1
TXN004027,2004.5,UPI,Expired Card,1188,12,5,1,1.27,402.9,0,0
TXN004028,1066.08,UPI,Insufficient Funds,1300,20,5,2,60.72,908.94,1,0
TXN004029,6111.32,Card,Insufficient Funds,824,20,2,4,4.63,3824.94,0,0
TXN004030,2047.64,UPI,Insufficient Funds,263,19,4,0,37.65,2426.94,0,0
TXN004031,1931.27,Card,Bank Decline,707,26,5,2,16.61,1288.63,0,0
TXN004032,1048.85,UPI,Limit Exceeded,521,14,3,0,10.11,718.18,1,1
TXN004033,2409.75,UPI,Authentication Failed,1267,16,0,1,15.66,910.13,0,1
TXN004034,820.29,Wallet,Bank Decline,451,12,6,0,15.09,2131.1,1,1
TXN004035,1413.95,UPI,Network Error,177,12,8,1,16.36,1101.1,1,1
TXN004036,480.74,Wallet,Limit Exceeded,276,18,5,1,7.45,899.82,1,1
TXN004037,2794.75,Wallet,Bank Decline,607,14,5,3,38.95,873.97,0,0
TXN004038,1424.45,Net Banking,Bank Decline,643,21,2,1,27.26,1068.83,1,1
TXN004039,6530.65,Card,Network Error,73,18,3,1,68.57,5882.68,1,1
TXN004040,9443.37,Card,Insufficient Funds,781,16,2,2,32.33,649.17,0,1
TXN004041,2179.8,Net Banking,Insufficient Funds,14,26,5,0,8.11,992.94,0,0
TXN004042,1166.29,UPI,Insufficient Funds,1478,20,5,0,6.89,1270.32,0,1
TXN004043,468.03,Card,Network Error,141,18,1,0,11.32,2291.48,0,1
TXN004044,2475.69,Card,Insufficient Funds,822,16,1,0,1.11,5418.96,1,1
TXN004045,1325.12,UPI,Insufficient Funds,836,18,4,0,9.0,2243.26,0,1
TXN004046,1779.76,Card,Bank Decline,31,16,3,0,0.6,593.24,1,1
TXN004047,5202.05,UPI,Insufficient Funds,471,18,5,0,3.4,1708.33,1,1
TXN004048,522.18,Card,Insufficient Funds,380,18,2,0,6.78,2133.51,1,1
TXN004049,477.29,Net Banking,Authentication Failed,202,20,4,0,18.57,910.65,0,1
TXN004050,886.44,UPI,Insufficient Funds,710,11,4,0,65.75,612.65,1,1
TXN004051,2296.36,Net Banking,Expired Card,408,26,1,2,3.17,1423.5,0,1
TXN004052,1806.92,Card,Bank Decline,128,23,4,4,1.88,1430.66,1,0
TXN004053,489.74,Net Banking,Expired Card,778,22,1,0,46.6,1282.06,0,0
TXN004054,2166.56,Card,Network Error,565,9,4,1,12.37,385.74,0,1
TXN004055,372.01,Net Banking,Bank Decline,1239,17,2,0,17.05,1434.07,0,1
TXN004056,515.96,UPI,Limit Exceeded,1331,21,8,2,0.38,2350.34,0,1
TXN004057,988.4,Net Banking,Network Error,960,15,7,0,7.11,1648.1,1,1
TXN004058,666.41,UPI,Limit Exceeded,914,11,3,0,12.66,741.9,1,1
TXN004059,2442.73,Net Banking,Bank Decline,1069,17,5,1,5.41,1438.89,0,0
TXN004060,1419.05,Wallet,Authentication Failed,625,23,7,4,29.48,2173.82,1,1
TXN004061,5372.27,UPI,Limit Exceeded,747,24,1,0,16.8,1155.64,1,1
TXN004062,877.9,UPI,Authentication Failed,953,19,3,0,55.96,1092.62,1,1
TXN004063,982.42,Card,Network Error,803,17,2,1,21.51,1084.79,0,1
TXN004064,3259.55,UPI,Network Error,212,20,1,3,3.0,1405.16,0,0
TXN004065,1010.47,Net Banking,Limit Exceeded,589,18,5,2,13.31,672.74,1,0
TXN004066,4207.42,UPI,Authentication Failed,703,13,8,3,3.02,2367.52,0,0
TXN004067,1784.24,UPI,Authentication Failed,418,15,3,0,35.5,1505.36,1,1
TXN004068,131.96,Wallet,Bank Decline,1363,20,4,0,7.23,1787.65,0,1
TXN004069,3164.7,Card,Limit Exceeded,214,15,4,2,10.35,873.05,1,1
TXN004070,2493.53,Net Banking,Insufficient Funds,411,25,4,0,36.87,1614.59,0,1
TXN004071,2581.69,UPI,Network Error,394,18,5,1,5.53,1725.09,1,1
TXN004072,196.39,Card,Insufficient Funds,1412,18,3,0,11.09,2005.91,0,0
TXN004073,603.84,Card,Bank Decline,873,22,4,0,27.67,916.04,1,1
TXN004074,645.59,Card,Authentication Failed,277,17,4,3,1.23,716.52,0,0
TXN004075,514.39,Card,Insufficient Funds,443,20,3,2,5.85,711.03,0,0
TXN004076,5259.18,Card,Expired Card,864,13,3,0,2.11,973.56,0,0
TXN004077,1085.08,Card,Network Error,1460,19,1,1,24.6,1550.5,0,1
TXN004078,1061.14,UPI,Insufficient Funds,351,18,1,1,2.86,1204.28,1,1
TXN004079,1802.28,Card,Bank Decline,155,20,3,1,57.41,1805.64,0,1
TXN004080,1830.55,UPI,Network Error,634,26,3,4,8.62,1453.55,0,1
TXN004081,54.52,Card,Insufficient Funds,1422,15,2,1,13.56,1149.15,1,1
TXN004082,612.95,UPI,Limit Exceeded,193,18,6,1,4.53,2676.62,0,1
TXN004083,307.5,Card,Authentication Failed,26,15,5,0,33.38,659.35,0,0
TXN004084,1572.27,Card,Insufficient Funds,1368,23,1,0,4.91,1885.62,1,1
TXN004085,845.56,UPI,Insufficient Funds,379,19,4,1,11.77,2536.03,0,1
TXN004086,1111.93,UPI,Bank Decline,985,19,5,3,60.78,849.62,0,1
TXN004087,168.9,UPI,Limit Exceeded,73,20,10,4,11.52,2456.04,0,0
TXN004088,829.76,Card,Bank Decline,1469,19,0,2,12.61,1500.84,0,0
TXN004089,2991.76,Net Banking,Insufficient Funds,1092,19,3,2,35.83,439.78,0,0
TXN004090,3899.11,UPI,Network Error,792,17,1,0,40.08,1286.62,0,0
TXN004091,2094.31,Card,Authentication Failed,628,10,4,3,21.98,1737.13,1,1
TXN004092,329.67,UPI,Bank Decline,91,9,6,3,0.41,2062.89,0,0
TXN004093,3406.57,Card,Bank Decline,1436,16,3,0,23.16,7380.74,1,1
TXN004094,2104.01,Net Banking,Authentication Failed,1425,17,4,1,24.71,1313.18,0,0
TXN004095,986.86,UPI,Expired Card,182,20,3,0,7.9,1180.49,0,0
TXN004096,177.23,Card,Expired Card,365,25,0,2,18.26,938.82,1,1
TXN004097,2586.95,UPI,Network Error,837,20,6,0,5.67,1853.18,1,1
TXN004098,643.58,UPI,Authentication Failed,297,19,5,2,7.1,2383.67,0,1
TXN004099,1497.5,UPI,Expired Card,136,25,4,2,7.98,833.76,0,0
TXN004100,1166.26,UPI,Authentication Failed,485,20,5,0,36.65,1063.44,0,0
TXN004101,4378.91,Card,Expired Card,654,20,4,0,47.67,2474.56,1,1
TXN004102,979.62,Card,Limit Exceeded,538,21,8,0,23.04,1753.23,0,0
TXN004103,1081.82,Card,Bank Decline,270,20,3,2,3.72,483.2,1,0
TXN004104,4540.32,UPI,Bank Decline,965,15,4,0,21.77,349.92,0,1
TXN004105,606.44,UPI,Limit Exceeded,509,16,3,3,5.32,1479.49,0,0
TXN004106,2282.19,Card,Bank Decline,1190,16,5,1,2.77,553.98,1,1
TXN004107,917.13,Wallet,Network Error,915,23,4,0,12.86,1511.8,0,1
TXN004108,444.84,UPI,Bank Decline,1111,21,2,0,41.95,2678.08,0,1
TXN004109,1097.78,Net Banking,Limit Exceeded,1443,12,6,0,8.31,1951.13,0,0
TXN004110,2043.74,Card,Insufficient Funds,481,21,5,0,18.52,1369.66,0,1
TXN004111,3708.34,Card,Limit Exceeded,894,9,6,0,24.95,1284.75,0,1
TXN004112,4134.93,Card,Network Error,24,16,3,2,33.89,1590.3,0,1
TXN004113,841.1,UPI,Insufficient Funds,1099,12,5,0,0.77,1470.75,1,1
TXN004114,451.0,UPI,Network Error,914,17,2,0,12.64,2109.01,1,1
TXN004115,823.15,Card,Bank Decline,136,23,2,2,41.0,714.21,0,1
TXN004116,378.65,UPI,Bank Decline,944,25,5,1,6.25,723.26,1,0
TXN004117,901.76,Net Banking,Bank Decline,821,19,6,0,1.39,1103.12,0,0
TXN004118,806.34,UPI,Insufficient Funds,1340,18,2,0,8.36,708.08,0,1
TXN004119,2110.63,UPI,Authentication Failed,21,23,3,0,22.62,915.81,0,1
TXN004120,150.6,Card,Insufficient Funds,1216,15,2,3,67.76,603.98,0,0
TXN004121,566.66,UPI,Expired Card,1447,21,5,0,14.91,1666.35,0,1
TXN004122,570.8,Card,Bank Decline,1013,15,0,1,48.08,633.75,0,0
TXN004123,3192.04,Card,Expired Card,713,19,6,2,49.29,919.89,1,1
TXN004124,402.44,Net Banking,Bank Decline,709,21,6,1,30.37,800.18,0,0
TXN004125,1344.79,Net Banking,Expired Card,752,17,2,0,10.6,1277.41,0,0
TXN004126,977.19,Card,Expired Card,438,23,4,3,23.59,2855.94,0,1
TXN004127,2803.82,Card,Expired Card,1096,17,2,0,45.26,896.76,0,1
TXN004128,1874.78,Net Banking,Insufficient Funds,1111,14,4,0,34.31,565.79,0,1
TXN004129,1223.07,UPI,Expired Card,42,19,2,2,14.94,989.67,1,1
TXN004130,665.67,UPI,Bank Decline,753,9,3,3,38.53,1871.74,1,0
TXN004131,207.04,UPI,Insufficient Funds,23,18,1,2,33.05,3223.79,0,1
TXN004132,1369.74,UPI,Bank Decline,520,20,7,0,2.49,519.79,1,1
TXN004133,1767.71,Card,Bank Decline,39,12,4,4,5.97,753.92,1,1
TXN004134,265.77,Card,Bank Decline,355,23,1,0,33.1,1536.19,0,1
TXN004135,361.29,Card,Expired Card,1410,17,4,0,26.06,590.44,0,0
TXN004136,1376.22,UPI,Bank Decline,514,18,5,0,8.71,1149.63,1,0
TXN004137,1488.06,Card,Bank Decline,652,21,5,0,13.5,540.29,0,1
TXN004138,449.63,UPI,Insufficient Funds,945,17,2,0,76.33,1103.59,1,1
TXN004139,654.15,Card,Expired Card,862,14,5,1,8.71,1576.75,0,1
TXN004140,210.01,Card,Network Error,1297,20,3,0,4.52,2595.09,0,1
TXN004141,3787.79,UPI,Bank Decline,523,21,2,0,20.43,483.13,0,0
TXN004142,340.4,UPI,Expired Card,804,18,2,1,3.46,1763.96,1,1
TXN004143,1786.54,UPI,Network Error,491,21,1,1,1.9,2781.58,0,1
TXN004144,1062.67,Net Banking,Bank Decline,1377,19,2,2,38.04,1646.08,1,1
TXN004145,3500.41,Net Banking,Network Error,670,20,3,0,38.04,1346.48,0,1
TXN004146,537.52,Card,Expired Card,449,17,3,0,26.34,1005.22,0,1
TXN004147,1158.79,UPI,Expired Card,384,20,8,0,0.32,416.51,1,1
TXN004148,237.8,UPI,Bank Decline,1020,21,1,0,4.18,469.53,1,1
TXN004149,191.58,Card,Insufficient Funds,969,22,3,0,28.29,1854.31,0,0
TXN004150,1875.63,Net Banking,Insufficient Funds,579,16,2,2,29.61,944.21,0,0
TXN004151,219.97,UPI,Expired Card,364,21,5,0,11.94,1981.28,0,0
TXN004152,893.02,UPI,Authentication Failed,544,20,8,3,32.77,401.81,1,0
TXN004153,2724.84,Card,Bank Decline,627,22,3,1,34.68,1917.39,0,0
TXN004154,2147.41,UPI,Insufficient Funds,1240,19,3,0,30.32,679.79,1,1
TXN004155,602.97,UPI,Limit Exceeded,812,16,4,0,25.48,1214.14,1,1
TXN004156,262.53,UPI,Limit Exceeded,1072,15,3,0,31.22,968.02,0,0
TXN004157,1734.62,Card,Authentication Failed,822,17,2,0,2.23,2480.5,1,1
TXN004158,3670.31,Net Banking,Network Error,19,19,8,1,13.2,1754.02,1,1
TXN004159,604.25,Wallet,Authentication Failed,830,17,5,0,10.39,402.41,0,0
TXN004160,532.2,Card,Insufficient Funds,495,21,4,0,1.04,503.82,0,1
TXN004161,683.75,Card,Insufficient Funds,1217,22,3,1,82.78,4170.21,0,1
TXN004162,1834.35,UPI,Insufficient Funds,1093,19,6,1,13.73,1511.02,0,1
TXN004163,3313.19,Card,Expired Card,1366,17,3,3,32.23,1303.55,0,1
TXN004164,359.37,UPI,Insufficient Funds,561,22,6,0,10.09,745.95,1,0
TXN004165,284.73,Card,Network Error,751,20,3,0,6.91,909.71,0,1
TXN004166,9009.16,UPI,Network Error,81,23,7,0,13.08,2012.0,0,1
TXN004167,934.87,UPI,Bank Decline,771,22,5,0,2.82,1327.13,0,1
TXN004168,1376.92,UPI,Authentication Failed,831,14,1,2,3.7,991.93,0,1
TXN004169,588.31,UPI,Insufficient Funds,1179,16,1,0,1.08,319.45,0,1
TXN004170,1704.4,UPI,Bank Decline,213,14,6,0,35.18,1331.64,1,1
TXN004171,2602.05,UPI,Limit Exceeded,699,8,6,2,14.11,864.76,0,0
TXN004172,1436.29,Wallet,Insufficient Funds,1271,19,9,0,77.24,485.61,1,0
TXN004173,5254.14,Card,Expired Card,682,18,3,0,31.62,669.73,0,1
TXN004174,817.24,Card,Limit Exceeded,581,16,10,0,14.5,1264.99,1,1
TXN004175,865.59,Net Banking,Authentication Failed,900,20,5,3,13.57,3186.59,1,1
TXN004176,1350.55,Wallet,Authentication Failed,1265,21,3,2,12.58,295.66,0,1
TXN004177,1666.47,Card,Bank Decline,131,20,4,0,1.04,1395.05,1,1
TXN004178,1346.35,Net Banking,Network Error,263,24,3,2,1.0,1261.9,0,1
TXN004179,345.17,UPI,Insufficient Funds,1122,22,2,4,12.1,3049.84,1,1
TXN004180,1452.82,UPI,Bank Decline,743,18,2,0,41.38,3798.57,1,0
TXN004181,783.09,UPI,Insufficient Funds,1237,28,4,1,18.88,1070.55,0,0
TXN004182,650.1,Card,Bank Decline,1447,13,3,0,13.65,1204.0,0,1
TXN004183,1129.17,Card,Authentication Failed,294,17,3,1,17.19,1181.94,1,1
TXN004184,461.57,UPI,Bank Decline,1245,15,7,0,6.77,169.27,0,0
TXN004185,394.71,UPI,Network Error,644,24,5,1,7.74,1249.59,0,1
TXN004186,104.18,Card,Bank Decline,773,14,3,1,24.27,3558.85,0,1
TXN004187,5284.4,UPI,Bank Decline,518,15,6,1,4.21,375.59,1,1
TXN004188,1808.33,Card,Authentication Failed,579,17,3,3,3.38,2741.59,0,0
TXN004189,987.24,Card,Bank Decline,374,19,3,0,13.17,1213.35,0,1
TXN004190,601.54,Card,Network Error,1431,19,6,0,24.33,728.7,0,1
TXN004191,82.4,Card,Bank Decline,1231,14,4,0,6.59,411.08,0,0
TXN004192,569.25,Net Banking,Insufficient Funds,291,13,4,0,9.65,2021.38,0,1
TXN004193,2088.66,Card,Network Error,69,18,5,0,14.36,2854.97,0,1
TXN004194,2560.5,Card,Limit Exceeded,652,16,5,0,39.44,2880.25,0,0
TXN004195,1954.84,Card,Insufficient Funds,757,16,5,4,17.7,2627.64,0,1
TXN004196,1264.65,UPI,Insufficient Funds,770,19,5,2,34.67,645.46,0,1
TXN004197,3545.69,UPI,Insufficient Funds,367,15,7,0,8.8,619.4,0,0
TXN004198,815.92,UPI,Limit Exceeded,1217,16,3,0,15.95,1246.54,0,1
TXN004199,2912.22,Card,Expired Card,377,14,4,2,18.93,2166.57,1,1
TXN004200,775.79,Card,Network Error,1051,27,4,0,44.22,1038.64,0,0
TXN004201,496.2,Net Banking,Bank Decline,947,14,5,1,29.6,769.85,1,1
TXN004202,443.57,UPI,Authentication Failed,947,21,10,2,2.85,1424.2,1,1
TXN004203,420.71,UPI,Limit Exceeded,861,29,5,0,20.08,524.16,0,0
TXN004204,1984.58,Wallet,Limit Exceeded,809,14,1,2,0.96,746.44,1,1
TXN004205,562.02,UPI,Limit Exceeded,1338,14,8,0,90.65,1449.06,0,0
TXN004206,432.8,Card,Expired Card,52,14,4,1,9.47,3262.29,0,1
TXN004207,2084.66,Card,Bank Decline,200,16,6,3,19.86,3461.11,1,1
TXN004208,1473.17,Card,Authentication Failed,1087,19,1,1,3.74,1684.74,1,1
TXN004209,2607.98,UPI,Authentication Failed,1487,19,4,3,27.41,350.49,1,0
TXN004210,1739.48,UPI,Insufficient Funds,339,10,5,3,21.38,2068.66,0,1
TXN004211,556.8,UPI,Insufficient Funds,753,21,1,0,7.76,1198.54,0,1
TXN004212,1174.38,Card,Authentication Failed,872,17,3,3,8.03,1789.76,0,0
TXN004213,1227.36,Card,Bank Decline,1046,15,3,0,20.57,687.47,1,1
TXN004214,479.51,UPI,Authentication Failed,651,25,6,0,8.27,1495.0,1,1
TXN004215,405.79,Card,Bank Decline,750,20,5,3,53.82,2459.51,0,0
TXN004216,594.28,Net Banking,Insufficient Funds,156,16,0,1,7.07,730.93,0,1
TXN004217,6856.31,UPI,Insufficient Funds,1012,15,4,1,5.59,2457.92,1,0
TXN004218,756.37,Card,Insufficient Funds,808,15,5,0,25.75,612.95,1,1
TXN004219,3326.18,Card,Bank Decline,888,14,2,1,1.98,2791.34,0,1
TXN004220,719.25,UPI,Network Error,832,12,1,2,14.9,1066.95,1,1
TXN004221,2440.49,UPI,Expired Card,1243,15,1,1,17.58,621.35,1,0
TXN004222,2470.66,Card,Authentication Failed,397,19,5,3,6.63,1905.36,1,1
TXN004223,2584.61,Net Banking,Bank Decline,287,11,5,1,54.29,857.32,0,0
TXN004224,1554.71,Net Banking,Network Error,545,23,6,0,9.68,568.96,1,0
TXN004225,3788.14,Card,Network Error,348,14,5,0,5.92,650.78,0,1
TXN004226,1541.51,Card,Network Error,680,23,6,1,20.76,470.62,0,0
TXN004227,5126.49,UPI,Network Error,1367,14,3,0,22.99,1041.57,0,1
TXN004228,255.21,Card,Insufficient Funds,1025,17,5,0,10.02,676.57,0,0
TXN004229,1500.36,Card,Insufficient Funds,1105,17,2,0,3.6,503.66,0,1
TXN004230,1415.15,UPI,Insufficient Funds,99,21,9,1,17.99,2583.64,0,1
TXN004231,472.07,Card,Insufficient Funds,1026,26,2,0,5.15,2282.97,1,1
TXN004232,1847.57,Card,Expired Card,121,11,6,3,4.53,2438.61,1,1
TXN004233,286.84,UPI,Insufficient Funds,1451,23,1,3,15.53,1108.72,0,0
TXN004234,608.64,Net Banking,Authentication Failed,119,23,3,1,76.86,575.58,0,1
TXN004235,181.42,UPI,Authentication Failed,1398,18,7,1,21.24,540.55,0,1
TXN004236,4459.37,UPI,Authentication Failed,1090,8,4,0,29.91,1658.07,1,1
TXN004237,890.34,UPI,Authentication Failed,1312,25,4,0,22.47,4979.78,0,1
TXN004238,7709.4,Card,Bank Decline,243,18,4,0,8.39,3022.58,0,0
TXN004239,2258.95,Card,Network Error,644,20,4,0,42.72,1637.6,0,0
TXN004240,1641.37,UPI,Insufficient Funds,1075,22,4,3,29.77,1474.26,0,0
TXN004241,647.03,Card,Limit Exceeded,1227,19,6,0,21.14,921.44,1,0
TXN004242,427.64,UPI,Authentication Failed,730,10,2,0,14.03,1877.94,0,1
TXN004243,1755.79,Card,Authentication Failed,505,18,3,0,8.08,703.43,0,1
TXN004244,1028.27,Card,Bank Decline,455,19,2,0,10.75,255.2,1,1
TXN004245,328.54,UPI,Limit Exceeded,201,15,1,1,6.69,671.08,1,1
TXN004246,280.01,Net Banking,Insufficient Funds,1225,20,5,0,45.49,973.28,0,1
TXN004247,462.74,UPI,Insufficient Funds,581,28,3,1,7.17,468.32,1,0
TXN004248,5646.95,UPI,Limit Exceeded,588,24,3,1,49.93,2142.71,1,1
TXN004249,8038.12,Card,Bank Decline,316,14,3,1,10.54,637.49,0,1
TXN004250,1318.82,Wallet,Authentication Failed,597,22,6,0,32.7,2034.56,0,0
TXN004251,1253.94,UPI,Insufficient Funds,554,20,1,0,5.21,1734.28,0,1
TXN004252,810.22,UPI,Authentication Failed,395,14,4,3,60.43,1094.15,1,0
TXN004253,472.94,UPI,Network Error,1465,26,6,0,40.93,1412.9,1,1
TXN004254,3780.69,Card,Limit Exceeded,806,18,2,2,21.63,1768.38,1,0
TXN004255,5920.75,UPI,Limit Exceeded,667,19,1,2,45.31,993.76,1,0
TXN004256,490.74,Card,Authentication Failed,791,20,6,2,17.48,3441.66,1,0
TXN004257,1017.85,Wallet,Bank Decline,1231,26,4,3,0.26,443.62,1,1
TXN004258,731.52,Card,Authentication Failed,540,18,3,0,5.21,814.85,0,0
TXN004259,751.28,UPI,Insufficient Funds,303,27,2,0,1.69,1093.51,1,1
TXN004260,3188.54,UPI,Insufficient Funds,833,14,6,0,1.22,4508.45,0,1
TXN004261,336.71,UPI,Bank Decline,733,17,8,0,11.45,625.2,0,1
TXN004262,1668.74,Net Banking,Limit Exceeded,337,21,10,0,67.91,3379.94,0,0
TXN004263,2112.05,UPI,Network Error,640,21,4,1,9.01,715.58,1,1
TXN004264,964.94,UPI,Limit Exceeded,861,14,7,1,61.65,2050.11,0,1
TXN004265,2449.8,Card,Expired Card,1291,16,3,1,39.89,950.63,0,1
TXN004266,1252.49,Card,Insufficient Funds,1085,29,4,0,3.48,500.94,0,0
TXN004267,3279.4,Card,Authentication Failed,1312,13,5,0,38.7,2505.32,0,1
TXN004268,278.67,UPI,Insufficient Funds,778,11,4,0,5.36,945.55,0,1
TXN004269,801.19,Net Banking,Authentication Failed,881,23,2,0,0.97,647.02,0,1
TXN004270,1028.0,Net Banking,Bank Decline,748,12,4,0,2.3,875.18,0,0
TXN004271,98.99,Card,Network Error,644,17,6,1,13.08,479.97,0,1
TXN004272,412.67,Wallet,Bank Decline,448,19,4,2,17.6,780.25,0,0
TXN004273,527.3,UPI,Insufficient Funds,1289,17,3,0,0.46,1107.55,1,1
TXN004274,2574.44,Card,Bank Decline,899,28,4,0,21.89,1398.88,0,1
TXN004275,580.47,Card,Insufficient Funds,152,22,2,1,1.38,2276.73,0,1
TXN004276,525.17,Card,Insufficient Funds,397,17,4,1,18.91,1475.39,0,1
TXN004277,2288.7,UPI,Insufficient Funds,379,18,2,0,1.11,164.39,0,1
TXN004278,255.67,UPI,Network Error,1075,19,5,2,6.4,1716.09,0,0
TXN004279,170.01,UPI,Limit Exceeded,1427,19,1,1,38.77,525.84,1,1
TXN004280,792.0,UPI,Network Error,268,8,3,1,58.0,1319.42,0,1
TXN004281,297.99,UPI,Authentication Failed,937,13,5,0,0.97,1513.88,1,1
TXN004282,308.37,Card,Expired Card,752,21,1,0,31.19,2297.58,0,1
TXN004283,1837.37,UPI,Expired Card,571,18,6,3,16.53,1914.73,1,1
TXN004284,2412.4,UPI,Expired Card,522,17,5,1,49.05,762.33,1,0
TXN004285,2230.49,Card,Bank Decline,691,18,3,0,8.84,2947.84,1,0
TXN004286,2974.7,Card,Expired Card,492,22,5,4,20.82,770.99,1,1
TXN004287,3351.02,Net Banking,Insufficient Funds,840,20,5,0,1.59,630.52,1,1
TXN004288,161.46,Card,Authentication Failed,472,23,5,0,6.49,2044.7,0,1
TXN004289,1644.79,UPI,Limit Exceeded,472,18,4,4,11.24,1524.51,0,0
TXN004290,680.86,Net Banking,Bank Decline,28,14,6,3,10.2,1021.06,1,0
TXN004291,559.65,Card,Limit Exceeded,402,12,3,1,26.89,1878.56,0,1
TXN004292,1815.97,UPI,Insufficient Funds,1239,23,5,1,1.84,935.24,0,1
TXN004293,231.07,Card,Insufficient Funds,151,13,7,0,1.1,1223.44,0,1
TXN004294,226.78,Net Banking,Insufficient Funds,426,22,3,1,1.58,2683.61,1,0
TXN004295,1939.56,UPI,Limit Exceeded,1379,12,4,1,0.05,1357.75,0,1
TXN004296,1701.06,UPI,Limit Exceeded,311,27,3,0,6.28,754.64,0,1
TXN004297,1240.24,UPI,Limit Exceeded,1007,20,3,2,44.96,867.6,0,0
TXN004298,496.75,UPI,Insufficient Funds,50,19,8,0,21.43,3759.15,1,1
TXN004299,2141.9,Card,Network Error,113,16,2,0,7.38,741.12,0,1
TXN004300,2022.87,Card,Expired Card,156,15,3,0,4.14,1073.75,0,1
TXN004301,1184.14,UPI,Insufficient Funds,1294,14,5,3,23.4,575.34,0,0
TXN004302,380.09,Net Banking,Expired Card,116,20,7,2,21.42,314.08,0,0
TXN004303,747.91,Card,Insufficient Funds,1048,21,9,3,16.51,803.1,1,0
TXN004304,2330.99,Card,Insufficient Funds,756,21,2,3,37.19,781.17,0,0
TXN004305,3620.88,Net Banking,Network Error,1366,20,3,0,17.07,1147.29,0,1
TXN004306,817.39,UPI,Expired Card,245,19,1,0,8.11,350.77,1,1
TXN004307,875.94,Card,Insufficient Funds,730,18,7,0,23.95,1082.88,0,1
TXN004308,948.12,Card,Insufficient Funds,749,17,2,0,4.87,652.64,0,0
TXN004309,1404.45,Net Banking,Insufficient Funds,334,19,6,0,17.2,1280.62,1,1
TXN004310,650.04,Net Banking,Bank Decline,868,15,4,3,0.69,257.02,0,0
TXN004311,81.06,UPI,Bank Decline,1324,19,3,3,10.03,2467.25,1,0
TXN004312,3208.29,Net Banking,Bank Decline,1443,9,2,0,1.53,1246.76,0,1
TXN004313,5514.96,UPI,Expired Card,467,17,2,1,59.67,2220.92,0,1
TXN004314,631.97,Net Banking,Bank Decline,1111,28,3,4,2.92,826.35,0,0
TXN004315,419.9,Wallet,Limit Exceeded,1285,13,6,1,6.52,1281.14,0,1
TXN004316,969.33,UPI,Expired Card,750,15,4,1,5.5,470.63,0,1
TXN004317,926.34,Card,Insufficient Funds,369,21,3,0,6.8,618.77,0,1
TXN004318,2686.43,UPI,Insufficient Funds,1487,19,5,0,10.55,501.3,1,0
TXN004319,1151.91,UPI,Authentication Failed,904,16,7,0,5.54,636.37,0,0
TXN004320,537.34,Card,Insufficient Funds,449,19,1,2,8.51,537.36,0,1
TXN004321,334.77,Card,Insufficient Funds,892,12,4,0,5.58,3088.08,1,1
TXN004322,2390.05,Net Banking,Insufficient Funds,990,20,2,0,67.48,424.88,0,0
TXN004323,1881.0,Card,Network Error,1268,13,6,0,6.12,707.77,1,1
TXN004324,2848.37,Card,Network Error,267,13,3,0,6.5,1159.21,0,0
TXN004325,458.81,Net Banking,Authentication Failed,1303,20,9,1,8.33,2993.49,0,0
TXN004326,5736.43,Wallet,Authentication Failed,286,17,4,1,17.87,1210.35,0,1
TXN004327,228.3,UPI,Bank Decline,932,22,9,0,63.19,2456.64,0,0
TXN004328,2076.92,Wallet,Bank Decline,952,17,3,1,15.97,2555.94,1,1
TXN004329,196.64,UPI,Bank Decline,1180,20,7,0,74.89,1124.82,0,0
TXN004330,538.45,Net Banking,Insufficient Funds,158,19,1,0,7.65,609.84,1,0
TXN004331,4469.0,UPI,Insufficient Funds,800,19,9,1,45.55,1926.61,0,0
TXN004332,2317.46,UPI,Insufficient Funds,1042,20,0,3,8.87,666.93,0,1
TXN004333,670.75,Card,Insufficient Funds,20,12,2,1,17.83,1200.82,0,1
TXN004334,687.49,Card,Bank Decline,957,17,5,0,0.96,756.93,0,1
TXN004335,1200.58,UPI,Bank Decline,873,15,2,1,0.07,1122.96,0,0
TXN004336,1741.89,UPI,Authentication Failed,451,23,3,0,4.6,528.65,0,0
TXN004337,3382.67,Card,Network Error,1348,14,2,1,0.71,1102.83,0,1
TXN004338,727.34,Net Banking,Authentication Failed,805,22,5,4,9.92,767.91,1,0
TXN004339,257.08,UPI,Bank Decline,738,15,3,4,10.65,477.4,1,0
TXN004340,1263.03,UPI,Bank Decline,244,12,3,3,55.77,2526.75,0,0
TXN004341,726.55,Card,Bank Decline,545,17,3,0,3.43,1024.39,1,1
TXN004342,340.16,UPI,Insufficient Funds,775,19,2,1,10.85,1677.38,0,1
TXN004343,1433.54,Net Banking,Insufficient Funds,815,19,7,0,6.62,2015.24,0,1
TXN004344,905.24,Net Banking,Authentication Failed,768,21,3,3,1.11,747.78,1,0
TXN004345,1444.99,Card,Authentication Failed,80,15,3,1,2.03,1625.37,1,0
TXN004346,490.29,UPI,Insufficient Funds,1464,19,6,1,37.77,747.65,0,1
TXN004347,1699.42,Net Banking,Insufficient Funds,1328,23,5,0,9.12,834.55,0,1
TXN004348,335.16,Card,Bank Decline,302,17,1,0,26.11,1681.04,0,1
TXN004349,520.63,Net Banking,Insufficient Funds,20,17,3,0,10.72,753.45,1,0
TXN004350,881.28,Card,Bank Decline,618,26,5,1,43.95,3753.06,0,1
TXN004351,5258.69,Net Banking,Insufficient Funds,401,24,2,2,21.8,3874.97,0,0
TXN004352,2222.4,Card,Bank Decline,197,20,6,2,7.51,2984.36,0,0
TXN004353,2891.33,UPI,Bank Decline,823,15,2,0,35.75,1429.66,0,1
TXN004354,3925.97,Wallet,Bank Decline,1451,22,4,0,1.64,877.53,1,0
TXN004355,28072.59,Card,Insufficient Funds,112,17,2,0,1.42,1105.51,0,0
TXN004356,1138.46,Card,Bank Decline,1424,17,4,0,14.57,1379.16,0,1
TXN004357,3937.73,UPI,Authentication Failed,1468,27,4,2,23.66,1407.5,1,1
TXN004358,2728.13,Card,Bank Decline,13,18,2,0,16.54,739.98,0,1
TXN004359,2687.67,Card,Authentication Failed,1111,24,3,0,19.56,3981.24,1,0
TXN004360,5414.39,UPI,Limit Exceeded,771,19,4,0,5.44,883.77,0,1
TXN004361,751.91,UPI,Authentication Failed,658,19,6,2,37.86,441.74,1,0
TXN004362,700.07,Card,Limit Exceeded,491,19,2,4,64.2,1089.3,0,0
TXN004363,1462.33,Card,Expired Card,1387,14,6,0,8.85,483.01,0,0
TXN004364,930.36,Card,Authentication Failed,1341,17,1,1,9.46,1047.65,0,1
TXN004365,1460.67,UPI,Insufficient Funds,938,17,3,2,10.88,1002.43,0,1
TXN004366,4475.95,Card,Bank Decline,512,25,2,0,4.02,1887.16,0,1
TXN004367,713.13,UPI,Authentication Failed,525,20,7,0,2.74,2166.49,1,1
TXN004368,833.63,Card,Limit Exceeded,808,16,4,0,27.0,709.42,0,0
TXN004369,1282.9,UPI,Authentication Failed,455,20,6,0,16.78,533.29,1,1
TXN004370,892.93,UPI,Limit Exceeded,291,12,6,0,2.93,1206.56,0,1
TXN004371,195.86,UPI,Authentication Failed,1312,19,4,0,12.33,889.17,0,1
TXN004372,650.59,UPI,Expired Card,80,11,1,3,99.63,772.02,0,1
TXN004373,2035.78,UPI,Limit Exceeded,51,20,2,3,13.46,912.09,1,1
TXN004374,3998.97,UPI,Network Error,751,13,3,2,43.8,2999.9,0,1
TXN004375,387.94,Card,Authentication Failed,682,18,8,2,32.49,468.17,0,1
TXN004376,386.31,Card,Limit Exceeded,1487,25,7,2,2.11,725.51,0,0
TXN004377,1126.88,UPI,Limit Exceeded,581,20,0,1,9.33,572.61,0,1
TXN004378,169.35,Net Banking,Expired Card,1437,21,3,2,14.77,1784.24,0,1
TXN004379,734.75,UPI,Bank Decline,99,14,3,0,18.86,1454.98,1,1
TXN004380,229.88,Card,Insufficient Funds,328,14,2,2,6.2,932.76,0,0
TXN004381,3759.93,UPI,Authentication Failed,472,20,9,2,0.14,1339.64,0,0
TXN004382,548.73,UPI,Network Error,610,7,4,1,6.67,402.37,1,1
TXN004383,4853.96,Card,Bank Decline,891,16,1,2,15.05,1851.13,1,1
TXN004384,2987.43,Card,Insufficient Funds,1013,18,1,0,7.77,581.89,1,1
TXN004385,612.97,Net Banking,Limit Exceeded,560,16,4,0,8.63,689.85,1,0
TXN004386,417.9,Card,Limit Exceeded,759,22,2,1,32.62,1677.73,1,1
TXN004387,921.32,Wallet,Limit Exceeded,333,26,3,0,9.71,208.36,1,0
TXN004388,998.06,UPI,Expired Card,734,25,4,0,62.14,942.51,0,1
TXN004389,1497.47,UPI,Bank Decline,597,19,5,4,3.22,1228.35,0,0
TXN004390,545.18,UPI,Bank Decline,1445,20,2,2,1.7,1111.51,0,1
TXN004391,2146.85,UPI,Insufficient Funds,857,9,6,0,4.31,1642.36,0,0
TXN004392,1392.42,Card,Limit Exceeded,446,23,3,0,1.66,1363.86,1,1
TXN004393,807.26,Card,Insufficient Funds,720,23,3,0,5.16,1083.37,1,1
TXN004394,577.76,UPI,Expired Card,438,14,3,4,14.13,315.04,0,1
TXN004395,928.53,Net Banking,Network Error,954,16,2,4,5.39,570.26,0,0
TXN004396,525.73,Net Banking,Network Error,334,19,2,1,30.68,901.09,0,1
TXN004397,1155.85,UPI,Authentication Failed,1287,16,2,0,8.0,361.52,0,1
TXN004398,1184.29,UPI,Insufficient Funds,867,20,1,1,9.31,349.35,0,1
TXN004399,1387.89,UPI,Limit Exceeded,1104,20,2,1,1.63,2571.1,0,1
TXN004400,5375.56,UPI,Insufficient Funds,1264,14,6,0,5.68,1743.65,1,0
TXN004401,973.4,UPI,Insufficient Funds,1288,16,3,0,2.31,772.75,0,0
TXN004402,2708.47,Card,Bank Decline,235,16,5,2,4.77,1477.58,0,0
TXN004403,1348.34,UPI,Insufficient Funds,1275,14,3,0,19.34,455.95,0,0
TXN004404,884.99,UPI,Limit Exceeded,1457,13,6,0,8.65,1589.57,0,1
TXN004405,985.11,Wallet,Network Error,1486,12,3,2,0.35,1072.68,0,1
TXN004406,1040.08,Card,Insufficient Funds,750,22,6,2,5.6,2998.25,0,0
TXN004407,1410.63,Net Banking,Insufficient Funds,1008,9,2,1,36.93,1940.86,0,1
TXN004408,462.48,UPI,Network Error,817,23,5,1,8.54,881.99,0,1
TXN004409,293.3,UPI,Limit Exceeded,180,9,2,0,14.89,3556.74,0,1
TXN004410,1976.07,Card,Bank Decline,1105,19,3,3,11.73,1799.7,0,1
TXN004411,2460.97,UPI,Network Error,1129,20,5,0,65.46,1960.88,0,1
TXN004412,2145.38,UPI,Limit Exceeded,519,14,1,0,5.88,989.97,1,1
TXN004413,1260.77,Card,Network Error,1154,22,2,1,22.1,3357.22,0,1
TXN004414,2187.47,Card,Bank Decline,1147,15,8,1,16.33,1031.83,0,0
TXN004415,2084.09,UPI,Network Error,1373,17,2,0,17.39,940.44,1,1
TXN004416,2228.02,Card,Network Error,1263,23,2,0,29.56,2345.68,0,1
TXN004417,505.94,UPI,Limit Exceeded,135,24,2,0,3.29,1076.05,1,0
TXN004418,408.6,UPI,Network Error,380,18,7,2,33.45,945.85,0,1
TXN004419,773.01,UPI,Authentication Failed,242,19,8,0,1.96,2579.27,0,1
TXN004420,1079.61,UPI,Insufficient Funds,748,19,4,3,19.67,933.06,1,1
TXN004421,882.07,UPI,Authentication Failed,196,20,1,2,4.18,3438.79,0,0
TXN004422,202.55,Wallet,Network Error,174,18,6,2,18.5,1009.29,1,1
TXN004423,5164.29,Card,Expired Card,297,17,4,3,2.21,881.33,0,1
TXN004424,856.93,Card,Insufficient Funds,1371,20,4,0,22.26,1429.01,1,1
TXN004425,1281.05,UPI,Bank Decline,1425,16,3,2,6.99,1708.36,1,1
TXN004426,3361.34,UPI,Limit Exceeded,145,15,9,0,19.69,652.21,1,1
TXN004427,132.89,UPI,Expired Card,1221,22,4,1,14.27,449.84,1,1
TXN004428,691.92,UPI,Insufficient Funds,574,19,7,0,4.58,582.86,0,0
TXN004429,774.02,UPI,Network Error,1081,24,5,1,13.65,1409.84,0,1
TXN004430,810.23,Net Banking,Insufficient Funds,997,21,5,0,3.12,1165.16,1,1
TXN004431,938.11,Card,Authentication Failed,304,10,2,4,87.61,1595.75,0,0
TXN004432,4033.63,Card,Authentication Failed,1102,14,0,1,16.33,629.58,0,1
TXN004433,2010.45,Card,Insufficient Funds,262,23,7,0,12.86,2327.22,1,1
TXN004434,2597.31,Net Banking,Authentication Failed,315,21,2,0,45.14,1807.87,0,0
TXN004435,1144.14,UPI,Authentication Failed,97,19,4,0,6.43,2975.33,1,1
TXN004436,311.24,UPI,Bank Decline,155,21,4,2,4.66,1257.95,0,1
TXN004437,168.73,UPI,Expired Card,1060,18,5,1,18.22,1098.36,1,1
TXN004438,276.87,Net Banking,Bank Decline,468,22,6,3,42.85,1085.86,1,0
TXN004439,1515.94,Wallet,Expired Card,641,23,4,0,18.89,1343.18,1,1
TXN004440,1128.44,UPI,Bank Decline,1415,18,1,1,0.4,583.45,0,1
TXN004441,907.64,Net Banking,Bank Decline,643,20,2,1,35.73,858.01,1,0
TXN004442,787.04,Net Banking,Bank Decline,652,12,1,4,6.35,3078.79,0,1
TXN004443,6704.6,UPI,Insufficient Funds,524,15,4,1,36.6,1173.73,0,0
TXN004444,522.9,UPI,Limit Exceeded,1403,22,1,1,71.86,1124.99,0,1
TXN004445,2527.63,UPI,Bank Decline,1227,23,4,1,18.97,1045.88,1,0
TXN004446,1098.52,Wallet,Bank Decline,196,21,2,1,5.93,1219.93,0,1
TXN004447,1038.11,UPI,Authentication Failed,85,26,2,3,4.61,1585.97,1,1
TXN004448,3162.04,Net Banking,Network Error,822,21,4,0,21.94,517.06,0,0
TXN004449,4089.91,UPI,Network Error,78,15,2,0,0.99,604.09,0,1
TXN004450,883.95,Card,Authentication Failed,49,15,6,0,18.91,1067.91,0,0
TXN004451,2251.34,Card,Authentication Failed,809,14,2,0,6.66,894.29,1,1
TXN004452,1521.58,Card,Insufficient Funds,1163,14,0,0,0.05,730.03,0,1
TXN004453,1104.0,Net Banking,Network Error,1136,18,7,0,18.07,935.0,0,1
TXN004454,1317.95,Net Banking,Authentication Failed,363,23,4,1,15.7,704.67,1,0
TXN004455,590.4,Net Banking,Bank Decline,14,17,3,2,13.54,739.47,0,0
TXN004456,832.56,UPI,Bank Decline,1373,12,4,0,5.15,504.47,0,0
TXN004457,650.3,Card,Insufficient Funds,443,16,7,1,44.3,1788.27,1,0
TXN004458,2468.19,UPI,Insufficient Funds,86,13,4,4,0.59,1109.16,0,0
TXN004459,1006.59,UPI,Limit Exceeded,695,13,3,0,2.11,2254.33,0,1
TXN004460,341.06,Card,Limit Exceeded,1422,20,3,0,8.85,916.51,1,1
TXN004461,571.87,UPI,Authentication Failed,582,20,5,0,8.86,3845.3,1,1
TXN004462,61.6,Card,Limit Exceeded,906,26,3,0,2.47,1993.44,1,1
TXN004463,702.72,Wallet,Bank Decline,294,15,1,1,73.58,584.73,0,1
TXN004464,1134.42,UPI,Insufficient Funds,1143,23,3,2,78.76,793.13,0,0
TXN004465,970.18,Card,Authentication Failed,969,25,6,0,26.71,2836.64,0,1
TXN004466,6516.8,UPI,Bank Decline,726,17,3,0,6.53,797.39,0,1
TXN004467,1839.81,UPI,Bank Decline,962,19,3,1,7.51,5251.89,0,0
TXN004468,1767.65,UPI,Authentication Failed,232,16,2,3,40.04,2344.56,0,0
TXN004469,249.9,Net Banking,Network Error,1363,14,3,2,0.13,1163.26,0,1
TXN004470,789.83,Net Banking,Insufficient Funds,1447,19,1,1,3.04,1291.19,0,0
TXN004471,707.69,Net Banking,Authentication Failed,284,24,4,2,5.89,2533.04,1,0
TXN004472,540.52,Wallet,Authentication Failed,901,20,5,0,118.62,4349.25,0,0
TXN004473,533.85,UPI,Insufficient Funds,798,26,7,1,0.84,1553.03,0,1
TXN004474,215.44,UPI,Authentication Failed,1033,20,3,0,18.82,1127.94,1,0
TXN004475,347.84,Card,Bank Decline,551,21,3,0,29.85,945.79,1,1
TXN004476,2408.32,Card,Network Error,484,17,6,0,1.98,1043.85,1,1
TXN004477,964.28,UPI,Authentication Failed,1440,21,7,1,2.38,1206.07,1,0
TXN004478,695.23,UPI,Authentication Failed,1337,19,0,1,5.93,965.49,0,1
TXN004479,1091.31,Card,Bank Decline,1244,19,4,0,15.95,1012.42,1,0
TXN004480,3135.84,Card,Insufficient Funds,1060,10,6,3,5.08,1024.68,0,1
TXN004481,1100.8,UPI,Insufficient Funds,425,20,3,1,12.67,475.52,0,1
TXN004482,1783.51,Card,Network Error,1058,12,3,2,3.76,364.08,0,0
TXN004483,511.86,Card,Insufficient Funds,615,19,5,0,25.06,2867.47,1,0
TXN004484,628.44,Card,Bank Decline,93,13,5,1,9.33,1185.07,0,0
TXN004485,1508.06,UPI,Insufficient Funds,1056,13,5,0,4.2,645.09,0,0
TXN004486,6023.29,Card,Bank Decline,126,14,2,1,28.73,1219.75,0,1
TXN004487,3971.1,UPI,Insufficient Funds,719,13,7,1,4.95,1634.57,1,0
TXN004488,1852.97,UPI,Limit Exceeded,398,16,3,1,13.19,1798.4,1,0
TXN004489,1256.76,Net Banking,Insufficient Funds,1387,17,5,0,0.67,1426.34,0,1
TXN004490,3869.82,Card,Bank Decline,359,15,1,0,6.69,2879.1,0,1
TXN004491,2242.19,UPI,Authentication Failed,21,22,2,0,3.42,499.54,0,1
TXN004492,139.17,Card,Limit Exceeded,311,21,4,1,5.32,905.77,1,1
TXN004493,424.73,Card,Insufficient Funds,1284,19,1,0,76.76,649.21,0,0
TXN004494,1486.72,Net Banking,Insufficient Funds,629,20,1,2,8.32,523.41,1,1
TXN004495,219.58,Card,Expired Card,526,19,4,1,2.91,2293.15,0,1
TXN004496,488.91,Card,Bank Decline,859,13,5,2,79.1,1646.22,0,0
TXN004497,584.16,Card,Limit Exceeded,646,20,5,1,6.42,1470.2,1,1
TXN004498,870.83,UPI,Bank Decline,1216,16,4,4,24.37,1897.2,1,0
TXN004499,846.67,UPI,Bank Decline,393,9,3,1,38.96,796.22,1,1
TXN004500,845.38,UPI,Bank Decline,911,26,5,1,7.82,337.21,0,1
TXN004501,2304.86,Card,Limit Exceeded,20,9,6,1,18.65,777.63,0,0
TXN004502,863.76,Card,Authentication Failed,1260,16,3,0,0.98,198.5,0,1
TXN004503,775.75,UPI,Insufficient Funds,97,19,5,0,9.0,1473.61,0,1
TXN004504,325.62,UPI,Network Error,1434,17,4,0,40.69,1012.16,0,0
TXN004505,2757.04,Card,Insufficient Funds,10,21,1,1,29.09,511.33,0,0
TXN004506,599.23,UPI,Bank Decline,1028,16,3,2,5.05,388.05,0,0
TXN004507,412.27,Card,Authentication Failed,1249,17,0,0,0.34,698.15,0,1
TXN004508,1328.47,UPI,Bank Decline,802,18,1,3,17.36,1767.59,0,1
TXN004509,549.91,Card,Authentication Failed,222,19,3,1,2.3,401.45,0,0
TXN004510,683.1,Net Banking,Expired Card,1189,24,4,1,30.33,1578.23,1,1
TXN004511,1383.84,UPI,Authentication Failed,710,12,5,0,11.3,1177.72,1,1
TXN004512,817.43,Card,Limit Exceeded,737,21,5,4,9.12,1033.78,1,0
TXN004513,8781.9,UPI,Insufficient Funds,1403,24,3,0,5.11,976.6,0,1
TXN004514,1025.21,Card,Bank Decline,23,19,2,0,14.34,544.15,1,1
TXN004515,1912.29,Card,Bank Decline,501,18,3,1,30.87,1061.99,1,1
TXN004516,191.04,UPI,Insufficient Funds,1496,14,2,1,11.49,949.66,0,1
TXN004517,505.43,Card,Network Error,450,8,6,0,1.84,1278.99,1,0
TXN004518,412.31,Net Banking,Network Error,1111,17,5,2,14.66,729.61,0,0
TXN004519,464.54,UPI,Authentication Failed,785,17,3,0,7.12,668.47,0,0
TXN004520,1593.97,UPI,Bank Decline,172,15,0,0,13.08,1372.14,0,0
TXN004521,2785.02,Net Banking,Limit Exceeded,363,19,3,0,1.62,741.63,0,1
TXN004522,1495.43,Card,Authentication Failed,240,17,3,0,1.39,1670.5,1,1
TXN004523,894.28,Net Banking,Authentication Failed,1192,27,5,3,23.92,716.46,0,0
TXN004524,621.56,Card,Insufficient Funds,181,12,1,0,12.07,880.45,0,0
TXN004525,2987.64,Net Banking,Network Error,1393,17,2,1,9.42,1091.29,0,1
TXN004526,7073.64,Card,Bank Decline,1406,19,2,4,55.41,2493.49,0,0
TXN004527,1238.37,Card,Bank Decline,703,21,3,3,3.85,941.93,1,0
TXN004528,2554.03,Net Banking,Bank Decline,1204,10,4,1,42.52,2256.46,0,0
TXN004529,1493.73,Card,Limit Exceeded,244,22,1,0,32.19,629.75,0,0
TXN004530,2164.52,UPI,Bank Decline,1193,20,5,1,13.6,251.57,0,0
TXN004531,384.49,UPI,Network Error,994,15,4,0,10.82,231.52,0,1
TXN004532,706.75,UPI,Authentication Failed,1020,17,7,0,2.39,908.07,1,0
TXN004533,1565.44,UPI,Insufficient Funds,918,17,6,2,8.34,430.24,1,1
TXN004534,3265.74,UPI,Network Error,1268,18,2,1,14.03,179.27,1,1
TXN004535,525.15,Card,Limit Exceeded,636,18,6,3,7.84,1070.09,0,0
TXN004536,175.92,Card,Insufficient Funds,1262,19,3,3,44.99,2338.69,1,1
TXN004537,700.34,Card,Network Error,594,15,4,1,0.83,816.4,0,0
TXN004538,2721.99,Card,Bank Decline,800,19,6,1,6.47,1157.97,1,0
TXN004539,263.62,UPI,Authentication Failed,926,18,3,1,47.93,1963.45,1,1
TXN004540,380.23,UPI,Bank Decline,1266,23,4,0,1.53,725.36,1,1
TXN004541,1261.84,UPI,Bank Decline,1353,19,5,1,11.29,2462.85,1,1
TXN004542,987.94,Card,Network Error,413,21,3,0,24.81,611.16,1,1
TXN004543,1872.48,UPI,Insufficient Funds,183,22,5,2,7.43,1137.05,1,1
TXN004544,362.91,UPI,Bank Decline,125,18,4,3,29.81,816.55,1,1
TXN004545,818.54,UPI,Bank Decline,1220,17,5,0,2.91,983.71,0,0
TXN004546,3215.27,Net Banking,Bank Decline,620,16,4,1,77.38,3785.2,1,0
TXN004547,374.8,UPI,Network Error,371,16,7,1,18.55,722.33,0,0
TXN004548,4143.19,Card,Network Error,492,20,2,0,6.26,382.64,1,1
TXN004549,419.61,Card,Network Error,1109,19,6,0,1.31,3611.02,0,1
TXN004550,2355.35,Net Banking,Expired Card,328,15,4,3,14.66,1190.67,0,0
TXN004551,783.94,Net Banking,Bank Decline,145,15,5,0,15.98,838.6,0,0
TXN004552,391.34,UPI,Insufficient Funds,1366,21,4,2,10.5,549.34,1,1
TXN004553,701.2,UPI,Limit Exceeded,1432,19,4,1,50.08,1273.31,1,1
TXN004554,1790.83,Net Banking,Authentication Failed,1256,21,3,1,7.0,3215.22,0,1
TXN004555,1089.89,Card,Bank Decline,1296,19,2,0,15.6,397.48,0,0
TXN004556,3000.76,Card,Bank Decline,339,23,4,2,1.27,360.82,0,1
TXN004557,3992.47,Card,Network Error,230,14,7,0,11.0,776.8,0,1
TXN004558,378.14,Card,Network Error,578,24,1,4,27.68,438.3,1,1
TXN004559,354.02,Net Banking,Expired Card,782,14,6,0,24.77,938.1,0,0
TXN004560,338.89,Wallet,Insufficient Funds,973,21,2,0,11.7,1018.35,0,0
TXN004561,488.2,Card,Expired Card,599,17,1,0,35.01,620.31,0,0
TXN004562,2962.51,UPI,Insufficient Funds,815,15,7,0,53.88,172.06,1,1
TXN004563,1815.88,Net Banking,Bank Decline,993,13,6,3,10.25,1477.44,0,0
TXN004564,671.47,UPI,Limit Exceeded,1030,19,2,0,7.76,3582.73,1,1
TXN004565,1085.73,UPI,Bank Decline,867,18,4,3,18.07,920.78,1,0
TXN004566,3881.1,Net Banking,Insufficient Funds,1279,22,4,1,112.04,1760.82,1,0
TXN004567,6107.12,UPI,Authentication Failed,1451,14,2,1,0.73,771.07,1,1
TXN004568,1384.99,UPI,Authentication Failed,193,20,2,2,8.22,1003.34,1,1
TXN004569,100.15,UPI,Limit Exceeded,255,17,4,1,12.14,2062.45,0,0
TXN004570,1433.05,Net Banking,Bank Decline,1157,17,5,1,70.61,1066.61,0,0
TXN004571,2543.44,Card,Insufficient Funds,1118,13,1,2,31.45,4227.26,0,0
TXN004572,1342.34,Card,Authentication Failed,1075,17,3,0,6.35,1511.57,1,1
TXN004573,2108.78,UPI,Network Error,1030,18,3,0,27.49,285.9,1,1
TXN004574,1512.26,Card,Authentication Failed,252,15,5,1,4.21,1795.07,0,1
TXN004575,360.98,Card,Bank Decline,933,25,5,0,16.06,565.17,1,0
TXN004576,493.93,UPI,Bank Decline,1441,15,6,1,0.73,1278.43,0,0
TXN004577,821.36,UPI,Authentication Failed,1248,16,6,1,9.94,2686.8,0,0
TXN004578,2860.85,UPI,Network Error,1457,17,4,0,26.18,593.61,0,1
TXN004579,550.43,Wallet,Insufficient Funds,21,11,6,0,6.08,3062.34,1,0
TXN004580,1652.94,Card,Insufficient Funds,832,18,3,1,23.48,1487.17,0,0
TXN004581,1441.33,Net Banking,Network Error,695,22,6,1,7.14,486.42,0,1
TXN004582,4571.41,UPI,Insufficient Funds,1365,20,3,0,1.35,963.81,0,1
TXN004583,1056.26,Net Banking,Bank Decline,733,17,5,0,41.68,1768.7,0,1
TXN004584,226.04,Card,Bank Decline,543,18,4,0,9.81,678.41,0,1
TXN004585,1962.91,Card,Limit Exceeded,498,16,6,1,24.22,542.06,0,0
TXN004586,7511.94,Wallet,Bank Decline,298,18,3,0,16.23,353.95,0,0
TXN004587,2082.13,UPI,Authentication Failed,123,15,2,0,20.18,802.07,0,0
TXN004588,539.75,UPI,Insufficient Funds,598,11,4,3,13.91,1586.79,0,0
TXN004589,414.16,Card,Network Error,693,20,4,0,14.3,983.39,1,0
TXN004590,465.14,Card,Insufficient Funds,750,19,3,0,36.36,1199.67,1,0
TXN004591,6654.05,Card,Limit Exceeded,1499,20,3,2,15.04,850.58,1,1
TXN004592,816.81,UPI,Authentication Failed,954,21,4,0,29.79,588.23,0,0
TXN004593,604.03,Card,Limit Exceeded,689,21,8,0,10.66,1588.1,0,1
TXN004594,950.9,UPI,Network Error,635,20,2,0,64.98,1859.45,0,0
TXN004595,824.51,Card,Network Error,599,16,4,0,1.15,702.27,0,1
TXN004596,4495.74,Card,Limit Exceeded,393,18,7,2,8.57,1599.62,0,0
TXN004597,440.09,Card,Authentication Failed,658,20,5,0,3.54,910.24,1,1
TXN004598,3173.46,UPI,Authentication Failed,199,12,3,1,6.35,651.42,0,1
TXN004599,1224.0,UPI,Bank Decline,107,19,5,0,2.34,3170.41,1,1
TXN004600,3249.72,UPI,Authentication Failed,1100,14,3,2,12.44,1242.95,0,1
TXN004601,4556.71,UPI,Insufficient Funds,1204,29,4,2,0.24,1812.89,0,1
TXN004602,1183.6,Net Banking,Bank Decline,450,23,4,0,15.81,1351.58,0,1
TXN004603,825.87,Net Banking,Insufficient Funds,439,18,3,1,50.33,693.31,1,0
TXN004604,1163.93,UPI,Bank Decline,1245,27,1,2,3.18,1219.62,0,0
TXN004605,1006.98,Card,Limit Exceeded,543,11,4,0,19.31,2992.17,1,1
TXN004606,246.84,Net Banking,Authentication Failed,607,19,6,1,5.4,979.04,0,1
TXN004607,4434.78,Net Banking,Limit Exceeded,714,18,8,4,2.83,542.84,0,0
TXN004608,1368.14,UPI,Expired Card,325,17,4,0,32.72,1061.92,0,0
TXN004609,384.99,Wallet,Network Error,1316,18,2,1,11.52,2188.99,0,1
TXN004610,170.58,UPI,Expired Card,231,15,4,2,1.24,2003.28,0,1
TXN004611,134.98,UPI,Bank Decline,1379,17,5,2,14.06,686.54,0,1
TXN004612,2193.89,UPI,Limit Exceeded,394,14,4,3,69.32,2410.37,1,0
TXN004613,628.24,Card,Expired Card,852,17,5,2,29.39,2280.11,0,1
TXN004614,728.21,UPI,Expired Card,1371,13,4,3,14.63,1939.48,0,0
TXN004615,1701.62,UPI,Network Error,77,16,5,0,54.23,459.55,0,0
TXN004616,689.22,UPI,Authentication Failed,1159,19,5,1,29.17,337.56,0,0
TXN004617,1793.41,Net Banking,Bank Decline,450,20,3,0,10.68,5386.66,0,1
TXN004618,1194.8,Net Banking,Bank Decline,1320,20,3,1,11.44,985.4,1,1
TXN004619,1016.67,UPI,Limit Exceeded,605,17,4,0,47.15,627.96,0,0
TXN004620,266.27,Net Banking,Network Error,393,13,7,0,0.83,791.04,0,1
TXN004621,524.39,Net Banking,Authentication Failed,24,16,6,0,7.16,1267.86,1,0
TXN004622,1886.13,Card,Bank Decline,1106,14,1,0,10.4,382.15,0,1
TXN004623,593.58,UPI,Bank Decline,559,14,1,0,4.05,1570.71,1,1
TXN004624,3244.88,Card,Authentication Failed,880,21,3,2,3.52,1390.69,1,0
TXN004625,9061.24,Net Banking,Bank Decline,1395,21,3,1,12.53,1224.47,1,0
TXN004626,1979.79,Card,Network Error,1310,19,3,0,15.88,1979.84,0,1
TXN004627,4202.98,UPI,Bank Decline,286,12,2,0,11.06,841.91,0,1
TXN004628,2097.82,Card,Bank Decline,777,16,3,2,9.4,1641.88,1,0
TXN004629,678.01,Card,Expired Card,1473,16,2,3,22.02,423.36,1,1
TXN004630,1313.09,Card,Insufficient Funds,960,22,5,2,24.32,898.82,1,0
TXN004631,6714.26,UPI,Authentication Failed,335,16,5,3,3.44,1419.15,1,1
TXN004632,684.58,UPI,Limit Exceeded,514,9,3,2,1.21,628.47,0,0
TXN004633,430.35,Net Banking,Insufficient Funds,456,16,4,1,1.21,1397.06,0,0
TXN004634,395.13,Net Banking,Expired Card,1405,12,3,0,23.89,410.32,0,1
TXN004635,901.65,UPI,Network Error,1326,15,3,0,0.29,625.95,0,1
TXN004636,444.47,Wallet,Insufficient Funds,845,17,3,0,66.73,389.29,1,1
TXN004637,4947.4,UPI,Bank Decline,399,15,4,2,22.04,1921.4,1,0
TXN004638,1332.38,Card,Bank Decline,115,13,5,0,16.36,591.91,0,0
TXN004639,2629.51,Card,Expired Card,365,28,5,2,0.58,1161.91,1,0
TXN004640,838.15,Net Banking,Expired Card,962,18,3,0,0.58,696.19,0,0
TXN004641,393.01,Net Banking,Network Error,941,26,5,0,10.98,2832.34,1,1
TXN004642,337.49,UPI,Limit Exceeded,1319,28,4,0,8.71,2141.64,1,0
TXN004643,484.35,Net Banking,Limit Exceeded,1448,21,5,1,6.15,1369.23,0,1
TXN004644,1499.33,UPI,Network Error,324,18,3,1,2.49,3673.85,0,1
TXN004645,1750.92,Card,Limit Exceeded,347,22,3,1,5.73,965.87,1,1
TXN004646,1887.25,Card,Bank Decline,1347,18,4,2,18.13,593.76,0,1
TXN004647,287.2,Card,Authentication Failed,355,15,2,0,9.15,2115.05,0,0
TXN004648,1096.23,UPI,Network Error,33,16,4,3,6.73,439.46,1,0
TXN004649,435.52,Net Banking,Limit Exceeded,644,23,7,1,46.56,1130.12,0,1
TXN004650,1573.91,UPI,Network Error,407,21,8,1,7.26,1333.21,1,1
TXN004651,1687.78,UPI,Insufficient Funds,322,22,3,1,43.49,1408.49,0,0
TXN004652,381.86,Card,Network Error,374,23,2,2,1.52,2534.22,0,1
TXN004653,2620.78,Card,Bank Decline,349,17,3,1,31.52,3647.56,0,1
TXN004654,8999.65,Net Banking,Expired Card,699,17,9,0,12.9,696.98,0,0
TXN004655,2324.71,UPI,Network Error,1395,12,4,1,12.82,1380.94,0,1
TXN004656,947.14,UPI,Limit Exceeded,910,16,3,3,16.34,1474.5,0,0
TXN004657,824.77,Net Banking,Expired Card,1103,22,2,2,19.6,1712.56,0,1
TXN004658,908.54,Card,Expired Card,1152,15,5,0,30.69,1515.09,1,0
TXN004659,552.99,UPI,Insufficient Funds,192,17,2,0,0.99,693.94,0,0
TXN004660,1376.31,Card,Authentication Failed,842,15,6,1,6.76,799.13,0,1
TXN004661,393.62,Card,Limit Exceeded,325,13,5,4,11.2,402.42,0,1
TXN004662,200.19,Card,Limit Exceeded,961,11,7,1,60.15,597.23,0,1
TXN004663,1336.28,Card,Bank Decline,600,15,5,0,1.14,545.8,1,1
TXN004664,1117.79,Net Banking,Network Error,998,21,2,1,9.04,927.72,0,1
TXN004665,655.86,Net Banking,Insufficient Funds,799,14,1,1,27.46,2474.44,1,0
TXN004666,345.7,Card,Network Error,359,29,2,0,47.98,896.08,0,1
TXN004667,1423.35,UPI,Insufficient Funds,361,19,1,0,29.5,2738.14,0,1
TXN004668,449.82,Net Banking,Network Error,112,18,2,0,67.98,334.11,0,1
TXN004669,967.73,Card,Expired Card,424,20,4,1,13.48,799.24,0,1
TXN004670,5369.42,Card,Bank Decline,648,11,5,2,23.45,1049.52,0,0
TXN004671,1970.56,UPI,Network Error,211,17,2,0,38.35,2693.93,0,1
TXN004672,319.83,Net Banking,Authentication Failed,571,15,5,1,9.63,1965.69,1,1
TXN004673,348.15,Card,Insufficient Funds,1412,16,2,1,1.52,2215.57,0,1
TXN004674,1257.19,UPI,Limit Exceeded,1327,27,3,4,1.02,1216.24,0,1
TXN004675,318.05,UPI,Insufficient Funds,1309,20,2,2,46.0,1105.71,1,0
TXN004676,180.99,Net Banking,Insufficient Funds,195,20,5,0,0.04,3250.54,0,1
TXN004677,1770.71,UPI,Insufficient Funds,549,25,3,1,6.87,1008.52,0,0
TXN004678,1463.87,Wallet,Limit Exceeded,1480,15,4,1,34.22,1068.03,0,0
TXN004679,1645.07,Card,Bank Decline,264,16,3,1,9.12,705.22,1,0
TXN004680,1389.55,Card,Authentication Failed,459,20,2,3,3.95,1734.2,1,0
TXN004681,1034.03,UPI,Network Error,84,12,5,1,2.52,902.71,0,1
TXN004682,604.28,UPI,Insufficient Funds,1053,15,2,0,0.64,1478.66,0,1
TXN004683,1745.02,Net Banking,Expired Card,509,21,7,1,18.76,999.17,0,0
TXN004684,4345.5,UPI,Insufficient Funds,191,20,0,0,7.09,1967.53,1,1
TXN004685,698.47,Net Banking,Limit Exceeded,553,18,1,0,0.22,864.98,0,0
TXN004686,437.61,UPI,Insufficient Funds,55,18,3,1,1.56,932.17,0,0
TXN004687,394.81,UPI,Bank Decline,174,22,7,0,34.39,1541.32,1,0
TXN004688,502.67,UPI,Limit Exceeded,27,11,4,1,2.37,1759.16,0,1
TXN004689,1315.98,Card,Authentication Failed,398,13,3,2,12.4,1601.77,0,1
TXN004690,159.87,Wallet,Bank Decline,909,21,6,0,7.67,1355.45,1,1
TXN004691,1628.24,UPI,Limit Exceeded,1135,15,6,0,4.08,1296.43,0,1
TXN004692,1957.69,UPI,Insufficient Funds,1320,26,0,0,2.4,978.77,0,1
TXN004693,217.4,UPI,Limit Exceeded,1456,20,6,4,18.34,3087.87,1,0
TXN004694,454.29,Card,Expired Card,235,31,3,0,37.5,889.99,1,1
TXN004695,1178.16,Card,Insufficient Funds,1211,17,1,3,16.55,1536.15,0,0
TXN004696,963.79,Net Banking,Bank Decline,358,21,2,4,8.49,1464.12,0,0
TXN004697,1750.53,Card,Insufficient Funds,231,23,4,0,6.59,382.36,0,1
TXN004698,965.82,Card,Bank Decline,240,17,6,1,8.11,885.45,0,1
TXN004699,3423.07,UPI,Insufficient Funds,272,20,4,1,8.21,2866.98,1,0
TXN004700,821.35,Wallet,Expired Card,864,20,4,0,12.86,1439.77,0,1
TXN004701,452.72,UPI,Authentication Failed,320,19,5,1,8.25,3792.61,0,0
TXN004702,421.11,UPI,Insufficient Funds,505,19,3,0,15.89,878.75,1,1
TXN004703,2125.84,Card,Network Error,883,24,5,1,1.99,1282.13,0,1
TXN004704,1126.26,Card,Network Error,1248,21,5,1,5.79,1785.19,0,0
TXN004705,1939.81,UPI,Authentication Failed,217,5,2,1,23.02,770.91,0,1
TXN004706,1904.19,Card,Network Error,105,23,3,0,25.54,850.67,0,1
TXN004707,178.06,Net Banking,Network Error,1418,12,7,4,20.29,506.69,0,0
TXN004708,393.05,UPI,Network Error,351,20,7,0,7.51,885.3,1,0
TXN004709,437.66,Net Banking,Bank Decline,1283,23,7,4,10.64,1291.84,1,1
TXN004710,526.13,Card,Insufficient Funds,910,15,4,1,3.62,3718.02,1,0
TXN004711,751.21,UPI,Bank Decline,530,21,6,1,60.94,1661.16,1,0
TXN004712,2695.22,Card,Insufficient Funds,124,24,7,3,36.74,448.3,1,1
TXN004713,3224.83,UPI,Network Error,606,16,3,3,51.16,1286.04,0,0
TXN004714,842.52,Card,Bank Decline,862,16,2,0,15.17,667.83,0,1
TXN004715,874.67,Card,Network Error,215,18,4,1,11.28,499.01,0,0
TXN004716,581.21,UPI,Insufficient Funds,1439,22,1,1,36.57,2344.26,1,1
TXN004717,1188.29,Card,Authentication Failed,487,16,4,1,9.45,1030.69,0,0
TXN004718,1315.89,Wallet,Authentication Failed,929,20,0,0,5.62,752.69,0,1
TXN004719,2266.13,Card,Insufficient Funds,335,14,3,1,12.56,2686.22,1,0
TXN004720,2249.8,Net Banking,Bank Decline,1213,20,4,0,3.35,587.05,0,1
TXN004721,138.12,UPI,Network Error,423,22,3,0,26.39,736.39,1,1
TXN004722,955.95,UPI,Insufficient Funds,1113,20,4,0,10.48,3499.2,0,1
TXN004723,3811.16,UPI,Bank Decline,260,24,3,0,19.15,1990.92,0,0
TXN004724,739.29,UPI,Bank Decline,951,27,4,3,15.79,1427.1,1,0
TXN004725,3057.39,UPI,Authentication Failed,11,20,6,2,15.83,2427.32,1,0
TXN004726,832.3,UPI,Authentication Failed,309,12,5,0,48.14,1016.88,0,1
TXN004727,1283.61,Net Banking,Network Error,986,23,4,1,1.03,456.32,0,1
TXN004728,394.18,Net Banking,Network Error,613,15,5,1,17.12,1115.89,0,0
TXN004729,407.76,Card,Authentication Failed,1458,18,6,2,5.48,492.88,0,0
TXN004730,2106.84,UPI,Authentication Failed,970,23,3,1,2.4,1462.67,1,0
TXN004731,2425.12,UPI,Authentication Failed,742,11,0,0,1.01,4089.63,1,0
TXN004732,1123.03,UPI,Insufficient Funds,1257,23,9,1,31.9,1087.57,0,0
TXN004733,363.3,Card,Insufficient Funds,396,17,1,0,9.16,1102.18,1,1
TXN004734,1140.73,Net Banking,Expired Card,856,23,1,1,21.61,1616.73,1,0
TXN004735,3399.93,Card,Network Error,825,15,3,1,48.44,1977.52,0,0
TXN004736,5263.65,UPI,Insufficient Funds,18,21,2,0,34.73,3408.66,0,0
TXN004737,824.65,Card,Insufficient Funds,343,19,5,1,4.99,1733.82,1,0
TXN004738,246.19,UPI,Authentication Failed,613,23,6,0,18.16,4996.17,0,0
TXN004739,2336.31,UPI,Authentication Failed,135,16,5,2,6.37,875.98,0,1
TXN004740,855.45,Card,Bank Decline,17,21,2,3,0.9,1087.19,0,1
TXN004741,2562.49,Card,Authentication Failed,496,15,5,1,42.94,886.87,0,1
TXN004742,1412.29,UPI,Network Error,278,22,2,1,21.96,1708.69,0,0
TXN004743,495.17,UPI,Limit Exceeded,1387,18,6,0,32.44,4600.08,1,0
TXN004744,1155.65,Wallet,Bank Decline,887,27,2,0,5.74,828.7,1,1
TXN004745,3559.96,UPI,Insufficient Funds,1122,17,4,0,5.89,1369.55,0,0
TXN004746,958.88,UPI,Bank Decline,15,16,1,1,4.12,785.7,1,1
TXN004747,432.11,UPI,Bank Decline,893,16,1,3,6.04,671.36,0,1
TXN004748,262.49,UPI,Network Error,1153,13,2,2,2.02,1106.1,0,1
TXN004749,547.33,UPI,Insufficient Funds,782,19,2,0,23.73,1329.59,1,1
TXN004750,758.15,Net Banking,Authentication Failed,287,23,3,1,63.69,534.36,0,0
TXN004751,2293.88,UPI,Bank Decline,464,27,4,4,42.97,1909.38,0,0
TXN004752,399.91,Card,Insufficient Funds,942,19,7,0,2.86,1000.11,1,1
TXN004753,4439.85,Card,Network Error,457,22,3,0,4.27,2073.25,0,1
TXN004754,329.17,Card,Network Error,1437,20,3,0,8.05,3317.02,0,1
TXN004755,8940.42,Net Banking,Bank Decline,797,16,8,1,4.01,1178.73,0,0
TXN004756,5182.11,Net Banking,Limit Exceeded,818,22,3,2,20.88,3501.87,1,0
TXN004757,1245.2,UPI,Network Error,62,22,4,0,24.75,1434.68,0,1
TXN004758,248.91,Net Banking,Network Error,714,24,2,0,25.42,1084.94,0,1
TXN004759,1043.27,Card,Expired Card,385,21,2,0,15.77,715.6,0,1
TXN004760,774.21,Wallet,Insufficient Funds,1016,18,2,1,5.27,640.87,0,0
TXN004761,348.33,Card,Network Error,29,18,3,0,2.32,1257.22,0,0
TXN004762,1424.97,Wallet,Authentication Failed,1275,18,4,0,12.05,1178.74,1,0
TXN004763,522.55,Card,Insufficient Funds,778,17,5,0,39.57,518.3,1,0
TXN004764,576.27,UPI,Bank Decline,1448,22,5,0,5.78,471.06,0,0
TXN004765,912.96,Card,Authentication Failed,237,27,5,2,7.11,604.52,1,1
TXN004766,653.66,Wallet,Bank Decline,216,10,2,0,22.76,1151.9,0,0
TXN004767,7117.71,Net Banking,Bank Decline,1192,16,4,1,7.55,424.39,0,1
TXN004768,677.13,UPI,Authentication Failed,1407,16,2,1,37.02,757.88,1,1
TXN004769,1630.75,Card,Insufficient Funds,872,10,2,0,36.12,1060.7,1,1
TXN004770,1250.09,UPI,Insufficient Funds,1200,12,4,0,41.42,342.05,1,1
TXN004771,1506.4,UPI,Authentication Failed,905,19,6,0,26.46,1318.13,0,1
TXN004772,1613.53,UPI,Authentication Failed,1369,17,9,3,1.1,1471.64,0,1
TXN004773,2424.12,UPI,Network Error,1257,15,2,0,13.62,796.26,0,1
TXN004774,1393.82,Net Banking,Network Error,879,16,7,1,11.64,565.25,1,1
TXN004775,1342.66,UPI,Limit Exceeded,369,13,7,3,11.16,1248.73,0,0
TXN004776,1155.89,Net Banking,Limit Exceeded,481,17,7,2,19.16,1074.8,0,0
TXN004777,968.19,UPI,Bank Decline,201,15,4,0,25.09,1058.61,0,0
TXN004778,482.69,UPI,Insufficient Funds,939,10,1,1,14.03,2956.67,0,1
TXN004779,1038.17,UPI,Network Error,1042,16,3,0,25.24,722.36,0,0
TXN004780,1362.59,UPI,Authentication Failed,790,14,4,0,5.01,807.08,0,0
TXN004781,1574.9,UPI,Authentication Failed,1092,14,2,0,18.42,792.61,0,0
TXN004782,1289.82,UPI,Authentication Failed,535,15,6,0,17.03,578.48,1,0
TXN004783,889.22,Card,Authentication Failed,277,20,2,0,7.33,476.65,0,1
TXN004784,1041.72,UPI,Network Error,544,23,4,2,12.62,1175.99,0,0
TXN004785,666.29,UPI,Bank Decline,663,20,2,1,82.24,1231.27,0,0
TXN004786,1453.75,UPI,Limit Exceeded,71,23,6,3,21.66,1167.36,1,0
TXN004787,898.73,Net Banking,Limit Exceeded,868,21,2,0,10.59,257.76,0,1
TXN004788,1290.14,Net Banking,Network Error,496,22,1,1,22.15,1471.6,0,0
TXN004789,2699.23,Card,Insufficient Funds,1098,11,2,2,8.69,2195.59,0,1
TXN004790,579.16,UPI,Authentication Failed,368,26,0,2,6.87,2263.88,1,1
TXN004791,1876.24,UPI,Bank Decline,578,18,4,2,12.56,628.02,0,0
TXN004792,1129.91,Wallet,Bank Decline,1001,11,4,0,10.72,864.22,1,1
TXN004793,6762.0,UPI,Network Error,775,15,6,0,54.08,574.29,0,0
TXN004794,902.65,UPI,Expired Card,1049,24,2,3,69.4,328.96,0,0
TXN004795,2050.11,UPI,Insufficient Funds,551,20,4,1,7.05,1290.9,0,1
TXN004796,1111.89,UPI,Limit Exceeded,985,11,2,0,1.24,2199.66,0,1
TXN004797,314.36,UPI,Bank Decline,938,25,3,0,4.06,2721.62,0,1
TXN004798,686.34,Net Banking,Insufficient Funds,97,9,5,1,47.04,1523.5,0,1
TXN004799,2422.18,UPI,Bank Decline,979,12,6,3,2.96,1884.98,0,0
TXN004800,742.91,Card,Limit Exceeded,244,19,2,0,17.31,2675.61,0,0
TXN004801,148.68,UPI,Authentication Failed,468,15,3,4,0.72,1354.81,1,0
TXN004802,1066.07,UPI,Limit Exceeded,1054,17,3,0,12.73,1005.26,0,1
TXN004803,410.3,Net Banking,Authentication Failed,1257,23,2,1,9.4,593.58,1,1
TXN004804,1234.77,UPI,Insufficient Funds,857,13,3,1,22.32,856.62,0,1
TXN004805,4429.46,Net Banking,Insufficient Funds,1411,28,3,2,12.88,1958.09,1,1
TXN004806,2191.87,Card,Network Error,927,24,2,1,11.95,1336.89,0,1
TXN004807,4372.06,UPI,Bank Decline,913,18,4,0,17.63,2665.65,1,1
TXN004808,661.59,Wallet,Limit Exceeded,783,16,3,3,21.74,786.92,0,1
TXN004809,964.06,UPI,Expired Card,1036,16,4,1,18.78,368.64,0,0
TXN004810,428.38,Net Banking,Authentication Failed,576,14,4,0,38.7,1588.39,1,1
TXN004811,592.51,UPI,Bank Decline,618,17,5,0,2.18,2397.7,0,1
TXN004812,476.18,Net Banking,Network Error,640,19,3,1,57.09,2255.37,0,0
TXN004813,338.31,UPI,Network Error,1387,11,1,0,20.37,2922.63,0,1
TXN004814,3749.1,Card,Bank Decline,1187,20,0,1,3.97,1903.07,1,0
TXN004815,166.87,Card,Network Error,1231,16,7,1,9.6,560.37,0,0
TXN004816,3763.58,Net Banking,Bank Decline,1255,14,3,0,6.65,699.76,0,1
TXN004817,3365.91,Net Banking,Bank Decline,989,12,2,0,22.72,348.88,0,1
TXN004818,1719.54,Net Banking,Bank Decline,469,16,4,1,97.44,1966.4,0,1
TXN004819,402.2,Net Banking,Insufficient Funds,669,15,7,2,36.51,518.06,1,1
TXN004820,264.02,UPI,Network Error,1287,20,2,1,35.65,737.03,0,0
TXN004821,669.44,UPI,Bank Decline,996,18,4,3,9.56,470.8,0,0
TXN004822,1924.86,UPI,Insufficient Funds,437,18,3,2,10.31,562.18,1,1
TXN004823,1099.66,UPI,Bank Decline,884,16,6,1,4.1,1097.92,0,0
TXN004824,428.74,UPI,Bank Decline,431,21,2,1,8.36,1498.46,0,1
TXN004825,3082.15,Card,Bank Decline,1437,16,2,1,17.85,883.7,0,1
TXN004826,4993.76,UPI,Insufficient Funds,111,28,3,0,33.2,1137.86,0,0
TXN004827,894.32,Card,Network Error,258,17,5,0,1.09,1548.01,0,0
TXN004828,1210.03,UPI,Expired Card,651,19,5,0,52.6,1706.81,1,0
TXN004829,282.04,UPI,Expired Card,1129,21,1,1,5.01,2969.08,1,1
TXN004830,755.25,Card,Limit Exceeded,184,20,5,1,4.02,1150.69,1,1
TXN004831,1736.1,Net Banking,Bank Decline,1295,18,8,0,9.13,968.8,1,1
TXN004832,1509.25,Card,Network Error,1162,17,8,0,18.25,494.38,0,0
TXN004833,694.44,Card,Limit Exceeded,1229,17,4,0,15.16,1533.0,1,1
TXN004834,856.78,UPI,Bank Decline,726,16,2,0,5.23,426.38,0,0
TXN004835,733.27,Card,Expired Card,1087,22,5,3,57.23,3481.25,0,0
TXN004836,853.53,UPI,Bank Decline,898,12,3,3,16.4,3635.53,0,1
TXN004837,1605.05,UPI,Bank Decline,415,22,6,0,31.03,442.49,0,0
TXN004838,186.65,UPI,Limit Exceeded,960,19,2,2,44.35,862.31,1,0
TXN004839,1025.65,UPI,Insufficient Funds,268,25,3,0,9.2,971.04,0,0
TXN004840,1502.64,UPI,Bank Decline,748,14,3,1,4.73,703.04,0,1
TXN004841,656.26,Wallet,Bank Decline,660,14,5,1,18.39,1718.77,0,1
TXN004842,712.37,Wallet,Bank Decline,581,18,5,1,7.39,299.52,1,0
TXN004843,731.17,UPI,Bank Decline,124,10,4,1,8.73,624.3,0,0
TXN004844,712.55,UPI,Network Error,977,12,6,0,2.66,318.64,0,0
TXN004845,1102.46,UPI,Limit Exceeded,1351,23,3,0,30.87,3030.73,0,1
TXN004846,1231.64,UPI,Limit Exceeded,314,12,3,0,27.26,1843.48,0,0
TXN004847,165.59,Net Banking,Bank Decline,496,19,9,3,18.27,879.02,0,1
TXN004848,1973.56,UPI,Authentication Failed,1351,25,7,0,8.62,476.56,1,1
TXN004849,844.72,Card,Network Error,763,12,2,2,62.91,2403.51,0,1
TXN004850,6245.81,UPI,Bank Decline,1386,15,0,0,8.01,915.75,1,1
TXN004851,375.22,Wallet,Limit Exceeded,654,20,3,2,17.36,1513.95,0,1
TXN004852,502.41,UPI,Expired Card,614,24,5,0,2.9,1093.42,1,1
TXN004853,913.59,Net Banking,Limit Exceeded,743,12,5,0,2.73,1164.85,1,0
TXN004854,1590.66,UPI,Insufficient Funds,30,17,6,2,56.0,902.39,0,0
TXN004855,189.48,Card,Bank Decline,1222,24,6,0,23.39,2229.0,0,1
TXN004856,519.99,UPI,Authentication Failed,759,20,4,2,0.47,1465.68,1,0
TXN004857,1867.19,UPI,Network Error,1007,15,2,1,18.32,988.31,0,1
TXN004858,467.17,Net Banking,Expired Card,355,20,4,1,0.87,314.11,0,1
TXN004859,3763.2,Net Banking,Network Error,31,12,7,0,24.55,1449.04,0,0
TXN004860,728.88,Net Banking,Limit Exceeded,1420,26,6,1,1.02,1614.35,1,1
TXN004861,488.12,Card,Bank Decline,1021,15,6,3,8.26,2273.61,0,0
TXN004862,1899.26,Net Banking,Network Error,605,28,2,0,8.53,938.76,0,1
TXN004863,4660.4,UPI,Insufficient Funds,807,22,2,2,16.13,6865.07,0,0
TXN004864,1595.2,UPI,Expired Card,916,25,5,1,4.3,380.36,1,1
TXN004865,3409.72,UPI,Limit Exceeded,965,14,2,0,21.25,340.22,0,1
TXN004866,4959.06,Card,Insufficient Funds,1220,13,4,2,13.81,2416.39,0,1
TXN004867,478.34,UPI,Expired Card,1058,17,2,0,7.35,2080.61,0,0
TXN004868,2551.79,UPI,Bank Decline,547,15,3,3,26.72,511.64,0,1
TXN004869,278.35,Card,Insufficient Funds,497,12,3,0,16.64,1098.52,1,1
TXN004870,1607.46,Net Banking,Bank Decline,494,12,5,1,41.08,493.47,1,1
TXN004871,1028.46,UPI,Insufficient Funds,797,19,5,2,13.2,571.03,0,0
TXN004872,3356.5,UPI,Bank Decline,178,16,7,1,6.86,406.85,0,0
TXN004873,3149.59,UPI,Bank Decline,44,24,6,2,0.1,435.28,0,1
TXN004874,1831.34,UPI,Limit Exceeded,305,16,3,0,15.22,972.84,0,1
TXN004875,1434.52,UPI,Limit Exceeded,1296,22,5,2,41.91,3387.39,0,1
TXN004876,1732.87,Card,Network Error,1057,16,0,1,2.51,1043.12,0,1
TXN004877,1159.33,Card,Insufficient Funds,654,19,4,0,68.21,1581.94,1,1
TXN004878,1037.87,Card,Authentication Failed,754,18,2,1,18.55,832.65,0,1
TXN004879,4017.12,UPI,Expired Card,1482,13,2,2,5.08,3083.03,1,1
TXN004880,4476.52,Net Banking,Insufficient Funds,1499,12,2,0,52.64,831.02,1,1
TXN004881,965.37,UPI,Limit Exceeded,1115,17,2,1,82.51,622.47,1,1
TXN004882,1358.14,Card,Insufficient Funds,932,18,3,1,0.55,3289.18,1,1
TXN004883,1180.26,Net Banking,Network Error,19,21,5,0,55.49,845.88,0,1
TXN004884,257.1,UPI,Bank Decline,265,20,2,3,5.5,1350.35,0,0
TXN004885,810.14,UPI,Bank Decline,986,19,1,1,23.96,3375.06,0,1
TXN004886,4627.32,Net Banking,Authentication Failed,1130,16,3,2,5.94,436.31,0,0
TXN004887,558.47,UPI,Bank Decline,622,16,1,1,10.93,1177.97,0,1
TXN004888,7354.66,Card,Insufficient Funds,1291,18,5,0,5.66,2216.52,0,0
TXN004889,3149.23,UPI,Authentication Failed,284,14,8,3,22.94,875.12,0,0
TXN004890,1573.96,Card,Authentication Failed,960,16,5,0,29.29,603.62,1,1
TXN004891,1816.67,UPI,Expired Card,1096,17,1,1,23.67,2223.64,1,0
TXN004892,480.35,UPI,Bank Decline,814,24,1,0,57.56,1577.58,0,0
TXN004893,863.76,Card,Insufficient Funds,1408,18,6,0,2.78,788.73,0,1
TXN004894,4012.86,UPI,Limit Exceeded,662,18,4,0,15.53,2309.65,0,1
TXN004895,630.76,UPI,Insufficient Funds,1147,22,2,2,52.44,380.69,1,1
TXN004896,2849.84,UPI,Insufficient Funds,789,19,7,0,11.22,996.09,0,1
TXN004897,317.56,UPI,Network Error,505,17,7,1,39.46,833.07,0,1
TXN004898,373.03,UPI,Insufficient Funds,211,16,1,1,0.19,576.02,1,1
TXN004899,6070.8,UPI,Insufficient Funds,593,24,3,2,52.26,1995.02,1,0
TXN004900,1085.01,Net Banking,Bank Decline,1110,28,3,2,0.93,3304.53,1,0
TXN004901,675.43,UPI,Insufficient Funds,1048,18,4,1,1.09,1452.3,0,0
TXN004902,3738.6,Card,Insufficient Funds,620,20,5,3,8.06,1312.25,0,1
TXN004903,3365.19,UPI,Insufficient Funds,1006,13,6,1,32.63,1244.43,1,0
TXN004904,2511.61,UPI,Insufficient Funds,650,18,6,2,1.63,781.96,1,0
TXN004905,656.61,Net Banking,Expired Card,827,21,5,2,47.56,402.2,0,1
TXN004906,847.06,UPI,Limit Exceeded,64,19,4,2,4.54,693.32,0,0
TXN004907,1451.66,Wallet,Bank Decline,1142,19,5,0,0.91,636.3,0,1
TXN004908,2048.7,UPI,Network Error,603,24,5,2,14.93,457.45,0,0
TXN004909,693.93,Card,Insufficient Funds,321,12,7,1,31.82,2272.93,1,1
TXN004910,1278.78,Card,Insufficient Funds,168,18,3,0,64.58,798.25,1,1
TXN004911,1395.0,Net Banking,Bank Decline,330,19,4,0,4.87,1724.3,0,1
TXN004912,3491.52,Card,Network Error,724,16,4,1,33.98,1132.84,1,1
TXN004913,2162.5,Card,Limit Exceeded,1361,17,4,0,2.75,519.0,0,1
TXN004914,282.56,UPI,Network Error,586,23,4,0,24.87,3421.45,0,1
TXN004915,904.82,UPI,Bank Decline,905,20,3,1,0.6,1738.87,1,0
TXN004916,475.37,Net Banking,Insufficient Funds,766,19,2,0,8.84,1134.65,1,1
TXN004917,1828.55,UPI,Limit Exceeded,508,14,7,0,30.03,1975.07,1,0
TXN004918,2517.04,UPI,Bank Decline,63,12,6,1,2.48,2756.27,1,1
TXN004919,1201.59,Card,Limit Exceeded,1195,21,2,1,16.54,682.67,0,1
TXN004920,861.51,UPI,Network Error,1196,21,3,3,31.85,482.57,0,1
TXN004921,1167.07,Wallet,Limit Exceeded,303,8,1,2,4.18,1178.95,0,1
TXN004922,1323.49,Card,Authentication Failed,1034,15,3,0,29.2,718.68,0,1
TXN004923,616.41,Card,Authentication Failed,416,18,3,1,6.58,2556.57,0,0
TXN004924,366.19,Net Banking,Network Error,813,23,5,1,9.26,1756.51,0,0
TXN004925,173.27,UPI,Network Error,1136,17,4,0,25.04,822.69,0,1
TXN004926,3430.51,UPI,Bank Decline,626,17,5,4,31.19,1807.79,0,0
TXN004927,1714.25,Card,Authentication Failed,785,20,8,0,6.48,362.76,0,0
TXN004928,1519.69,UPI,Bank Decline,785,18,4,1,4.48,1344.12,1,1
TXN004929,3424.39,Card,Insufficient Funds,572,26,5,1,14.75,1294.4,0,1
TXN004930,354.28,Net Banking,Bank Decline,1004,17,3,3,15.45,451.06,0,1
TXN004931,229.97,Card,Insufficient Funds,172,27,2,3,1.66,558.25,1,0
TXN004932,1549.69,UPI,Network Error,1284,15,2,3,15.08,1326.31,1,0
TXN004933,1427.88,Wallet,Network Error,794,20,7,4,18.2,608.17,1,0
TXN004934,230.86,Card,Bank Decline,672,11,5,0,1.86,1135.45,0,1
TXN004935,1515.6,Card,Insufficient Funds,134,8,8,1,30.52,1433.4,0,0
TXN004936,764.94,UPI,Authentication Failed,82,13,4,0,12.52,2663.46,0,0
TXN004937,530.39,Net Banking,Limit Exceeded,893,15,2,2,16.54,3053.53,0,1
TXN004938,812.34,Card,Limit Exceeded,1251,19,5,1,13.17,1732.95,0,1
TXN004939,121.83,Card,Bank Decline,788,19,7,1,11.84,739.95,0,0
TXN004940,644.04,Net Banking,Limit Exceeded,440,24,3,0,6.39,766.71,0,1
TXN004941,581.8,UPI,Network Error,641,17,5,0,8.2,1775.94,0,1
TXN004942,1810.56,Card,Insufficient Funds,1469,21,8,0,22.39,352.66,1,1
TXN004943,951.07,Net Banking,Insufficient Funds,1465,26,2,1,17.97,1075.13,0,1
TXN004944,1948.83,UPI,Bank Decline,621,28,5,0,16.79,2599.46,0,1
TXN004945,110.54,Net Banking,Insufficient Funds,992,28,6,2,29.27,371.67,0,1
TXN004946,515.33,Net Banking,Authentication Failed,532,20,8,1,13.88,1602.2,0,1
TXN004947,1808.76,Card,Insufficient Funds,1163,13,3,0,6.46,792.55,0,1
TXN004948,830.49,Card,Bank Decline,447,17,5,0,16.23,852.84,0,1
TXN004949,2347.05,Net Banking,Bank Decline,593,21,2,3,27.14,466.37,0,0
TXN004950,216.13,Net Banking,Bank Decline,397,21,6,1,38.49,1150.15,0,0
TXN004951,2117.52,UPI,Network Error,250,13,6,1,12.24,460.95,0,1
TXN004952,616.94,UPI,Insufficient Funds,774,20,5,1,7.96,763.55,0,0
TXN004953,565.34,UPI,Limit Exceeded,1176,16,2,0,34.08,689.98,1,1
TXN004954,2675.64,Card,Bank Decline,421,19,5,0,9.88,657.27,1,1
TXN004955,3120.38,Card,Network Error,433,21,3,2,60.15,588.7,1,1
TXN004956,2782.85,Card,Expired Card,1242,14,4,3,10.18,382.99,0,0
TXN004957,6869.03,UPI,Authentication Failed,255,20,5,1,77.38,653.68,1,0
TXN004958,3429.34,Card,Limit Exceeded,1065,24,1,0,1.86,423.35,0,1
TXN004959,535.99,UPI,Network Error,845,20,4,0,7.62,582.43,0,1
TXN004960,1245.73,Card,Bank Decline,259,16,6,0,5.86,1375.67,0,1
TXN004961,793.0,Card,Network Error,868,17,7,1,91.46,595.42,1,0
TXN004962,6810.23,UPI,Limit Exceeded,825,21,2,1,35.22,865.87,1,0
TXN004963,2964.26,UPI,Authentication Failed,868,18,3,3,24.12,1682.42,0,0
TXN004964,925.2,Card,Insufficient Funds,1316,21,1,0,44.95,1439.48,1,0
TXN004965,2416.6,Card,Bank Decline,216,20,3,0,44.51,703.33,0,0
TXN004966,361.77,UPI,Limit Exceeded,116,24,9,4,3.98,1159.08,0,1
TXN004967,1373.66,Wallet,Bank Decline,336,19,3,1,7.51,279.08,1,1
TXN004968,471.48,Card,Bank Decline,148,22,2,0,0.89,427.41,0,1
TXN004969,239.91,Wallet,Bank Decline,682,16,1,0,6.64,1527.18,1,1
TXN004970,2221.82,Card,Network Error,93,16,2,0,22.52,1577.61,1,1
TXN004971,2484.26,Card,Authentication Failed,146,22,4,3,22.47,801.22,1,0
TXN004972,1654.89,Net Banking,Network Error,1362,19,7,0,10.59,1374.4,0,1
TXN004973,930.13,Card,Insufficient Funds,680,22,2,3,3.33,1024.49,0,1
TXN004974,350.82,Card,Insufficient Funds,32,18,5,0,0.84,641.64,1,0
TXN004975,385.6,UPI,Insufficient Funds,652,18,3,3,5.15,1923.0,1,0
TXN004976,458.36,Card,Network Error,917,20,8,2,1.56,2300.68,0,1
TXN004977,888.64,UPI,Network Error,368,20,4,0,83.57,846.11,1,1
TXN004978,2888.7,UPI,Insufficient Funds,366,12,5,0,2.85,1322.95,1,1
TXN004979,2847.98,UPI,Expired Card,1245,17,6,3,30.09,507.71,1,1
TXN004980,248.71,UPI,Limit Exceeded,1002,16,4,2,8.39,228.11,0,1
TXN004981,587.63,Wallet,Bank Decline,83,19,3,2,17.38,1469.61,1,1
TXN004982,573.56,UPI,Bank Decline,101,25,5,1,13.88,410.35,0,1
TXN004983,112.35,Card,Authentication Failed,963,18,5,0,1.04,1730.35,0,1
TXN004984,1825.32,Net Banking,Bank Decline,1003,18,2,2,42.69,640.97,0,0
TXN004985,878.71,Card,Limit Exceeded,224,24,2,2,41.52,1092.76,0,0
TXN004986,990.46,UPI,Bank Decline,374,15,7,1,6.37,653.13,1,0
TXN004987,3682.27,Card,Limit Exceeded,58,11,4,1,2.58,779.79,0,1
TXN004988,1187.35,Card,Limit Exceeded,1304,23,4,0,1.93,460.87,0,1
TXN004989,744.22,Card,Expired Card,1474,10,4,3,33.52,1003.18,1,0
TXN004990,1835.13,Card,Authentication Failed,693,23,5,0,15.77,2092.91,1,1
TXN004991,2844.05,Wallet,Authentication Failed,831,19,4,1,8.44,598.16,0,0
TXN004992,1431.99,Card,Network Error,39,18,2,1,7.5,543.63,1,0
TXN004993,2039.11,UPI,Bank Decline,878,16,8,1,14.23,2638.9,0,0
TXN004994,961.98,Card,Bank Decline,1446,24,1,0,5.71,1802.66,0,0
TXN004995,1018.75,UPI,Limit Exceeded,650,22,3,0,0.36,1094.79,0,1
TXN004996,1214.05,Net Banking,Expired Card,431,16,4,0,9.65,749.87,0,1
TXN004997,556.79,UPI,Insufficient Funds,793,25,5,0,37.59,327.57,1,1
TXN004998,657.7,UPI,Insufficient Funds,1037,19,4,0,29.24,469.26,0,1
TXN004999,3789.89,Net Banking,Expired Card,501,18,2,0,43.66,3157.48,1,0
TXN005000,6681.92,Card,Bank Decline,745,22,4,1,19.65,688.4,1,1
TXN005001,4596.17,UPI,Network Error,773,19,3,0,0.92,570.44,1,1
TXN005002,333.31,Card,Limit Exceeded,1384,22,9,0,11.31,1851.09,0,0
TXN005003,305.55,Net Banking,Network Error,702,13,2,2,0.39,340.27,0,1
TXN005004,375.54,UPI,Insufficient Funds,205,21,2,0,62.96,990.46,0,1
TXN005005,1237.62,Net Banking,Insufficient Funds,721,12,2,0,20.57,2995.91,1,1
TXN005006,87.54,UPI,Insufficient Funds,441,23,7,0,0.29,793.52,0,0
TXN005007,645.53,Net Banking,Bank Decline,1166,16,3,1,59.08,1106.02,0,1
TXN005008,3890.88,Net Banking,Network Error,294,16,1,3,8.4,730.24,1,1
TXN005009,2654.99,UPI,Network Error,725,17,5,0,2.91,486.87,1,0
TXN005010,693.54,Card,Insufficient Funds,573,20,4,1,23.45,785.5,0,1
TXN005011,742.47,UPI,Insufficient Funds,817,17,5,0,2.98,1341.09,1,1
TXN005012,1827.16,Card,Insufficient Funds,414,18,4,0,4.51,1568.29,0,1
TXN005013,2544.63,Card,Authentication Failed,923,26,2,1,1.65,1845.67,0,0
TXN005014,678.7,Card,Bank Decline,916,14,3,2,21.78,2244.41,0,0
TXN005015,888.09,UPI,Authentication Failed,723,18,4,1,4.3,368.2,0,1
TXN005016,658.91,UPI,Limit Exceeded,831,15,3,0,30.45,2059.34,1,1
TXN005017,330.89,UPI,Network Error,1366,15,3,4,17.42,2006.27,0,0
TXN005018,899.85,UPI,Expired Card,1032,22,3,0,8.88,512.73,0,0
TXN005019,840.22,Card,Insufficient Funds,191,21,5,1,64.39,1211.32,1,1
TXN005020,352.63,Net Banking,Expired Card,680,21,2,1,3.96,1063.78,0,0
TXN005021,1961.52,Card,Bank Decline,608,20,5,0,25.81,1189.59,1,1
TXN005022,1694.24,Card,Limit Exceeded,1468,20,3,0,2.99,595.03,0,1
TXN005023,2051.13,Wallet,Insufficient Funds,769,19,3,0,4.54,1061.01,1,1
TXN005024,549.35,Card,Limit Exceeded,28,14,3,3,2.47,822.8,0,0
TXN005025,183.97,Net Banking,Insufficient Funds,218,17,3,3,49.39,3338.9,0,1
TXN005026,1670.03,Card,Authentication Failed,483,17,5,0,11.59,551.54,0,1
TXN005027,603.23,UPI,Bank Decline,472,15,3,0,32.71,517.93,1,1
TXN005028,491.96,UPI,Expired Card,995,19,4,0,1.04,965.19,1,1
TXN005029,353.77,Card,Network Error,1264,23,4,2,15.79,832.01,1,0
TXN005030,855.95,UPI,Bank Decline,178,18,1,0,10.78,516.75,0,0
TXN005031,4535.06,UPI,Expired Card,681,25,3,0,78.68,1673.06,0,0
TXN005032,695.82,Card,Authentication Failed,803,19,5,1,28.36,802.0,0,0
TXN005033,411.24,Card,Insufficient Funds,250,13,1,2,47.28,835.02,1,1
TXN005034,1971.87,Card,Authentication Failed,427,18,3,1,11.58,295.64,1,1
TXN005035,1281.17,UPI,Network Error,385,13,2,0,29.97,1864.06,1,1
TXN005036,162.82,UPI,Limit Exceeded,347,19,3,2,4.2,1032.9,0,1
TXN005037,1990.44,Card,Bank Decline,960,20,4,0,21.77,3028.16,1,1
TXN005038,7447.41,Wallet,Network Error,677,17,5,1,63.33,1763.78,0,0
TXN005039,105.59,Card,Authentication Failed,129,17,5,0,16.98,934.66,0,0
TXN005040,360.63,Net Banking,Bank Decline,878,21,1,1,0.4,1027.47,0,0
TXN005041,84.46,Card,Network Error,440,16,3,0,7.62,787.43,1,1
TXN005042,1024.77,Card,Insufficient Funds,194,13,5,0,16.32,843.57,0,0
TXN005043,2674.05,UPI,Insufficient Funds,1044,18,2,1,2.22,4397.09,1,0
TXN005044,1205.86,Card,Expired Card,76,16,3,2,9.25,352.85,0,0
TXN005045,3838.34,Card,Expired Card,657,21,7,2,10.79,859.81,0,0
TXN005046,2315.76,Card,Network Error,1441,13,4,0,38.09,494.82,0,1
TXN005047,5074.24,Card,Insufficient Funds,843,18,5,3,15.21,336.14,1,1
TXN005048,3115.64,Card,Bank Decline,597,16,1,1,14.28,1222.71,0,0
TXN005049,763.07,UPI,Bank Decline,324,28,4,0,8.18,940.62,0,0
TXN005050,1164.51,Card,Network Error,443,19,4,2,8.72,1067.64,0,1
TXN005051,501.79,UPI,Authentication Failed,1176,16,4,0,14.92,3266.69,1,0
TXN005052,891.06,Net Banking,Limit Exceeded,233,18,1,0,3.21,485.71,0,1
TXN005053,1159.39,UPI,Insufficient Funds,1412,14,2,2,11.38,6097.15,1,1
TXN005054,1015.95,UPI,Authentication Failed,186,24,2,1,12.74,596.62,0,0
TXN005055,3670.3,Card,Network Error,542,18,3,0,20.89,498.73,0,0
TXN005056,814.72,Card,Limit Exceeded,1129,21,5,3,16.26,901.78,0,0
TXN005057,473.96,Card,Insufficient Funds,1421,16,3,0,7.13,1625.09,0,1
TXN005058,501.37,UPI,Expired Card,276,16,3,0,13.62,850.89,0,0
TXN005059,1977.5,Card,Bank Decline,952,22,3,2,0.36,897.68,1,1
TXN005060,310.19,UPI,Bank Decline,1124,18,0,2,20.93,1777.64,0,1
TXN005061,915.01,Net Banking,Insufficient Funds,1493,19,1,1,4.76,2638.86,0,1
TXN005062,3621.89,Net Banking,Insufficient Funds,665,15,2,1,32.19,2171.4,0,1
TXN005063,1427.01,Card,Insufficient Funds,291,23,8,2,23.13,5455.41,1,1
TXN005064,1025.42,UPI,Bank Decline,1052,17,2,2,3.13,1604.8,0,0
TXN005065,1061.76,Card,Insufficient Funds,8,15,6,4,7.0,2678.62,0,1
TXN005066,434.15,UPI,Expired Card,109,19,4,1,24.78,596.15,1,0
TXN005067,507.03,Card,Insufficient Funds,1066,15,3,0,21.97,851.76,0,0
TXN005068,919.97,UPI,Network Error,280,18,4,0,13.91,1381.64,0,1
TXN005069,1399.89,Net Banking,Insufficient Funds,1081,22,1,0,6.29,729.69,0,1
TXN005070,2574.31,UPI,Authentication Failed,1173,23,6,2,13.3,1511.17,0,1
TXN005071,1191.9,Card,Authentication Failed,902,15,4,0,85.79,733.9,0,1
TXN005072,3705.22,Card,Bank Decline,23,14,5,1,9.29,2156.38,0,1
TXN005073,4650.26,Card,Network Error,1308,21,3,0,13.4,1440.64,1,0
TXN005074,2243.38,UPI,Insufficient Funds,1468,18,4,1,29.22,710.37,0,0
TXN005075,3302.66,Wallet,Authentication Failed,442,19,5,0,0.51,5148.41,0,0
TXN005076,449.6,Card,Network Error,1414,17,4,3,44.81,376.0,1,0
TXN005077,389.83,Card,Insufficient Funds,864,24,2,0,33.88,869.44,1,0
TXN005078,1747.91,UPI,Bank Decline,692,17,5,1,14.33,2050.67,0,1
TXN005079,327.97,Card,Insufficient Funds,1162,13,4,1,13.8,689.76,0,1
TXN005080,844.43,Card,Bank Decline,269,11,3,0,43.9,402.96,1,1
TXN005081,2195.3,UPI,Expired Card,400,15,4,0,21.99,481.85,0,1
TXN005082,3912.91,UPI,Bank Decline,214,10,4,0,26.12,1628.12,1,0
TXN005083,872.36,Net Banking,Bank Decline,814,10,0,0,4.7,1326.08,0,1
TXN005084,610.97,UPI,Insufficient Funds,1256,16,4,0,0.18,1269.44,0,1
TXN005085,1463.25,UPI,Bank Decline,471,24,5,1,10.42,1262.19,0,1
TXN005086,417.3,Card,Insufficient Funds,364,20,3,0,2.06,1803.78,1,1
TXN005087,938.28,Card,Limit Exceeded,1174,12,3,0,9.66,343.86,0,0
TXN005088,1088.77,UPI,Insufficient Funds,360,16,1,0,17.97,4127.34,0,1
TXN005089,1069.36,Card,Network Error,1281,21,5,0,16.73,522.15,0,1
TXN005090,1187.56,UPI,Bank Decline,382,22,0,0,21.06,879.95,0,1
TXN005091,517.46,UPI,Bank Decline,995,16,1,2,2.75,1952.24,0,0
TXN005092,570.04,UPI,Expired Card,1275,21,2,0,5.03,874.52,1,0
TXN005093,559.81,Net Banking,Bank Decline,24,20,2,0,21.48,1073.36,1,1
TXN005094,255.17,UPI,Bank Decline,722,22,0,0,3.66,401.07,0,0
TXN005095,1491.66,UPI,Network Error,491,21,7,1,4.37,471.29,0,0
TXN005096,2453.31,Card,Network Error,1032,12,5,0,20.23,375.33,1,0
TXN005097,2245.49,Net Banking,Bank Decline,956,16,7,0,23.38,1211.23,1,0
TXN005098,865.89,UPI,Network Error,382,22,6,4,6.21,1323.12,0,1
TXN005099,528.53,Card,Expired Card,920,21,6,1,36.98,1281.25,0,0
TXN005100,2142.83,UPI,Insufficient Funds,572,20,4,1,32.4,1114.38,1,1
TXN005101,1948.92,Card,Bank Decline,1196,12,4,2,16.48,1620.68,0,1
TXN005102,1333.66,Card,Insufficient Funds,871,10,4,0,31.52,2681.67,0,1
TXN005103,5270.5,Card,Insufficient Funds,1359,15,7,2,68.7,173.79,0,0
TXN005104,1070.86,UPI,Network Error,1478,16,5,1,50.68,2864.84,1,1
TXN005105,870.27,UPI,Authentication Failed,1122,24,6,0,2.46,1056.79,0,1
TXN005106,765.22,UPI,Authentication Failed,1282,14,3,0,8.6,2334.84,1,1
TXN005107,269.13,UPI,Insufficient Funds,618,16,5,1,23.13,414.49,0,0
TXN005108,1988.64,UPI,Bank Decline,1069,13,3,0,1.66,869.65,0,0
TXN005109,997.31,Card,Network Error,442,19,5,0,2.65,910.29,1,1
TXN005110,1735.3,Wallet,Insufficient Funds,654,19,6,3,9.25,1158.19,0,0
TXN005111,5754.23,Wallet,Limit Exceeded,368,16,1,0,0.11,1227.3,0,0
TXN005112,771.49,Net Banking,Limit Exceeded,568,22,2,1,10.47,370.46,1,1
TXN005113,133.73,Card,Authentication Failed,89,13,3,1,8.98,1203.9,1,1
TXN005114,1690.81,Card,Insufficient Funds,1057,19,1,1,22.16,307.32,0,1
TXN005115,1274.33,UPI,Insufficient Funds,27,15,8,4,1.7,1567.25,0,0
TXN005116,567.25,Card,Limit Exceeded,1248,17,7,1,10.51,843.81,1,1
TXN005117,1567.97,Card,Expired Card,1075,18,5,1,59.13,935.28,1,0
TXN005118,2224.94,Card,Authentication Failed,960,12,3,1,37.79,878.98,0,0
TXN005119,467.8,Card,Insufficient Funds,1437,17,2,4,22.57,231.98,0,0
TXN005120,836.14,UPI,Network Error,700,23,5,0,68.72,430.83,0,1
TXN005121,4142.6,UPI,Network Error,804,19,3,2,1.73,2411.63,1,1
TXN005122,572.8,Net Banking,Insufficient Funds,485,23,4,0,5.2,2109.79,1,1
TXN005123,1164.45,UPI,Network Error,869,13,5,1,2.73,2449.06,0,1
TXN005124,103.34,Card,Network Error,662,17,3,1,25.97,2727.73,1,0
TXN005125,288.97,Net Banking,Insufficient Funds,769,11,2,1,35.13,296.07,0,0
TXN005126,1263.66,Card,Bank Decline,624,20,1,0,18.45,319.09,0,1
TXN005127,3311.61,Card,Expired Card,717,22,4,1,5.37,1771.61,0,0
TXN005128,321.88,UPI,Bank Decline,343,16,4,1,2.36,1173.53,0,0
TXN005129,1172.75,UPI,Authentication Failed,1178,32,8,2,14.16,2415.36,0,0
TXN005130,782.0,Net Banking,Bank Decline,1441,18,6,3,2.89,806.85,1,1
TXN005131,2585.77,Card,Bank Decline,774,12,5,0,3.18,373.35,1,0
TXN005132,366.49,Card,Authentication Failed,825,20,2,2,14.68,3697.55,1,1
TXN005133,1614.97,UPI,Authentication Failed,391,14,2,1,1.84,885.94,0,1
TXN005134,608.91,UPI,Insufficient Funds,1131,15,4,0,44.04,880.48,1,1
TXN005135,1340.41,Wallet,Limit Exceeded,1144,8,5,0,4.15,1679.87,1,1
TXN005136,1166.82,UPI,Insufficient Funds,1027,17,8,0,31.54,894.69,0,0
TXN005137,874.28,Card,Insufficient Funds,1292,22,3,0,15.38,1559.79,1,1
TXN005138,1685.86,UPI,Bank Decline,1452,21,4,1,3.03,741.58,0,1
TXN005139,1140.57,Card,Bank Decline,1084,25,3,0,64.84,1659.14,0,1
TXN005140,973.09,Net Banking,Limit Exceeded,1218,19,5,0,13.2,777.24,0,1
TXN005141,795.7,Card,Expired Card,598,18,4,3,5.07,3506.56,1,1
TXN005142,1175.96,UPI,Authentication Failed,1220,21,3,0,4.63,2289.02,0,1
TXN005143,1339.22,Card,Expired Card,837,20,6,0,2.5,1572.19,1,0
TXN005144,450.24,Card,Bank Decline,1088,20,1,2,14.81,1699.91,0,1
TXN005145,800.69,UPI,Expired Card,509,21,10,0,17.42,1964.15,0,1
TXN005146,424.25,Net Banking,Authentication Failed,195,16,6,0,15.63,721.56,0,0
TXN005147,1058.0,Card,Expired Card,876,18,4,3,33.18,732.66,0,1
TXN005148,643.49,Net Banking,Limit Exceeded,585,13,5,0,1.29,697.59,1,0
TXN005149,2194.49,Card,Authentication Failed,1343,23,7,0,0.52,588.48,0,1
TXN005150,2009.12,UPI,Insufficient Funds,1199,21,5,1,33.63,1469.07,1,1
TXN005151,477.96,UPI,Expired Card,805,22,7,0,2.3,717.47,0,1
TXN005152,1094.36,UPI,Authentication Failed,137,10,2,2,2.81,4420.99,0,0
TXN005153,1948.21,Net Banking,Authentication Failed,684,14,4,0,13.91,830.39,1,1
TXN005154,936.57,Card,Insufficient Funds,955,16,4,0,9.4,1691.38,0,0
TXN005155,569.41,Card,Network Error,158,15,7,1,19.77,1121.03,1,1
TXN005156,410.28,UPI,Expired Card,928,18,5,3,3.8,1331.37,0,0
TXN005157,2365.73,UPI,Bank Decline,1135,28,4,1,33.05,1162.66,0,0
TXN005158,2471.16,Card,Network Error,1397,11,2,0,4.41,1315.4,0,1
TXN005159,909.46,Card,Bank Decline,1122,13,1,0,10.17,658.51,0,0
TXN005160,2185.33,UPI,Bank Decline,719,14,5,0,0.41,561.86,0,0
TXN005161,76.04,Card,Bank Decline,811,16,5,1,59.9,931.46,1,0
TXN005162,3622.06,UPI,Network Error,438,20,3,0,6.18,512.39,1,1
TXN005163,952.18,UPI,Bank Decline,1335,24,2,1,13.69,512.96,1,1
TXN005164,1245.88,Card,Network Error,34,13,3,3,11.68,651.63,0,1
TXN005165,821.83,UPI,Bank Decline,1318,23,6,1,9.24,1501.74,0,1
TXN005166,3851.19,Wallet,Insufficient Funds,361,15,4,2,3.59,828.86,0,1
TXN005167,422.14,UPI,Insufficient Funds,684,19,3,0,17.38,1210.49,0,1
TXN005168,4134.06,UPI,Insufficient Funds,1434,13,5,2,14.6,2431.2,0,1
TXN005169,1566.57,UPI,Network Error,142,19,6,2,10.44,446.59,0,1
TXN005170,1920.61,Card,Limit Exceeded,1098,14,5,0,14.35,3623.91,0,0
TXN005171,815.43,Card,Insufficient Funds,160,12,6,1,18.92,2469.05,1,0
TXN005172,337.85,Card,Insufficient Funds,1493,25,2,0,35.45,1564.78,0,1
TXN005173,2533.76,UPI,Limit Exceeded,332,15,7,1,4.69,2847.48,0,0
TXN005174,1451.38,UPI,Bank Decline,822,15,3,1,26.52,1060.79,0,1
TXN005175,3734.84,Card,Authentication Failed,1126,16,2,0,30.44,389.51,0,1
TXN005176,921.13,Net Banking,Expired Card,1227,16,5,0,24.56,2447.59,0,1
TXN005177,751.97,Net Banking,Bank Decline,114,19,1,2,30.68,590.78,0,1
TXN005178,3824.87,UPI,Bank Decline,1076,18,0,0,15.54,1655.43,0,1
TXN005179,6128.5,Card,Network Error,1216,17,4,1,0.4,481.75,1,1
TXN005180,1105.9,Net Banking,Insufficient Funds,460,19,8,1,21.41,1470.92,0,1
TXN005181,556.97,UPI,Insufficient Funds,329,29,4,3,35.66,380.72,0,0
TXN005182,2274.41,Net Banking,Insufficient Funds,291,20,3,0,5.51,496.06,0,0
TXN005183,872.52,UPI,Limit Exceeded,1113,15,5,1,24.55,1065.35,0,0
TXN005184,1880.58,Net Banking,Network Error,656,14,3,1,2.13,1221.32,0,1
TXN005185,868.4,Card,Insufficient Funds,1357,8,5,1,18.7,254.69,0,0
TXN005186,4481.05,Net Banking,Expired Card,755,20,5,2,1.06,2203.38,0,0
TXN005187,584.33,Card,Bank Decline,455,23,2,0,14.27,2109.08,1,0
TXN005188,1689.99,UPI,Network Error,327,15,4,0,37.72,1910.7,1,1
TXN005189,706.39,Net Banking,Insufficient Funds,1175,18,3,1,8.57,904.01,0,1
TXN005190,851.2,UPI,Network Error,284,16,11,0,3.72,1684.5,0,1
TXN005191,756.84,UPI,Authentication Failed,618,23,4,0,20.42,1104.5,0,1
TXN005192,2131.85,Card,Insufficient Funds,1044,18,5,0,33.62,445.76,1,1
TXN005193,2506.21,Card,Bank Decline,1292,14,4,2,6.49,1222.23,1,1
TXN005194,1811.6,Net Banking,Bank Decline,420,17,1,0,15.3,274.61,0,0
TXN005195,995.07,UPI,Bank Decline,500,19,2,2,19.42,544.43,0,0
TXN005196,1244.09,Net Banking,Bank Decline,53,22,1,0,8.91,654.34,1,1
TXN005197,2460.08,Card,Limit Exceeded,662,22,4,1,1.26,1180.78,0,1
TXN005198,2531.03,UPI,Authentication Failed,1226,19,1,0,31.91,3305.35,1,1
TXN005199,97.39,UPI,Insufficient Funds,1320,22,2,0,32.74,265.33,1,0
TXN005200,858.34,UPI,Network Error,775,22,4,0,1.94,2797.87,1,1
TXN005201,896.2,UPI,Expired Card,438,18,14,2,15.96,1643.01,0,0
TXN005202,2002.85,Wallet,Network Error,1354,16,2,1,23.71,1594.53,0,1
TXN005203,1032.67,Card,Bank Decline,962,18,2,3,1.75,712.53,1,0
TXN005204,2094.91,Card,Insufficient Funds,1459,19,3,1,33.72,984.21,0,1
TXN005205,415.38,Wallet,Network Error,1323,15,2,1,7.87,928.83,0,1
TXN005206,1385.82,UPI,Bank Decline,383,20,3,1,15.98,2845.59,1,0
TXN005207,2465.59,Net Banking,Limit Exceeded,1114,16,3,0,8.5,2414.32,1,0
TXN005208,290.92,Card,Limit Exceeded,1403,17,3,0,13.53,1494.41,0,1
TXN005209,10533.11,Net Banking,Insufficient Funds,1054,18,3,1,19.31,829.64,0,1
TXN005210,3202.85,UPI,Insufficient Funds,915,17,2,1,22.17,548.46,0,1
TXN005211,1097.97,Net Banking,Authentication Failed,331,12,3,0,9.27,551.13,0,0
TXN005212,520.31,UPI,Network Error,322,17,4,1,2.12,2542.75,0,1
TXN005213,936.76,UPI,Authentication Failed,227,20,3,3,7.57,2653.76,1,1
TXN005214,1182.54,Card,Insufficient Funds,220,16,6,2,32.4,681.82,0,0
TXN005215,1630.43,UPI,Network Error,851,20,5,1,16.04,1623.86,1,1
TXN005216,4232.7,Card,Network Error,1115,22,2,0,10.68,2856.9,0,0
TXN005217,714.45,Card,Authentication Failed,391,21,3,0,19.96,349.77,1,1
TXN005218,1819.72,Card,Insufficient Funds,1034,15,5,2,30.62,444.35,0,1
TXN005219,342.69,UPI,Bank Decline,1144,17,3,0,38.42,829.77,1,0
TXN005220,755.79,UPI,Bank Decline,1245,20,3,1,23.03,957.13,0,0
TXN005221,1539.24,UPI,Authentication Failed,1366,16,5,3,1.7,1324.31,1,1
TXN005222,2042.92,Card,Authentication Failed,883,19,4,0,4.56,587.8,1,0
TXN005223,556.74,UPI,Authentication Failed,659,21,0,1,60.49,1867.17,1,1
TXN005224,737.52,UPI,Authentication Failed,1197,20,1,2,23.13,450.85,0,0
TXN005225,4082.65,UPI,Insufficient Funds,293,20,4,0,40.02,2098.93,1,1
TXN005226,3120.4,UPI,Insufficient Funds,390,22,5,0,13.61,1716.45,0,1
TXN005227,1322.94,Card,Insufficient Funds,1024,21,5,2,1.9,625.63,1,1
TXN005228,146.5,Net Banking,Bank Decline,853,14,3,3,2.76,541.22,0,0
TXN005229,10509.34,UPI,Limit Exceeded,523,17,2,0,57.03,1483.43,0,0
TXN005230,1077.14,Card,Authentication Failed,133,19,3,1,7.53,420.2,1,1
TXN005231,827.73,Card,Insufficient Funds,1463,10,3,2,8.82,754.43,1,1
TXN005232,685.31,UPI,Network Error,1116,10,3,0,65.87,328.04,0,1
TXN005233,1538.76,Card,Authentication Failed,1075,25,3,0,11.65,564.05,1,0
TXN005234,1552.97,UPI,Bank Decline,629,22,3,2,0.25,1884.78,0,1
TXN005235,2580.05,Card,Insufficient Funds,296,23,3,1,14.22,3156.46,0,1
TXN005236,476.54,UPI,Bank Decline,703,16,6,1,23.59,784.39,1,0
TXN005237,827.79,Card,Bank Decline,1265,18,5,1,14.04,868.43,1,0
TXN005238,6819.16,Card,Network Error,163,9,3,1,18.77,1067.12,0,1
TXN005239,1342.29,UPI,Bank Decline,412,13,6,4,13.04,565.25,1,0
TXN005240,938.92,UPI,Insufficient Funds,1152,17,4,1,4.6,1476.52,1,0
TXN005241,469.91,Wallet,Authentication Failed,1254,14,4,0,1.66,576.06,0,1
TXN005242,1729.07,Card,Network Error,883,20,3,0,0.29,1468.16,0,0
TXN005243,2773.64,Card,Network Error,1053,21,3,0,20.89,1192.04,1,1
TXN005244,2409.39,Net Banking,Authentication Failed,203,14,2,0,8.83,2565.4,0,1
TXN005245,868.77,Card,Insufficient Funds,485,17,4,2,12.91,722.81,0,0
TXN005246,1517.97,Card,Insufficient Funds,291,17,3,1,2.25,871.99,0,1
TXN005247,4936.9,Net Banking,Limit Exceeded,314,22,3,1,14.56,1245.13,1,0
TXN005248,2874.96,Net Banking,Bank Decline,351,21,5,4,5.12,677.05,1,1
TXN005249,541.45,Card,Limit Exceeded,1027,13,4,0,30.41,561.6,0,0
TXN005250,110.9,Card,Bank Decline,997,25,5,0,16.37,398.82,1,0
TXN005251,1432.38,UPI,Insufficient Funds,404,21,3,0,1.17,590.9,0,1
TXN005252,2250.06,Wallet,Network Error,791,20,4,0,4.36,778.31,1,0
TXN005253,411.45,Card,Insufficient Funds,1494,21,7,0,4.81,1175.91,1,0
TXN005254,1087.99,UPI,Limit Exceeded,802,20,1,0,29.27,953.66,1,1
TXN005255,864.95,Net Banking,Expired Card,1145,17,2,0,12.08,3025.78,0,0
TXN005256,1204.55,Card,Authentication Failed,642,13,3,0,18.57,1965.89,0,0
TXN005257,671.67,UPI,Limit Exceeded,456,13,4,3,12.02,1467.88,1,0
TXN005258,3503.3,Card,Insufficient Funds,778,23,5,0,9.38,2337.59,0,1
TXN005259,1252.84,UPI,Limit Exceeded,1434,23,6,1,31.22,2626.3,1,1
TXN005260,497.15,Net Banking,Expired Card,687,17,6,2,31.13,1035.75,1,0
TXN005261,2504.18,UPI,Expired Card,554,19,4,2,33.16,2839.75,0,1
TXN005262,351.51,Net Banking,Limit Exceeded,235,17,4,4,56.62,1996.36,0,1
TXN005263,3484.38,Card,Network Error,250,15,4,1,7.23,388.55,1,1
TXN005264,2675.67,UPI,Bank Decline,71,19,2,0,22.07,271.69,0,0
TXN005265,3830.68,Wallet,Expired Card,1267,14,3,1,7.42,349.78,0,0
TXN005266,951.06,Card,Bank Decline,952,11,2,1,40.17,828.22,0,1
TXN005267,701.69,UPI,Insufficient Funds,1033,14,4,1,13.54,556.17,1,0
TXN005268,1182.78,Card,Network Error,1067,14,3,0,8.37,4172.07,1,0
TXN005269,1016.38,Net Banking,Bank Decline,1008,19,3,2,0.14,1157.41,0,0
TXN005270,609.44,UPI,Insufficient Funds,1280,20,8,1,20.21,970.43,0,0
TXN005271,666.3,UPI,Insufficient Funds,9,18,5,1,10.93,447.15,1,0
TXN005272,788.6,UPI,Network Error,1265,21,4,0,1.81,1106.71,0,0
TXN005273,382.6,UPI,Bank Decline,1447,16,3,0,8.65,675.29,0,0
TXN005274,2018.62,Net Banking,Limit Exceeded,961,20,8,0,12.96,1109.68,0,1
TXN005275,1046.21,Card,Bank Decline,1281,14,4,1,7.25,424.72,0,1
TXN005276,830.86,UPI,Network Error,149,17,4,0,26.45,1775.15,0,1
TXN005277,403.7,UPI,Bank Decline,1086,14,3,3,23.95,1361.78,1,1
TXN005278,385.93,UPI,Expired Card,67,17,1,0,2.23,739.51,0,0
TXN005279,6262.42,Net Banking,Bank Decline,74,19,4,2,12.98,1209.49,0,0
TXN005280,623.57,UPI,Authentication Failed,85,19,5,0,11.08,1197.94,0,1
TXN005281,1899.75,Wallet,Authentication Failed,1357,15,2,0,25.17,2257.2,0,0
TXN005282,1269.49,Card,Limit Exceeded,373,20,3,0,11.99,1203.24,0,0
TXN005283,90.23,UPI,Authentication Failed,964,16,4,0,6.88,1404.59,0,1
TXN005284,5503.86,Net Banking,Bank Decline,532,15,3,0,11.4,2935.95,0,1
TXN005285,2029.77,Card,Network Error,396,19,0,0,11.61,444.24,0,1
TXN005286,549.55,Card,Limit Exceeded,1319,19,4,0,3.61,1646.65,0,1
TXN005287,1068.99,Wallet,Expired Card,527,13,2,1,7.96,782.38,1,1
TXN005288,389.84,UPI,Authentication Failed,259,21,1,0,9.62,847.79,0,0
TXN005289,5673.71,UPI,Expired Card,1125,20,7,1,1.02,2303.31,0,0
TXN005290,484.5,Card,Authentication Failed,9,18,6,1,17.88,2347.31,0,0
TXN005291,684.87,UPI,Bank Decline,702,8,3,1,4.27,596.07,0,1
TXN005292,568.72,UPI,Limit Exceeded,52,21,10,1,7.47,221.83,1,1
TXN005293,1178.91,UPI,Expired Card,659,24,0,0,3.56,740.37,1,1
TXN005294,3764.18,UPI,Expired Card,531,14,3,1,24.45,1473.55,1,1
TXN005295,5488.65,Net Banking,Bank Decline,424,17,3,4,14.49,1098.41,1,0
TXN005296,765.79,UPI,Limit Exceeded,1008,22,2,4,3.98,1170.64,0,1
TXN005297,1541.38,Card,Authentication Failed,1073,19,6,0,3.95,637.08,1,1
TXN005298,1180.53,Card,Insufficient Funds,902,19,7,1,4.64,1044.23,1,1
TXN005299,453.3,Card,Network Error,702,14,7,0,57.34,860.94,0,0
TXN005300,9704.06,UPI,Bank Decline,565,12,7,0,11.58,4070.83,0,1
TXN005301,3738.66,Net Banking,Authentication Failed,937,20,1,2,47.71,1787.22,0,0
TXN005302,1300.11,UPI,Network Error,1236,12,2,0,85.73,1145.3,1,0
TXN005303,4553.67,Card,Bank Decline,1305,16,5,2,12.84,941.14,0,0
TXN005304,3264.61,Net Banking,Bank Decline,601,12,2,0,1.6,646.6,0,0
TXN005305,1180.48,Card,Expired Card,1127,13,6,0,30.0,621.64,1,1
TXN005306,1470.51,Card,Insufficient Funds,1209,19,2,2,16.97,1418.2,1,1
TXN005307,4276.6,Card,Network Error,873,23,4,0,1.38,1181.05,0,0
TXN005308,468.0,UPI,Authentication Failed,1178,13,2,0,12.1,1684.92,1,1
TXN005309,4945.94,Net Banking,Authentication Failed,390,16,2,1,19.55,577.14,1,0
TXN005310,895.51,Net Banking,Insufficient Funds,1102,18,3,3,10.54,1294.92,0,0
TXN005311,4325.18,UPI,Authentication Failed,223,15,4,0,15.48,1605.38,0,1
TXN005312,1091.49,Card,Expired Card,839,18,3,0,49.21,779.81,1,0
TXN005313,1486.0,Net Banking,Insufficient Funds,812,17,3,0,2.73,1852.71,0,1
TXN005314,1063.29,Wallet,Insufficient Funds,1463,13,2,0,11.92,600.48,0,1
TXN005315,679.49,Card,Insufficient Funds,1063,22,6,1,0.15,581.1,0,0
TXN005316,860.02,Card,Limit Exceeded,787,13,3,0,10.34,1668.85,0,0
TXN005317,3794.09,UPI,Insufficient Funds,222,20,4,1,4.18,858.57,0,1
TXN005318,136.63,Wallet,Bank Decline,107,20,5,1,4.64,2664.57,1,1
TXN005319,359.58,UPI,Limit Exceeded,476,18,4,2,4.73,883.48,0,1
TXN005320,570.82,Card,Network Error,186,18,2,1,25.64,3694.95,1,1
TXN005321,415.5,UPI,Limit Exceeded,645,22,2,3,12.77,847.26,0,0
TXN005322,4268.35,UPI,Limit Exceeded,1363,18,7,1,8.62,1539.71,1,1
TXN005323,3401.29,UPI,Insufficient Funds,1490,17,1,0,0.01,1357.32,1,0
TXN005324,1868.38,Wallet,Authentication Failed,383,19,5,3,32.51,1073.7,1,1
TXN005325,617.68,UPI,Bank Decline,687,13,5,0,0.0,1216.39,0,1
TXN005326,3646.59,Card,Network Error,823,20,4,0,29.69,541.07,1,0
TXN005327,262.61,UPI,Expired Card,1165,10,3,2,23.39,2070.49,1,0
TXN005328,7538.54,UPI,Insufficient Funds,1440,22,5,1,2.32,313.02,0,0
TXN005329,592.19,Card,Authentication Failed,1185,24,3,0,17.43,539.13,0,1
TXN005330,866.25,Card,Network Error,286,19,4,0,0.2,1149.5,1,0
TXN005331,745.15,UPI,Insufficient Funds,1229,17,2,0,4.56,308.51,0,0
TXN005332,417.47,UPI,Authentication Failed,855,19,2,3,4.96,2043.68,0,1
TXN005333,6201.84,UPI,Network Error,759,20,2,1,71.21,731.41,0,0
TXN005334,2230.55,UPI,Expired Card,1447,16,2,1,15.23,834.99,0,0
TXN005335,3274.51,Wallet,Network Error,1128,17,3,0,0.16,2438.08,0,1
TXN005336,364.56,Net Banking,Limit Exceeded,256,14,6,0,2.48,2018.74,1,0
TXN005337,1290.58,UPI,Insufficient Funds,920,12,2,1,3.83,1481.38,1,0
TXN005338,1752.72,Card,Bank Decline,1135,17,2,1,31.06,1480.58,1,1
TXN005339,1399.23,Net Banking,Bank Decline,779,17,1,0,20.44,3719.56,1,1
TXN005340,385.93,UPI,Insufficient Funds,647,26,9,0,11.88,3405.14,0,1
TXN005341,2886.93,Net Banking,Expired Card,333,18,3,1,29.97,275.45,0,1
TXN005342,1223.41,Net Banking,Bank Decline,896,21,0,1,11.56,1541.79,0,0
TXN005343,464.3,UPI,Bank Decline,777,19,4,0,30.46,1327.81,0,0
TXN005344,206.49,UPI,Insufficient Funds,383,18,4,3,4.45,485.87,1,1
TXN005345,1893.15,Wallet,Expired Card,1045,17,2,2,47.67,682.55,1,0
TXN005346,9950.82,Card,Limit Exceeded,702,20,11,0,56.74,3848.25,0,0
TXN005347,439.78,UPI,Bank Decline,487,29,5,0,18.28,1024.94,0,0
TXN005348,1278.45,UPI,Network Error,1046,21,5,2,18.09,1335.99,0,1
TXN005349,2979.31,Card,Bank Decline,581,20,8,0,14.99,1225.48,0,0
TXN005350,349.78,Card,Network Error,491,18,7,1,10.21,812.19,1,0
TXN005351,711.97,Card,Insufficient Funds,1309,16,4,1,3.54,1698.19,0,0
TXN005352,505.66,Wallet,Network Error,1363,20,4,1,3.85,4419.33,0,1
TXN005353,2660.34,UPI,Expired Card,946,15,3,1,19.02,1167.38,0,0
TXN005354,3615.45,Card,Authentication Failed,263,26,7,0,11.33,1180.92,1,1
TXN005355,1265.39,Card,Bank Decline,1215,18,6,0,4.6,1434.49,0,1
TXN005356,514.11,UPI,Limit Exceeded,33,19,6,0,1.74,783.69,0,0
TXN005357,736.19,UPI,Network Error,1055,18,7,0,57.57,1133.41,0,1
TXN005358,621.76,Wallet,Authentication Failed,1092,11,7,3,20.99,1259.59,0,1
TXN005359,455.07,Net Banking,Bank Decline,239,21,5,4,3.81,656.55,0,0
TXN005360,1000.41,Card,Bank Decline,1494,23,5,0,24.92,946.71,1,1
TXN005361,1839.67,Card,Authentication Failed,355,17,7,0,3.34,1765.51,1,0
TXN005362,1704.85,UPI,Insufficient Funds,1316,14,4,0,16.01,367.34,0,1
TXN005363,1088.54,Card,Insufficient Funds,420,14,2,0,15.08,1445.06,1,1
TXN005364,1154.41,Card,Insufficient Funds,412,23,5,1,2.06,196.09,1,1
TXN005365,1019.03,Card,Limit Exceeded,1411,15,9,0,19.63,708.1,0,1
TXN005366,341.21,Wallet,Insufficient Funds,1200,13,6,0,14.67,3568.39,1,1
TXN005367,1266.64,Card,Authentication Failed,1320,13,5,2,29.15,2073.81,0,1
TXN005368,648.55,UPI,Bank Decline,965,15,6,1,42.99,957.01,1,1
TXN005369,326.16,Net Banking,Insufficient Funds,522,31,5,0,22.11,534.19,0,1
TXN005370,1530.94,UPI,Bank Decline,1016,18,4,0,6.51,1783.9,1,1
TXN005371,632.35,UPI,Insufficient Funds,293,20,4,1,7.14,410.73,0,1
TXN005372,1346.12,UPI,Network Error,313,21,4,0,6.73,1097.22,0,1
TXN005373,2351.65,Card,Expired Card,568,18,4,0,35.86,1389.83,0,1
TXN005374,466.28,Net Banking,Network Error,788,18,4,1,11.88,806.73,1,1
TXN005375,1191.43,Card,Insufficient Funds,1038,15,6,3,57.3,723.43,0,0
TXN005376,215.0,Net Banking,Expired Card,363,16,7,1,19.15,1024.07,1,1
TXN005377,4355.87,Card,Limit Exceeded,587,15,2,1,16.62,1054.74,1,1
TXN005378,322.74,UPI,Expired Card,145,25,3,2,41.25,270.88,1,1
TXN005379,689.98,Net Banking,Limit Exceeded,1278,14,5,0,16.03,8990.29,1,1
TXN005380,3657.52,UPI,Insufficient Funds,1213,24,7,0,31.15,1519.15,1,0
TXN005381,887.96,UPI,Authentication Failed,429,16,3,1,12.43,2572.24,0,0
TXN005382,373.28,Card,Bank Decline,403,17,0,0,16.43,1152.65,0,1
TXN005383,2083.42,UPI,Insufficient Funds,838,12,4,0,5.4,4376.31,0,0
TXN005384,2041.58,UPI,Limit Exceeded,311,11,4,0,37.62,1369.57,1,1
TXN005385,620.26,Card,Authentication Failed,1049,19,5,0,5.86,1455.75,0,0
TXN005386,683.73,Card,Expired Card,1413,9,2,1,59.54,4375.82,1,0
TXN005387,741.1,Card,Bank Decline,232,22,4,1,8.77,993.87,0,0
TXN005388,910.21,Wallet,Bank Decline,1260,21,4,0,10.29,691.63,0,1
TXN005389,199.6,Card,Bank Decline,857,22,1,0,12.19,2689.71,1,1
TXN005390,931.43,Net Banking,Authentication Failed,501,19,3,0,8.71,1435.39,0,0
TXN005391,5461.74,UPI,Insufficient Funds,633,18,4,0,15.4,2509.59,0,1
TXN005392,489.62,Card,Limit Exceeded,1389,18,3,1,18.9,398.53,0,1
TXN005393,648.63,Net Banking,Bank Decline,1403,22,6,1,3.4,562.69,0,0
TXN005394,377.94,Card,Limit Exceeded,1108,15,2,2,31.96,980.63,1,1
TXN005395,1902.54,Card,Authentication Failed,333,19,2,0,19.48,2079.69,0,1
TXN005396,3238.54,UPI,Bank Decline,1306,23,4,2,24.52,472.75,0,0
TXN005397,3172.53,UPI,Bank Decline,1382,21,1,1,50.65,2027.72,0,0
TXN005398,356.66,Card,Limit Exceeded,1212,15,2,0,29.84,582.01,0,1
TXN005399,1719.54,UPI,Network Error,511,18,8,0,17.28,2682.72,0,1
TXN005400,3985.33,Net Banking,Expired Card,613,18,6,2,6.51,1252.04,1,1
TXN005401,1734.89,UPI,Network Error,1419,12,3,1,16.36,1748.66,0,1
TXN005402,1686.77,Wallet,Insufficient Funds,613,23,1,1,1.11,1424.17,0,0
TXN005403,717.32,Wallet,Limit Exceeded,1365,19,4,0,17.46,1520.47,1,0
TXN005404,1336.89,UPI,Insufficient Funds,1010,22,3,1,10.18,344.54,0,0
TXN005405,3336.53,UPI,Authentication Failed,1476,12,3,2,21.31,2829.67,0,1
TXN005406,1473.49,Net Banking,Bank Decline,515,22,3,1,5.97,750.33,1,0
TXN005407,356.58,Wallet,Limit Exceeded,663,14,5,1,17.38,1699.69,0,1
TXN005408,727.46,Card,Bank Decline,1278,21,6,0,28.71,1273.66,1,0
TXN005409,3256.32,UPI,Bank Decline,1323,24,4,0,1.97,853.55,0,1
TXN005410,1468.9,Card,Bank Decline,537,12,5,4,20.38,1576.0,1,1
TXN005411,1220.67,Card,Limit Exceeded,1168,24,4,0,63.24,480.21,1,1
TXN005412,666.06,UPI,Network Error,1375,17,7,0,37.56,617.35,0,1
TXN005413,3196.27,Card,Authentication Failed,43,21,2,1,2.81,670.04,1,1
TXN005414,4895.99,UPI,Bank Decline,320,18,3,2,10.67,1119.16,1,1
TXN005415,3418.2,UPI,Expired Card,226,16,4,0,4.91,1660.49,0,1
TXN005416,4017.17,UPI,Limit Exceeded,646,17,5,1,1.34,957.43,0,0
TXN005417,794.06,UPI,Insufficient Funds,1173,24,2,3,28.1,682.85,0,0
TXN005418,699.14,UPI,Bank Decline,1434,27,2,2,31.98,2312.96,0,1
TXN005419,952.69,Card,Network Error,410,15,2,0,19.18,3422.87,0,0
TXN005420,1135.37,UPI,Bank Decline,485,15,3,0,1.72,798.85,1,1
TXN005421,3975.55,UPI,Bank Decline,728,24,3,1,1.45,684.7,1,1
TXN005422,3131.6,UPI,Expired Card,943,16,4,0,14.73,1042.82,1,1
TXN005423,1780.45,Wallet,Insufficient Funds,830,10,3,0,41.82,1379.81,0,0
TXN005424,302.45,UPI,Expired Card,226,11,8,0,3.48,716.32,0,1
TXN005425,240.03,Card,Authentication Failed,373,14,4,3,17.96,1417.12,0,1
TXN005426,1361.6,Card,Network Error,1226,18,4,0,12.46,2252.25,0,0
TXN005427,2421.73,Wallet,Network Error,990,15,5,0,5.35,1003.81,1,0
TXN005428,1020.85,UPI,Insufficient Funds,690,17,5,0,9.83,367.13,0,0
TXN005429,6145.12,Card,Authentication Failed,975,13,3,1,10.85,1364.96,1,0
TXN005430,413.97,Card,Bank Decline,1062,13,1,1,2.93,584.98,0,0
TXN005431,369.62,Card,Network Error,1025,19,3,0,3.46,1307.96,0,1
TXN005432,603.14,UPI,Authentication Failed,1084,18,7,0,20.02,1297.5,0,0
TXN005433,582.85,Card,Network Error,429,8,0,0,2.45,647.96,1,0
TXN005434,1761.04,UPI,Expired Card,1010,27,5,2,27.3,813.19,1,1
TXN005435,750.29,Card,Bank Decline,240,21,2,2,33.84,727.02,0,0
TXN005436,272.31,Card,Insufficient Funds,835,17,3,0,2.18,2406.54,0,1
TXN005437,2446.52,UPI,Limit Exceeded,749,15,6,0,51.92,732.11,1,0
TXN005438,224.99,Net Banking,Insufficient Funds,1140,16,4,0,68.35,1271.16,0,1
TXN005439,418.18,UPI,Expired Card,993,13,6,0,0.99,318.16,0,0
TXN005440,254.57,Net Banking,Insufficient Funds,885,13,3,3,0.06,1025.87,0,1
TXN005441,1321.35,Card,Authentication Failed,1130,21,2,1,53.24,2083.61,0,1
TXN005442,1296.53,UPI,Insufficient Funds,1241,20,2,0,1.71,3062.28,0,1
TXN005443,6153.7,UPI,Network Error,739,11,2,4,5.64,1775.05,0,0
TXN005444,2496.0,Wallet,Network Error,1433,16,4,1,11.58,1041.35,1,0
TXN005445,4013.75,UPI,Bank Decline,1180,20,7,1,3.1,897.36,0,0
TXN005446,1421.9,UPI,Bank Decline,681,17,10,3,9.66,1117.33,1,1
TXN005447,455.21,UPI,Bank Decline,1424,17,5,3,47.18,687.8,0,0
TXN005448,1230.65,Card,Bank Decline,661,15,7,4,39.28,1125.63,0,1
TXN005449,1869.04,Card,Bank Decline,264,18,4,2,3.02,1092.33,0,0
TXN005450,2066.12,UPI,Bank Decline,1275,19,3,1,51.94,935.68,0,0
TXN005451,716.82,UPI,Network Error,1008,18,3,0,22.34,1986.11,0,1
TXN005452,1702.59,UPI,Bank Decline,1180,18,3,0,63.56,511.4,0,1
TXN005453,473.56,UPI,Authentication Failed,630,26,5,0,3.51,1706.3,0,1
TXN005454,428.83,UPI,Network Error,105,21,4,3,1.21,2429.25,1,1
TXN005455,401.74,Card,Insufficient Funds,1133,15,6,0,9.65,937.69,0,0
TXN005456,1121.21,UPI,Network Error,18,20,2,0,80.99,1384.88,0,0
TXN005457,379.91,UPI,Authentication Failed,1256,14,3,1,10.95,1633.76,0,1
TXN005458,748.24,UPI,Insufficient Funds,819,25,7,0,18.64,2829.52,0,0
TXN005459,2471.61,Wallet,Expired Card,1472,18,2,1,13.89,578.48,0,0
TXN005460,434.32,Wallet,Network Error,1178,12,5,1,40.68,981.32,0,1
TXN005461,696.54,Net Banking,Insufficient Funds,185,25,6,0,36.62,1426.72,0,0
TXN005462,1169.66,UPI,Limit Exceeded,1037,22,1,1,58.68,1186.15,0,0
TXN005463,1369.5,UPI,Bank Decline,158,18,7,1,16.95,2399.62,0,1
TXN005464,699.69,UPI,Bank Decline,841,17,4,0,14.83,475.5,1,1
TXN005465,2226.47,UPI,Limit Exceeded,588,19,2,0,1.18,1406.99,0,0
TXN005466,1865.73,Card,Expired Card,1383,26,5,0,6.64,1325.96,0,1
TXN005467,3059.08,Net Banking,Authentication Failed,571,12,4,2,8.03,809.33,1,1
TXN005468,1018.98,Net Banking,Network Error,1447,19,2,2,12.62,2823.89,0,1
TXN005469,691.22,Net Banking,Limit Exceeded,202,19,3,0,2.36,1103.23,0,0
TXN005470,593.26,UPI,Limit Exceeded,331,15,3,0,13.82,1060.96,0,1
TXN005471,1445.67,Card,Insufficient Funds,488,17,7,0,5.51,272.5,0,0
TXN005472,780.99,UPI,Limit Exceeded,214,15,4,3,62.96,2829.6,0,1
TXN005473,657.04,UPI,Network Error,942,13,7,0,4.16,837.15,0,0
TXN005474,732.56,Card,Insufficient Funds,1333,19,2,0,3.44,1186.42,0,0
TXN005475,592.69,UPI,Network Error,1329,17,1,0,13.0,920.24,1,1
TXN005476,1311.75,UPI,Insufficient Funds,963,18,4,1,46.78,1583.52,1,1
TXN005477,307.56,UPI,Limit Exceeded,432,15,4,1,2.11,950.72,1,1
TXN005478,1440.46,Card,Network Error,1092,22,5,3,44.95,917.96,0,0
TXN005479,2016.05,Card,Authentication Failed,1225,22,6,2,2.05,2674.4,1,0
TXN005480,650.15,UPI,Insufficient Funds,573,13,4,0,3.4,1499.06,0,0
TXN005481,6184.7,Net Banking,Network Error,1393,22,3,2,3.1,1487.34,0,1
TXN005482,1114.16,UPI,Insufficient Funds,624,17,4,4,4.71,615.9,0,1
TXN005483,269.02,Card,Network Error,951,20,4,1,25.04,1486.77,1,1
TXN005484,851.4,Card,Expired Card,1108,20,2,0,9.95,672.87,1,1
TXN005485,1160.25,Card,Expired Card,893,17,0,0,30.03,1846.87,1,1
TXN005486,1642.66,Wallet,Limit Exceeded,935,18,6,2,7.16,1442.97,0,0
TXN005487,869.84,UPI,Authentication Failed,290,21,2,4,11.4,788.15,0,1
TXN005488,441.24,Card,Insufficient Funds,1087,20,1,3,12.31,1245.95,0,1
TXN005489,409.33,Card,Bank Decline,687,21,4,1,11.28,1455.25,0,0
TXN005490,608.96,Net Banking,Expired Card,382,27,1,1,9.14,2065.73,0,1
TXN005491,663.81,UPI,Network Error,382,17,3,1,7.76,963.32,0,1
TXN005492,394.86,Card,Insufficient Funds,778,26,2,0,33.75,2093.41,0,0
TXN005493,567.06,Card,Network Error,794,20,3,3,9.42,3350.59,0,1
TXN005494,1985.27,UPI,Bank Decline,379,20,7,2,2.54,2002.15,1,0
TXN005495,4834.69,Card,Bank Decline,863,17,5,0,3.88,835.59,0,1
TXN005496,2164.44,UPI,Limit Exceeded,250,22,4,0,21.64,2092.75,0,0
TXN005497,3552.03,Card,Bank Decline,768,19,6,1,90.43,2359.24,0,1
TXN005498,2635.18,Net Banking,Insufficient Funds,1069,9,3,1,20.46,2098.33,1,0
TXN005499,2321.15,Card,Insufficient Funds,1339,16,4,0,1.61,539.2,0,1
TXN005500,809.15,Card,Authentication Failed,639,19,6,1,13.34,320.1,0,1
TXN005501,1244.91,Card,Authentication Failed,92,19,2,3,16.96,329.64,1,1
TXN005502,751.03,UPI,Expired Card,105,9,4,0,15.28,412.81,1,1
TXN005503,900.37,UPI,Bank Decline,380,19,1,1,3.19,742.14,1,0
TXN005504,1166.02,Card,Authentication Failed,764,16,1,1,19.75,1134.3,1,1
TXN005505,2084.34,UPI,Expired Card,1238,22,4,0,0.34,342.36,0,1
TXN005506,1605.18,UPI,Limit Exceeded,631,17,4,0,25.52,1371.06,1,1
TXN005507,948.0,Card,Limit Exceeded,989,16,5,3,5.52,1062.92,0,0
TXN005508,1152.84,UPI,Bank Decline,89,16,1,1,59.67,1382.06,1,0
TXN005509,1619.9,UPI,Network Error,7,17,2,4,8.56,2372.6,1,1
TXN005510,1999.51,Card,Insufficient Funds,443,20,0,3,1.3,1411.73,1,0
TXN005511,279.47,UPI,Bank Decline,692,21,6,0,83.89,869.64,1,0
TXN005512,415.86,Net Banking,Limit Exceeded,256,13,4,0,18.12,553.64,1,1
TXN005513,2970.78,Net Banking,Authentication Failed,416,17,9,0,14.94,1011.77,1,1
TXN005514,1038.17,Card,Expired Card,744,21,6,1,7.9,309.94,1,0
TXN005515,748.69,UPI,Bank Decline,1416,18,5,3,10.87,1538.4,0,0
TXN005516,865.1,Net Banking,Insufficient Funds,1114,17,3,1,10.63,2408.39,0,0
TXN005517,864.94,Net Banking,Insufficient Funds,496,17,5,2,5.68,954.04,0,0
TXN005518,1811.92,Card,Bank Decline,245,21,6,1,7.6,915.7,0,0
TXN005519,404.55,UPI,Bank Decline,929,24,5,0,50.27,881.83,1,1
TXN005520,1121.36,Card,Network Error,546,22,1,0,3.37,826.01,0,1
TXN005521,1368.55,Net Banking,Insufficient Funds,386,22,4,0,12.24,1240.69,1,1
TXN005522,1566.57,Card,Authentication Failed,805,18,4,4,42.33,2370.68,0,0
TXN005523,1340.2,Card,Bank Decline,949,20,3,1,26.32,3605.13,0,1
TXN005524,1744.66,Card,Limit Exceeded,1421,20,5,0,105.14,2580.33,0,1
TXN005525,654.96,Card,Network Error,1358,16,4,1,27.37,1164.63,0,0
TXN005526,469.83,UPI,Insufficient Funds,1334,22,4,1,0.58,2266.95,1,1
TXN005527,10009.64,Card,Limit Exceeded,1312,25,3,1,4.19,998.11,0,1
TXN005528,836.19,UPI,Expired Card,701,20,5,0,48.12,833.4,0,0
TXN005529,928.89,Card,Network Error,1375,18,6,0,53.98,2076.03,1,1
TXN005530,2018.39,UPI,Network Error,141,19,2,0,14.36,2165.64,1,0
TXN005531,4612.29,Card,Insufficient Funds,1498,28,5,0,10.77,1156.18,0,1
TXN005532,671.78,UPI,Expired Card,367,25,3,0,17.62,923.37,1,1
TXN005533,446.33,Card,Authentication Failed,575,20,5,1,41.44,629.21,0,0
TXN005534,358.55,Net Banking,Insufficient Funds,1145,16,7,1,11.34,643.57,0,0
TXN005535,4599.93,UPI,Bank Decline,192,20,3,0,18.41,824.77,0,0
TXN005536,430.83,UPI,Authentication Failed,484,22,5,2,4.7,1142.88,0,0
TXN005537,1069.77,UPI,Bank Decline,894,10,5,0,14.42,595.15,1,1
TXN005538,455.07,Net Banking,Expired Card,7,17,4,1,2.61,662.44,0,0
TXN005539,297.82,Card,Network Error,856,17,6,2,0.31,779.25,0,1
TXN005540,842.91,Card,Network Error,974,14,2,1,15.43,1021.39,0,1
TXN005541,471.53,UPI,Bank Decline,547,13,9,2,21.5,580.04,0,0
TXN005542,588.47,Card,Bank Decline,998,21,2,1,4.77,774.62,0,1
TXN005543,6670.8,Net Banking,Insufficient Funds,1454,16,9,2,4.03,1544.89,1,1
TXN005544,1607.45,Net Banking,Limit Exceeded,708,19,4,1,20.73,808.59,1,0
TXN005545,2535.95,Card,Limit Exceeded,276,17,4,0,17.17,1084.95,0,1
TXN005546,2303.52,UPI,Expired Card,904,11,13,0,31.03,1195.49,0,1
TXN005547,1001.47,UPI,Expired Card,425,17,3,0,5.67,1222.15,0,0
TXN005548,738.23,UPI,Bank Decline,1357,10,4,0,21.79,935.93,0,0
TXN005549,1372.02,UPI,Insufficient Funds,201,19,6,0,3.79,784.28,1,1
TXN005550,1276.15,UPI,Limit Exceeded,261,9,4,1,5.13,1886.13,0,0
TXN005551,657.26,UPI,Network Error,85,33,4,1,12.68,286.54,0,1
TXN005552,1232.58,UPI,Bank Decline,1128,17,5,3,32.29,704.26,1,0
TXN005553,580.74,Net Banking,Insufficient Funds,1180,21,4,0,6.23,1967.27,1,1
TXN005554,939.82,Card,Insufficient Funds,792,16,7,0,3.93,499.07,1,1
TXN005555,810.98,Net Banking,Bank Decline,820,11,4,0,17.37,880.12,0,0
TXN005556,350.03,Card,Limit Exceeded,453,22,3,1,7.58,5019.14,1,1
TXN005557,132.15,UPI,Authentication Failed,129,18,1,0,9.28,1869.15,1,1
TXN005558,470.99,Card,Authentication Failed,682,16,3,0,16.07,1557.3,0,1
TXN005559,5561.9,UPI,Authentication Failed,365,15,10,0,1.72,1064.24,1,1
TXN005560,829.88,Card,Authentication Failed,245,12,3,1,6.68,1691.75,1,1
TXN005561,2204.75,UPI,Network Error,811,14,5,0,15.73,2509.93,0,0
TXN005562,162.07,Wallet,Insufficient Funds,689,8,3,1,2.67,1858.72,0,1
TXN005563,442.55,UPI,Limit Exceeded,675,14,3,0,14.14,2568.19,0,0
TXN005564,324.07,UPI,Insufficient Funds,210,19,3,4,22.77,1123.45,1,1
TXN005565,914.09,Net Banking,Bank Decline,149,18,6,0,12.49,859.95,0,1
TXN005566,9698.82,UPI,Bank Decline,193,20,3,0,12.63,503.82,0,0
TXN005567,1659.41,Card,Network Error,128,19,5,1,3.02,1485.61,0,1
TXN005568,5044.49,Card,Bank Decline,1380,16,4,0,0.55,1514.66,1,1
TXN005569,872.19,Net Banking,Insufficient Funds,1130,22,4,0,1.34,798.44,1,1
TXN005570,3745.77,Wallet,Bank Decline,290,12,4,1,12.82,1064.77,0,0
TXN005571,7086.39,Wallet,Authentication Failed,955,16,4,0,10.72,411.14,1,1
TXN005572,993.83,UPI,Network Error,533,26,4,0,30.17,511.86,0,1
TXN005573,674.97,Net Banking,Authentication Failed,390,18,5,1,8.53,873.35,1,0
TXN005574,334.95,Card,Insufficient Funds,904,12,0,1,48.46,911.81,1,1
TXN005575,830.35,Card,Insufficient Funds,193,17,2,0,7.38,640.57,1,0
TXN005576,1180.52,UPI,Network Error,1038,23,5,1,14.62,361.91,0,1
TXN005577,6821.66,Card,Bank Decline,630,27,3,0,20.07,1510.45,0,0
TXN005578,341.9,Wallet,Expired Card,551,23,9,0,26.35,3215.31,0,1
TXN005579,1157.13,Net Banking,Limit Exceeded,1449,24,3,0,19.08,2330.77,1,1
TXN005580,214.25,Card,Limit Exceeded,920,20,8,0,2.42,1257.13,0,1
TXN005581,746.89,UPI,Authentication Failed,96,17,5,3,20.91,955.78,0,1
TXN005582,1451.36,UPI,Bank Decline,502,15,5,2,0.02,1897.29,0,1
TXN005583,1739.45,Net Banking,Insufficient Funds,966,19,3,1,7.37,1369.54,0,1
TXN005584,1863.33,Card,Network Error,122,18,3,0,11.72,1391.42,0,1
TXN005585,1568.17,Card,Insufficient Funds,691,22,1,2,9.57,364.79,1,0
TXN005586,1848.96,UPI,Bank Decline,1050,20,4,1,5.5,2168.84,1,1
TXN005587,1142.72,Card,Insufficient Funds,138,12,5,0,35.24,835.82,1,1
TXN005588,427.06,Card,Bank Decline,1322,11,3,1,89.59,1209.32,0,1
TXN005589,207.16,Net Banking,Insufficient Funds,1384,20,8,0,19.42,664.61,1,0
TXN005590,670.47,Card,Insufficient Funds,1267,20,4,1,2.38,1686.45,0,1
TXN005591,971.5,UPI,Expired Card,229,16,5,0,3.72,800.11,0,0
TXN005592,3389.84,Card,Network Error,442,10,4,0,0.06,7138.52,0,1
TXN005593,1001.7,UPI,Expired Card,1069,19,1,3,8.23,760.09,1,0
TXN005594,918.82,Wallet,Expired Card,333,16,5,3,30.88,742.65,1,0
TXN005595,1551.5,UPI,Insufficient Funds,1239,18,4,2,4.82,1916.74,0,1
TXN005596,860.05,Card,Bank Decline,112,18,4,0,9.31,1562.35,0,1
TXN005597,2274.44,UPI,Insufficient Funds,658,18,3,2,53.98,3586.46,0,0
TXN005598,6511.99,Card,Limit Exceeded,1279,20,1,0,13.63,1252.98,0,0
TXN005599,7877.04,Card,Limit Exceeded,573,19,3,0,50.63,4264.59,1,0
TXN005600,1196.72,Card,Insufficient Funds,636,13,3,0,0.92,1470.46,1,1
TXN005601,1485.05,UPI,Bank Decline,694,19,3,1,20.17,1263.67,1,1
TXN005602,4541.31,UPI,Authentication Failed,1384,15,3,0,2.53,726.95,0,1
TXN005603,958.18,UPI,Network Error,476,32,2,2,0.54,1434.12,1,0
TXN005604,2020.85,Card,Limit Exceeded,731,13,4,2,5.53,309.4,0,0
TXN005605,394.79,UPI,Bank Decline,271,18,4,2,0.35,1206.51,0,1
TXN005606,829.02,Card,Insufficient Funds,1494,17,4,3,3.14,537.92,0,1
TXN005607,3104.17,Net Banking,Limit Exceeded,843,14,7,1,4.04,543.85,0,1
TXN005608,574.57,Net Banking,Expired Card,857,16,5,2,102.65,1613.49,0,0
TXN005609,977.26,Card,Expired Card,1471,27,3,0,1.1,935.93,1,1
TXN005610,265.92,Card,Network Error,1314,13,4,3,54.17,653.22,1,0
TXN005611,6668.78,UPI,Network Error,791,17,8,3,8.71,4313.07,1,0
TXN005612,3417.71,Card,Limit Exceeded,540,21,6,0,14.09,700.97,0,1
TXN005613,1298.92,Net Banking,Bank Decline,375,24,5,0,0.61,1013.03,0,0
TXN005614,1731.53,UPI,Bank Decline,705,13,3,0,0.1,467.45,0,1
TXN005615,1566.04,Card,Authentication Failed,952,20,6,1,5.05,988.35,1,0
TXN005616,3811.89,Net Banking,Bank Decline,160,22,5,1,20.91,1833.82,0,1
TXN005617,687.51,Net Banking,Network Error,626,19,1,1,21.32,1366.4,0,0
TXN005618,2119.72,UPI,Expired Card,322,18,5,1,15.85,888.1,0,1
TXN005619,2891.92,Card,Authentication Failed,1330,15,7,0,11.2,3735.14,0,1
TXN005620,3274.08,UPI,Bank Decline,1470,20,6,3,4.95,533.29,1,1
TXN005621,143.53,UPI,Bank Decline,817,15,8,0,32.68,1322.4,0,1
TXN005622,639.48,Net Banking,Limit Exceeded,157,16,2,1,15.33,1965.29,0,1
TXN005623,438.23,Net Banking,Limit Exceeded,1436,20,8,0,7.58,1451.2,0,1
TXN005624,1254.67,Card,Limit Exceeded,181,18,2,1,2.89,2076.08,0,1
TXN005625,178.68,UPI,Bank Decline,1085,11,5,0,19.39,972.96,0,1
TXN005626,173.98,Net Banking,Bank Decline,785,19,4,2,3.92,2611.98,0,1
TXN005627,7731.71,Card,Network Error,1341,21,4,4,13.35,1121.15,0,1
TXN005628,1912.03,UPI,Authentication Failed,160,16,7,0,10.28,1406.76,0,1
TXN005629,1222.81,Card,Authentication Failed,507,20,5,0,4.03,574.09,0,0
TXN005630,1521.28,UPI,Insufficient Funds,1220,21,2,0,27.24,1608.43,0,0
TXN005631,1251.01,Card,Bank Decline,512,19,3,0,11.03,598.2,1,1
TXN005632,2690.86,Card,Bank Decline,155,25,3,1,0.46,228.91,0,0
TXN005633,620.67,UPI,Authentication Failed,14,22,4,0,12.6,1532.23,0,1
TXN005634,1297.19,UPI,Expired Card,599,21,5,0,4.16,1633.76,0,0
TXN005635,1345.71,UPI,Bank Decline,597,15,2,1,89.54,2686.4,0,0
TXN005636,427.45,UPI,Insufficient Funds,475,19,1,1,18.77,1242.39,0,1
TXN005637,3460.9,Card,Network Error,327,19,7,0,1.83,1564.12,1,1
TXN005638,734.28,Net Banking,Insufficient Funds,578,15,3,4,12.65,2189.76,1,0
TXN005639,2739.91,UPI,Limit Exceeded,457,18,4,0,9.05,724.74,0,0
TXN005640,1216.12,UPI,Limit Exceeded,134,18,5,0,16.16,515.21,1,0
TXN005641,4770.6,Card,Bank Decline,1317,19,3,0,19.4,958.14,0,0
TXN005642,429.56,Net Banking,Bank Decline,859,16,4,0,10.89,564.86,0,1
TXN005643,413.11,UPI,Authentication Failed,93,17,3,2,18.35,2298.73,0,1
TXN005644,485.35,UPI,Bank Decline,1111,18,6,0,6.11,722.52,0,0
TXN005645,1236.41,Card,Bank Decline,540,12,4,1,0.68,965.98,1,1
TXN005646,4391.04,UPI,Authentication Failed,1282,13,5,0,1.03,2692.07,0,1
TXN005647,4599.87,UPI,Limit Exceeded,196,18,1,0,34.43,2198.29,0,1
TXN005648,137.14,Card,Limit Exceeded,830,13,2,2,7.51,1116.81,0,0
TXN005649,1372.98,Card,Insufficient Funds,385,29,6,0,51.7,1795.34,0,1
TXN005650,60.85,Card,Insufficient Funds,462,21,8,3,11.51,1134.79,0,0
TXN005651,2242.91,Card,Insufficient Funds,1038,16,4,0,33.32,979.0,0,0
TXN005652,2999.95,Card,Bank Decline,324,11,3,0,2.66,2446.79,0,0
TXN005653,1057.62,UPI,Limit Exceeded,340,18,3,0,35.13,1529.36,0,1
TXN005654,1182.73,UPI,Bank Decline,236,18,4,2,50.17,1275.03,0,0
TXN005655,1171.78,UPI,Expired Card,670,14,5,1,55.51,938.45,1,1
TXN005656,541.32,UPI,Bank Decline,514,14,4,0,6.43,585.08,0,1
TXN005657,1617.34,Card,Bank Decline,796,16,3,3,22.84,1055.44,0,1
TXN005658,890.46,Net Banking,Authentication Failed,930,19,5,3,1.16,2195.37,0,0
TXN005659,2533.26,Wallet,Bank Decline,1436,20,3,1,6.15,1881.23,0,0
TXN005660,990.03,Card,Bank Decline,1317,19,4,0,7.22,886.35,0,0
TXN005661,505.26,UPI,Bank Decline,975,14,8,0,22.21,1661.84,1,0
TXN005662,275.26,UPI,Insufficient Funds,766,13,1,0,6.98,595.68,0,1
TXN005663,204.86,Net Banking,Network Error,452,15,3,2,1.23,1128.6,0,0
TXN005664,3573.35,Card,Bank Decline,1373,20,2,0,11.35,2386.69,0,1
TXN005665,726.32,Card,Expired Card,331,18,1,0,6.42,1808.44,1,1
TXN005666,1487.3,Net Banking,Limit Exceeded,883,17,3,0,26.56,4718.92,1,0
TXN005667,5458.38,Card,Network Error,173,18,1,0,13.02,1200.74,0,1
TXN005668,660.82,Net Banking,Insufficient Funds,1326,19,2,2,6.63,3102.29,0,0
TXN005669,623.45,UPI,Network Error,587,17,2,0,1.01,654.7,0,0
TXN005670,973.65,Card,Insufficient Funds,1213,18,4,0,4.42,2366.69,1,1
TXN005671,1126.07,Net Banking,Network Error,845,18,5,0,3.35,578.74,0,0
TXN005672,5995.69,UPI,Expired Card,1116,13,5,1,7.72,1309.56,0,1
TXN005673,4488.34,Card,Insufficient Funds,812,18,3,3,0.68,1983.46,0,1
TXN005674,1917.52,UPI,Limit Exceeded,1179,20,4,0,0.77,250.19,0,0
TXN005675,4041.91,Wallet,Authentication Failed,778,15,5,0,44.33,700.62,0,1
TXN005676,934.12,UPI,Limit Exceeded,934,19,6,0,40.06,926.93,0,1
TXN005677,1435.47,Card,Bank Decline,867,13,2,0,22.28,1530.43,0,1
TXN005678,836.01,UPI,Network Error,962,23,7,1,22.98,946.0,0,0
TXN005679,343.32,Card,Authentication Failed,65,23,3,2,1.47,488.19,0,1
TXN005680,3240.51,UPI,Bank Decline,612,17,5,4,2.88,1468.11,0,0
TXN005681,1769.64,UPI,Limit Exceeded,11,25,5,0,5.92,305.02,1,0
TXN005682,1114.62,Card,Insufficient Funds,89,22,4,2,12.49,3379.63,1,1
TXN005683,1094.2,Net Banking,Insufficient Funds,846,15,6,0,33.9,556.45,1,1
TXN005684,282.71,UPI,Limit Exceeded,1413,20,4,1,74.32,826.12,0,1
TXN005685,454.99,UPI,Limit Exceeded,555,17,3,0,27.17,714.91,0,0
TXN005686,1484.06,Card,Limit Exceeded,1057,13,4,0,2.99,1079.5,1,1
TXN005687,681.16,Card,Authentication Failed,531,25,3,0,41.15,626.5,0,0
TXN005688,901.5,Net Banking,Insufficient Funds,1008,22,1,0,21.21,323.77,0,0
TXN005689,998.06,UPI,Bank Decline,420,20,4,1,1.67,951.6,0,1
TXN005690,593.35,Card,Authentication Failed,721,26,4,4,7.49,514.97,0,1
TXN005691,458.92,UPI,Insufficient Funds,186,23,3,0,29.3,1405.42,1,1
TXN005692,256.95,UPI,Expired Card,1494,17,4,2,37.05,467.81,0,1
TXN005693,961.15,Card,Network Error,789,18,1,1,24.84,434.23,0,0
TXN005694,1913.61,Card,Insufficient Funds,907,30,8,0,11.82,686.36,0,0
TXN005695,249.82,Card,Bank Decline,533,17,4,0,99.6,1610.65,0,0
TXN005696,1073.15,UPI,Network Error,7,11,4,0,0.04,984.52,0,1
TXN005697,1412.38,Card,Authentication Failed,277,7,4,1,2.01,4233.22,0,1
TXN005698,450.06,UPI,Expired Card,490,20,4,0,11.12,3340.2,0,0
TXN005699,3943.91,Wallet,Network Error,962,24,4,1,22.23,2361.29,0,1
TXN005700,774.99,UPI,Network Error,1078,16,3,0,0.49,1156.93,1,1
TXN005701,1001.11,UPI,Bank Decline,700,11,2,2,10.07,1004.91,0,0
TXN005702,948.48,UPI,Insufficient Funds,1213,12,3,0,5.21,3941.64,0,0
TXN005703,222.81,Card,Bank Decline,846,16,4,2,14.79,706.91,1,0
TXN005704,2718.61,UPI,Insufficient Funds,379,11,5,0,6.78,1359.01,0,1
TXN005705,464.07,Net Banking,Insufficient Funds,545,14,4,1,19.09,983.63,0,0
TXN005706,886.37,UPI,Bank Decline,676,17,5,2,2.86,786.74,0,0
TXN005707,1877.87,Net Banking,Bank Decline,578,21,5,0,25.69,1227.29,0,0
TXN005708,4083.92,UPI,Insufficient Funds,72,19,2,0,14.2,1001.96,1,0
TXN005709,414.91,Card,Network Error,58,17,5,3,25.07,2137.07,0,0
TXN005710,733.75,Net Banking,Network Error,476,14,2,0,12.07,480.93,0,0
TXN005711,3805.4,UPI,Insufficient Funds,249,17,2,3,8.6,743.98,1,0
TXN005712,1664.6,Wallet,Authentication Failed,343,19,4,1,4.88,806.12,1,1
TXN005713,2006.31,Card,Insufficient Funds,762,21,1,0,39.03,1661.58,0,0
TXN005714,425.8,Net Banking,Authentication Failed,1151,15,2,1,10.33,1095.45,0,0
TXN005715,779.55,Card,Insufficient Funds,560,14,5,1,11.62,553.17,0,0
TXN005716,942.89,UPI,Authentication Failed,1075,26,6,0,13.48,516.73,1,0
TXN005717,506.69,UPI,Insufficient Funds,58,29,4,2,13.2,2849.84,0,0
TXN005718,242.96,UPI,Limit Exceeded,1181,10,4,0,15.92,1870.15,1,1
TXN005719,692.67,UPI,Bank Decline,419,18,7,0,2.61,411.71,1,1
TXN005720,3710.27,UPI,Limit Exceeded,575,7,7,1,32.29,1274.13,0,1
TXN005721,1156.62,UPI,Bank Decline,1239,18,2,2,7.6,1134.3,0,0
TXN005722,3777.67,Card,Insufficient Funds,14,26,4,1,2.98,2001.59,1,0
TXN005723,1288.35,Net Banking,Limit Exceeded,952,20,4,0,3.39,1072.22,0,0
TXN005724,551.02,UPI,Insufficient Funds,1421,16,5,0,8.07,1693.78,1,1
TXN005725,3462.88,UPI,Authentication Failed,253,20,2,1,5.37,874.2,0,0
TXN005726,1327.55,Card,Insufficient Funds,1425,17,3,0,32.39,590.92,1,1
TXN005727,2606.22,UPI,Network Error,840,16,4,1,38.01,449.81,0,1
TXN005728,419.27,UPI,Expired Card,1369,25,7,0,22.4,1243.89,0,1
TXN005729,2793.03,UPI,Bank Decline,418,29,2,4,30.06,613.07,1,1
TXN005730,2869.81,Net Banking,Insufficient Funds,958,21,5,1,0.24,954.48,0,1
TXN005731,1423.38,Net Banking,Limit Exceeded,1375,16,6,2,1.61,2038.2,1,0
TXN005732,530.47,UPI,Limit Exceeded,849,16,4,0,29.9,1023.57,0,0
TXN005733,1052.15,Card,Authentication Failed,1326,22,1,2,11.43,522.33,0,0
TXN005734,1901.05,Card,Bank Decline,241,19,9,0,50.67,671.77,0,1
TXN005735,1354.4,Card,Network Error,648,18,4,0,34.09,1780.29,1,1
TXN005736,1883.66,Card,Bank Decline,594,18,3,0,7.43,692.25,0,0
TXN005737,2727.17,Card,Bank Decline,1475,15,4,1,6.96,1300.43,0,0
TXN005738,611.8,UPI,Limit Exceeded,239,20,2,1,38.55,2561.31,0,0
TXN005739,387.78,UPI,Bank Decline,748,19,2,0,10.27,585.71,1,1
TXN005740,1060.2,Card,Bank Decline,1003,15,1,0,10.73,2085.9,1,1
TXN005741,815.04,Net Banking,Bank Decline,316,17,3,1,13.77,2163.23,1,0
TXN005742,2224.44,Card,Expired Card,950,29,6,1,26.2,1860.07,0,1
TXN005743,416.94,Net Banking,Authentication Failed,914,20,4,0,8.1,934.94,0,0
TXN005744,2747.22,Wallet,Expired Card,707,20,4,1,9.74,1291.48,1,1
TXN005745,3708.01,UPI,Network Error,484,16,1,3,10.73,1031.37,0,0
TXN005746,1096.93,Card,Limit Exceeded,342,20,2,0,32.78,1086.96,1,1
TXN005747,1158.25,Card,Expired Card,58,23,5,1,9.71,628.0,0,1
TXN005748,549.61,Wallet,Insufficient Funds,552,12,6,2,32.18,382.3,0,1
TXN005749,672.91,Wallet,Insufficient Funds,307,19,3,0,14.52,495.12,1,0
TXN005750,759.38,Card,Insufficient Funds,647,17,2,0,16.5,3024.48,0,1
TXN005751,4018.43,UPI,Bank Decline,1273,16,2,0,18.31,4497.49,0,0
TXN005752,1027.94,Net Banking,Limit Exceeded,362,16,4,2,8.7,6192.74,0,0
TXN005753,333.63,UPI,Bank Decline,826,26,1,1,16.81,965.7,0,1
TXN005754,1379.97,Net Banking,Bank Decline,841,18,2,0,3.53,702.74,0,1
TXN005755,2306.9,Net Banking,Authentication Failed,594,19,5,0,6.85,1436.28,1,0
TXN005756,1071.84,UPI,Limit Exceeded,1472,17,1,0,34.41,727.42,0,1
TXN005757,4114.58,Card,Expired Card,883,22,6,0,8.14,3379.73,1,1
TXN005758,2207.81,Card,Bank Decline,737,24,6,4,8.87,1172.43,1,0
TXN005759,426.57,Card,Insufficient Funds,1149,20,3,0,41.4,1559.23,0,0
TXN005760,667.61,UPI,Insufficient Funds,1439,22,5,0,7.5,407.96,1,0
TXN005761,1344.27,Card,Insufficient Funds,1401,23,7,3,18.81,1961.96,1,1
TXN005762,244.8,Net Banking,Bank Decline,743,20,7,0,52.17,503.79,0,1
TXN005763,1484.33,Net Banking,Network Error,1103,17,4,2,114.11,2128.37,1,0
TXN005764,224.66,UPI,Insufficient Funds,1479,29,3,2,13.85,590.27,1,1
TXN005765,2754.77,Net Banking,Insufficient Funds,830,21,4,0,16.95,543.52,1,0
TXN005766,2481.32,Card,Insufficient Funds,162,23,5,0,10.26,1476.88,0,0
TXN005767,1727.28,UPI,Expired Card,777,17,3,3,24.95,1025.43,1,1
TXN005768,596.88,UPI,Network Error,940,18,1,1,22.88,403.17,1,0
TXN005769,1278.17,UPI,Network Error,582,20,4,2,8.62,642.93,0,1
TXN005770,690.88,Net Banking,Bank Decline,1340,24,4,2,1.04,1503.91,0,1
TXN005771,433.66,Card,Bank Decline,1066,9,3,1,17.71,714.28,1,1
TXN005772,808.46,Card,Insufficient Funds,254,19,3,0,0.62,858.79,0,1
TXN005773,2055.84,UPI,Bank Decline,1458,20,2,1,18.31,998.42,1,0
TXN005774,1140.74,Card,Authentication Failed,1074,22,3,0,30.31,632.44,0,1
TXN005775,4046.63,UPI,Authentication Failed,459,14,5,0,15.46,682.48,0,0
TXN005776,2184.63,UPI,Expired Card,1149,22,2,0,7.29,585.16,1,1
TXN005777,1983.9,Card,Authentication Failed,1379,22,4,0,12.6,2850.35,1,1
TXN005778,257.74,UPI,Expired Card,699,10,3,0,8.01,2194.29,0,0
TXN005779,848.4,Net Banking,Insufficient Funds,915,20,4,0,2.11,1040.75,0,0
TXN005780,420.76,UPI,Authentication Failed,946,17,5,0,6.87,940.34,1,1
TXN005781,930.1,Card,Insufficient Funds,1418,22,5,0,12.03,1931.59,0,1
TXN005782,587.6,UPI,Expired Card,1100,17,6,0,7.54,887.2,0,0
TXN005783,780.67,Card,Bank Decline,953,18,2,0,0.42,296.88,0,1
TXN005784,2849.92,UPI,Bank Decline,460,20,3,3,1.75,725.9,1,1
TXN005785,1681.98,UPI,Expired Card,273,19,2,0,2.36,1377.87,0,1
TXN005786,2714.61,Net Banking,Bank Decline,737,19,2,1,9.65,884.2,0,1
TXN005787,259.66,UPI,Bank Decline,1468,13,3,0,0.64,1315.1,0,1
TXN005788,1155.37,Net Banking,Bank Decline,372,8,3,2,11.72,1421.58,0,0
TXN005789,2617.66,Wallet,Bank Decline,1217,15,4,1,1.15,3520.56,1,0
TXN005790,4254.22,UPI,Authentication Failed,1257,16,2,2,43.68,1063.84,0,0
TXN005791,272.25,UPI,Limit Exceeded,67,12,2,0,91.13,2822.76,0,1
TXN005792,799.24,Card,Bank Decline,174,22,3,0,8.6,1604.64,1,0
TXN005793,2781.66,Wallet,Insufficient Funds,138,20,4,0,27.4,851.93,0,0
TXN005794,922.37,Net Banking,Limit Exceeded,161,17,1,1,40.57,3575.18,0,1
TXN005795,483.29,Card,Insufficient Funds,790,15,3,1,33.61,4378.75,0,0
TXN005796,271.78,Net Banking,Insufficient Funds,728,22,7,4,14.67,858.34,0,1
TXN005797,466.92,UPI,Bank Decline,13,14,1,3,10.87,1001.06,0,1
TXN005798,239.84,Wallet,Authentication Failed,529,15,3,3,7.07,2235.14,0,1
TXN005799,1155.88,Wallet,Insufficient Funds,257,23,3,1,1.64,2124.24,0,1
TXN005800,2456.96,UPI,Insufficient Funds,698,17,2,0,63.37,868.36,1,1
TXN005801,352.53,UPI,Network Error,1292,18,5,3,1.13,1494.18,1,1
TXN005802,1382.93,UPI,Bank Decline,126,18,4,2,3.73,937.98,0,1
TXN005803,2346.65,UPI,Network Error,54,20,8,0,12.74,271.5,0,1
TXN005804,1093.96,Net Banking,Bank Decline,1099,14,2,1,1.57,1646.13,0,1
TXN005805,257.33,UPI,Bank Decline,1292,18,4,0,21.99,2131.64,1,1
TXN005806,1552.45,UPI,Insufficient Funds,748,20,3,0,0.22,254.54,0,1
TXN005807,1044.0,UPI,Insufficient Funds,1475,16,3,2,34.18,2226.28,1,0
TXN005808,952.55,Wallet,Limit Exceeded,1261,19,3,4,45.51,693.05,0,0
TXN005809,670.38,Card,Authentication Failed,230,10,6,1,20.44,870.12,0,0
TXN005810,1185.72,UPI,Bank Decline,463,21,3,0,18.14,657.33,1,0
TXN005811,1735.13,UPI,Insufficient Funds,725,20,4,2,16.11,2142.69,1,0
TXN005812,9429.36,Wallet,Insufficient Funds,859,16,4,2,1.36,1124.53,1,1
TXN005813,1213.3,Net Banking,Network Error,1396,24,6,1,7.45,305.23,0,1
TXN005814,4272.81,UPI,Expired Card,955,20,3,1,17.98,844.5,0,0
TXN005815,1513.2,UPI,Bank Decline,34,15,3,3,4.27,1768.68,0,0
TXN005816,1002.67,UPI,Expired Card,883,21,3,1,0.08,1902.22,0,0
TXN005817,1253.5,UPI,Expired Card,907,17,9,0,13.62,977.61,1,1
TXN005818,365.2,Card,Authentication Failed,855,23,2,4,7.87,969.86,0,0
TXN005819,1444.15,Net Banking,Insufficient Funds,107,17,5,1,4.75,2323.66,0,0
TXN005820,182.57,Card,Insufficient Funds,64,17,2,1,29.66,1114.84,1,0
TXN005821,504.52,Net Banking,Insufficient Funds,1054,20,5,0,21.82,1898.33,1,1
TXN005822,1210.58,Card,Authentication Failed,421,22,6,0,18.78,443.99,1,0
TXN005823,3211.79,Card,Limit Exceeded,1257,10,6,4,62.62,855.95,0,0
TXN005824,3974.13,Card,Network Error,1199,20,2,2,19.13,1056.53,0,0
TXN005825,886.35,UPI,Insufficient Funds,1276,20,4,0,23.56,4614.08,0,1
TXN005826,1261.61,UPI,Bank Decline,369,19,5,2,5.37,799.65,0,1
TXN005827,2659.59,Card,Bank Decline,1495,17,5,0,25.91,840.23,0,0
TXN005828,331.44,UPI,Network Error,1460,22,2,0,14.23,1736.19,0,1
TXN005829,1578.57,UPI,Bank Decline,427,17,1,1,15.03,1757.0,0,1
TXN005830,520.56,Card,Insufficient Funds,27,23,5,3,2.71,1212.06,0,1
TXN005831,939.51,Wallet,Limit Exceeded,642,14,2,0,23.91,1857.39,0,0
TXN005832,725.51,Card,Bank Decline,1399,8,3,0,19.76,1251.21,1,1
TXN005833,1622.66,Net Banking,Bank Decline,470,15,3,2,2.93,3324.01,0,0
TXN005834,1799.52,Card,Insufficient Funds,103,17,2,4,3.56,2791.32,0,0
TXN005835,2445.42,Net Banking,Limit Exceeded,1383,14,3,2,35.82,2053.25,0,0
TXN005836,1500.24,Card,Network Error,1125,19,6,2,17.36,1895.43,0,0
TXN005837,1279.84,Net Banking,Authentication Failed,30,17,8,1,2.98,4589.36,0,1
TXN005838,5817.47,UPI,Network Error,386,19,4,0,4.37,1186.8,1,1
TXN005839,278.13,Card,Authentication Failed,402,14,5,0,11.38,633.93,0,1
TXN005840,5044.48,Card,Authentication Failed,1434,15,6,0,41.67,1501.44,1,1
TXN005841,844.85,UPI,Network Error,1163,21,1,0,12.65,1660.43,1,0
TXN005842,1833.17,UPI,Authentication Failed,60,21,7,4,3.59,892.01,0,0
TXN005843,818.04,UPI,Bank Decline,1322,12,5,1,33.89,1706.79,0,0
TXN005844,582.72,UPI,Bank Decline,1020,21,3,2,9.72,474.96,1,0
TXN005845,1696.16,Net Banking,Insufficient Funds,1142,10,3,0,21.37,1199.24,1,1
TXN005846,2801.51,UPI,Network Error,428,21,6,0,2.6,5941.43,0,0
TXN005847,1678.59,UPI,Expired Card,137,18,5,2,26.09,1913.19,1,0
TXN005848,673.24,Card,Limit Exceeded,426,17,9,0,45.11,1828.84,0,0
TXN005849,28288.62,UPI,Insufficient Funds,1308,17,3,0,31.17,541.0,0,1
TXN005850,3225.09,Card,Bank Decline,782,11,7,1,0.56,414.6,1,1
TXN005851,2540.23,UPI,Insufficient Funds,781,15,3,1,15.93,716.66,0,1
TXN005852,798.18,Wallet,Expired Card,1098,15,6,0,15.52,2268.52,1,0
TXN005853,624.75,Net Banking,Insufficient Funds,1433,16,7,2,30.48,2388.79,1,0
TXN005854,852.48,Net Banking,Authentication Failed,881,15,2,1,93.48,2525.79,1,0
TXN005855,2902.32,UPI,Bank Decline,181,28,3,1,48.36,4010.76,1,1
TXN005856,449.64,Card,Bank Decline,1310,27,7,0,1.95,2226.39,0,0
TXN005857,419.31,UPI,Authentication Failed,470,8,2,0,25.74,765.49,0,1
TXN005858,1782.18,UPI,Bank Decline,396,19,3,0,47.37,827.04,0,0
TXN005859,1461.59,UPI,Insufficient Funds,754,15,3,0,9.42,993.81,0,1
TXN005860,548.24,Card,Network Error,142,21,6,4,47.76,279.29,0,1
TXN005861,410.72,Card,Insufficient Funds,415,19,2,1,42.22,473.52,0,0
TXN005862,4000.23,Card,Authentication Failed,230,17,2,0,18.4,1195.08,1,1
TXN005863,1512.17,UPI,Network Error,607,23,4,0,42.85,751.85,0,0
TXN005864,321.44,Card,Bank Decline,976,19,2,1,24.24,1323.34,0,1
TXN005865,342.32,Card,Network Error,625,16,4,2,17.72,1038.27,0,0
TXN005866,792.06,Card,Insufficient Funds,1218,15,3,0,6.75,1995.61,0,0
TXN005867,2120.82,Card,Limit Exceeded,884,27,2,1,14.71,2468.55,1,0
TXN005868,1873.4,UPI,Authentication Failed,1417,17,3,0,20.54,1031.95,1,1
TXN005869,3036.65,Net Banking,Authentication Failed,15,18,2,1,13.25,548.71,1,1
TXN005870,286.77,Card,Bank Decline,1210,19,6,1,12.52,1632.05,1,1
TXN005871,1341.39,UPI,Bank Decline,1474,23,2,2,40.52,3054.17,1,1
TXN005872,3957.31,UPI,Insufficient Funds,600,23,2,0,75.32,693.45,0,0
TXN005873,3639.21,Card,Expired Card,612,24,5,0,22.7,809.59,1,0
TXN005874,1514.77,Net Banking,Network Error,1476,17,6,4,7.56,610.6,0,1
TXN005875,9074.44,UPI,Bank Decline,122,16,6,0,40.77,625.85,0,1
TXN005876,1897.62,UPI,Authentication Failed,251,23,2,1,31.14,348.86,1,1
TXN005877,2803.07,Net Banking,Insufficient Funds,1313,17,4,2,24.31,1169.58,1,0
TXN005878,1141.39,Card,Insufficient Funds,1243,16,3,2,8.89,2485.72,0,1
TXN005879,543.01,Card,Insufficient Funds,457,10,3,1,16.62,2666.31,0,0
TXN005880,498.85,Card,Bank Decline,1055,16,4,0,8.81,766.68,0,0
TXN005881,1291.36,UPI,Insufficient Funds,239,14,6,0,3.42,1624.39,0,1
TXN005882,906.55,Card,Network Error,1318,16,6,1,27.0,477.68,0,1
TXN005883,223.25,UPI,Bank Decline,691,21,4,1,21.65,1361.12,0,0
TXN005884,435.63,Wallet,Insufficient Funds,190,24,5,1,6.47,169.12,0,0
TXN005885,823.4,Card,Limit Exceeded,257,17,4,3,12.86,1366.79,0,1
TXN005886,2110.23,Card,Insufficient Funds,297,13,4,0,16.33,919.49,0,1
TXN005887,1080.88,Card,Expired Card,955,17,3,3,29.49,647.01,0,1
TXN005888,1027.77,Net Banking,Bank Decline,804,14,3,0,0.52,3273.87,0,1
TXN005889,451.14,Net Banking,Network Error,1389,15,4,0,37.01,774.32,1,0
TXN005890,1119.74,Card,Authentication Failed,630,18,5,0,8.64,987.29,0,1
TXN005891,3594.61,Card,Insufficient Funds,311,19,3,0,13.3,451.32,1,1
TXN005892,1261.45,Card,Network Error,356,25,4,1,11.27,778.45,0,1
TXN005893,282.43,Card,Authentication Failed,1369,15,4,1,28.0,797.53,1,0
TXN005894,355.54,UPI,Network Error,485,23,3,0,19.53,1872.52,1,1
TXN005895,1862.94,Card,Bank Decline,1495,16,3,1,24.66,3580.41,0,1
TXN005896,896.16,UPI,Bank Decline,1022,20,4,0,63.72,2113.26,0,1
TXN005897,1025.44,Net Banking,Expired Card,136,17,4,0,27.14,2995.94,0,0
TXN005898,631.78,UPI,Authentication Failed,193,13,1,0,23.91,2785.45,1,0
TXN005899,1725.15,Wallet,Insufficient Funds,1451,20,4,0,2.63,909.69,0,1
TXN005900,836.46,Card,Insufficient Funds,676,21,4,1,7.82,2783.77,0,0
TXN005901,927.09,Card,Bank Decline,241,15,4,2,16.24,1083.63,0,0
TXN005902,509.74,Card,Bank Decline,284,25,2,0,6.31,495.74,1,0
TXN005903,2513.73,UPI,Bank Decline,1132,19,2,0,19.1,915.3,0,1
TXN005904,898.73,UPI,Bank Decline,1489,22,7,1,5.48,783.71,0,1
TXN005905,1895.22,UPI,Insufficient Funds,793,15,5,3,6.88,2033.01,0,1
TXN005906,374.57,Card,Insufficient Funds,841,11,2,0,0.61,848.39,1,1
TXN005907,5221.26,Card,Authentication Failed,1262,17,2,0,4.74,1519.36,0,0
TXN005908,3462.12,Net Banking,Insufficient Funds,280,22,3,0,12.9,1394.55,0,0
TXN005909,196.6,UPI,Insufficient Funds,371,15,7,0,18.11,1107.91,0,1
TXN005910,532.86,UPI,Bank Decline,474,16,0,1,10.48,1181.82,0,1
TXN005911,1685.59,UPI,Authentication Failed,657,16,0,1,7.49,1090.79,0,1
TXN005912,334.37,Net Banking,Limit Exceeded,832,18,5,0,14.98,512.3,0,0
TXN005913,974.15,Card,Limit Exceeded,1304,16,3,0,1.17,814.7,0,1
TXN005914,1609.97,UPI,Insufficient Funds,1358,23,5,0,5.74,1834.25,1,1
TXN005915,928.66,Card,Limit Exceeded,867,19,5,1,8.78,517.83,1,1
TXN005916,1781.04,UPI,Bank Decline,190,21,3,1,11.77,1295.09,0,1
TXN005917,587.57,Wallet,Bank Decline,924,24,1,0,29.64,1354.96,1,0
TXN005918,145.51,Card,Network Error,1224,16,4,2,25.2,537.36,0,1
TXN005919,2654.21,UPI,Limit Exceeded,278,23,3,3,11.51,2174.21,0,0
TXN005920,2639.21,Card,Limit Exceeded,1330,19,6,1,12.2,1705.27,0,1
TXN005921,10438.68,UPI,Authentication Failed,202,23,0,3,21.81,627.42,1,1
TXN005922,150.44,Wallet,Authentication Failed,788,14,2,1,12.54,651.68,0,1
TXN005923,2155.44,UPI,Bank Decline,911,18,6,0,2.55,1310.13,0,0
TXN005924,186.45,Card,Bank Decline,337,24,6,0,11.14,294.06,1,0
TXN005925,5328.6,UPI,Insufficient Funds,626,18,7,1,16.6,793.04,1,0
TXN005926,1701.18,Card,Authentication Failed,505,23,8,0,15.87,908.66,1,0
TXN005927,465.57,Net Banking,Insufficient Funds,1430,19,0,0,2.46,1019.25,1,1
TXN005928,2213.21,Card,Authentication Failed,1427,23,5,0,63.36,2015.14,0,0
TXN005929,666.65,Card,Bank Decline,1130,21,3,0,8.25,922.1,0,1
TXN005930,1437.09,Net Banking,Bank Decline,87,9,4,3,79.42,1498.55,0,1
TXN005931,1319.97,UPI,Insufficient Funds,867,15,5,1,30.67,1046.51,0,0
TXN005932,5269.82,UPI,Bank Decline,1024,18,5,0,4.96,969.68,1,1
TXN005933,5616.33,UPI,Authentication Failed,1047,8,5,0,45.07,998.47,0,0
TXN005934,640.64,Wallet,Insufficient Funds,1242,27,3,0,4.74,602.37,0,1
TXN005935,2842.09,UPI,Bank Decline,132,13,3,2,2.67,707.01,0,1
TXN005936,1509.23,Card,Insufficient Funds,136,22,5,2,9.91,1170.14,0,1
TXN005937,307.53,Card,Bank Decline,220,19,3,2,2.74,1094.93,1,0
TXN005938,586.04,UPI,Insufficient Funds,1159,20,3,0,0.88,1444.55,1,1
TXN005939,8977.99,UPI,Bank Decline,1492,17,3,4,7.07,479.67,0,1
TXN005940,1513.33,UPI,Authentication Failed,976,18,4,2,6.32,1881.12,1,0
TXN005941,2696.75,UPI,Bank Decline,1087,15,2,1,46.31,780.78,0,0
TXN005942,906.11,UPI,Bank Decline,604,20,5,1,9.91,5458.96,1,1
TXN005943,674.55,UPI,Network Error,1304,13,1,0,84.18,855.22,0,0
TXN005944,1123.88,Net Banking,Insufficient Funds,621,21,3,1,2.36,1498.09,0,0
TXN005945,863.08,Wallet,Bank Decline,1369,17,9,0,13.65,886.35,0,1
TXN005946,286.02,UPI,Network Error,1173,19,4,1,22.9,418.6,1,1
TXN005947,444.53,UPI,Bank Decline,429,14,2,0,6.66,432.43,1,0
TXN005948,2073.71,UPI,Expired Card,340,23,1,3,2.84,658.74,1,1
TXN005949,778.51,Card,Network Error,694,20,4,4,17.17,600.61,0,0
TXN005950,1122.3,Net Banking,Limit Exceeded,1163,15,4,0,15.7,714.39,0,1
TXN005951,1354.83,UPI,Authentication Failed,270,8,0,2,7.36,1170.65,0,1
TXN005952,1453.52,UPI,Insufficient Funds,153,16,4,0,5.4,862.08,1,1
TXN005953,3077.65,Net Banking,Bank Decline,1466,16,6,0,34.33,881.0,0,0
TXN005954,407.96,Card,Bank Decline,18,19,2,0,54.71,2069.58,1,1
TXN005955,1832.12,UPI,Insufficient Funds,61,17,5,1,21.66,3155.75,1,1
TXN005956,2163.59,Card,Limit Exceeded,236,17,6,3,12.51,2635.64,0,0
TXN005957,2663.15,UPI,Limit Exceeded,1152,14,1,0,1.73,906.93,0,0
TXN005958,307.47,UPI,Network Error,867,16,2,0,2.0,846.27,1,0
TXN005959,1379.31,Card,Network Error,1263,13,6,0,11.12,917.86,0,0
TXN005960,5138.25,Net Banking,Insufficient Funds,168,16,7,0,41.57,959.71,1,0
TXN005961,1003.04,UPI,Network Error,809,24,4,1,26.54,799.37,0,1
TXN005962,1694.5,Net Banking,Limit Exceeded,185,18,8,1,21.24,4112.09,1,0
TXN005963,2213.56,UPI,Network Error,1392,26,1,0,5.4,2046.3,0,1
TXN005964,435.75,Net Banking,Bank Decline,1238,16,9,2,2.67,883.33,0,1
TXN005965,5712.67,Card,Expired Card,911,19,1,1,40.64,1086.41,1,1
TXN005966,1719.09,Net Banking,Bank Decline,558,26,7,0,3.73,1687.24,1,1
TXN005967,1750.32,Net Banking,Network Error,732,25,4,0,4.78,593.29,0,1
TXN005968,245.72,UPI,Network Error,1462,20,6,4,26.06,2181.5,0,1
TXN005969,2241.93,Net Banking,Bank Decline,1486,17,4,1,27.19,1050.15,0,1
TXN005970,1729.81,Net Banking,Expired Card,1184,17,1,1,20.87,891.4,0,0
TXN005971,4730.43,Net Banking,Authentication Failed,1368,14,5,0,2.82,223.72,0,1
TXN005972,828.7,UPI,Insufficient Funds,299,19,5,1,3.73,836.38,0,1
TXN005973,450.84,Net Banking,Authentication Failed,442,20,3,0,32.52,1725.67,1,1
TXN005974,593.47,Net Banking,Network Error,402,12,5,0,6.97,825.63,0,0
TXN005975,696.12,UPI,Expired Card,172,21,2,2,14.57,2859.53,0,1
TXN005976,400.63,Wallet,Authentication Failed,1000,11,5,0,29.65,1129.19,1,1
TXN005977,3502.19,UPI,Bank Decline,1482,20,3,2,5.93,482.64,1,0
TXN005978,3622.53,UPI,Limit Exceeded,790,19,6,0,3.48,555.58,0,0
TXN005979,919.46,Card,Insufficient Funds,963,20,2,0,7.88,619.56,1,1
TXN005980,770.1,Card,Insufficient Funds,407,18,5,2,13.32,2465.8,0,0
TXN005981,214.02,Card,Expired Card,121,20,5,2,10.44,1429.36,0,0
TXN005982,2051.58,UPI,Authentication Failed,357,19,2,1,5.83,5208.34,0,1
TXN005983,4856.61,Wallet,Authentication Failed,1290,11,3,3,9.18,836.89,0,1
TXN005984,618.02,UPI,Expired Card,824,19,4,1,24.92,1187.17,0,0
TXN005985,987.22,UPI,Network Error,882,20,5,1,14.67,466.79,1,1
TXN005986,1621.1,UPI,Bank Decline,1256,19,5,0,6.72,2016.86,0,1
TXN005987,5176.98,Card,Authentication Failed,620,17,8,1,12.74,2982.67,0,0
TXN005988,1312.64,Net Banking,Bank Decline,137,24,2,2,26.09,339.1,1,1
TXN005989,1307.52,Card,Limit Exceeded,270,17,4,1,6.24,591.82,1,0
TXN005990,1288.7,Net Banking,Network Error,840,29,5,2,3.7,729.42,1,1
TXN005991,304.13,UPI,Network Error,187,21,3,0,14.4,1483.17,0,0
TXN005992,298.24,Card,Bank Decline,355,8,7,0,11.77,717.09,0,0
TXN005993,529.96,Card,Authentication Failed,477,15,4,0,16.02,263.81,0,0
TXN005994,2728.76,Card,Network Error,167,18,7,2,2.11,1684.21,1,0
TXN005995,810.93,UPI,Authentication Failed,120,24,5,2,4.44,838.34,1,1
TXN005996,680.86,Card,Insufficient Funds,24,22,2,0,1.16,1082.3,0,1
TXN005997,670.18,Card,Network Error,1134,18,5,0,32.67,2116.66,1,0
TXN005998,968.85,Card,Expired Card,1216,24,0,3,9.1,3122.47,1,1
TXN005999,5074.06,Card,Limit Exceeded,1372,13,5,0,40.28,1416.88,0,1
TXN006000,957.11,UPI,Authentication Failed,1492,25,4,0,52.4,1055.17,1,0
TXN006001,540.41,Card,Insufficient Funds,149,14,3,1,1.09,1337.41,0,1
TXN006002,1121.84,UPI,Insufficient Funds,661,15,6,0,10.37,496.44,0,0
TXN006003,5321.84,Net Banking,Network Error,970,18,4,1,10.36,590.66,1,0
TXN006004,697.47,Card,Insufficient Funds,459,23,4,0,18.81,1202.87,1,1
TXN006005,378.83,UPI,Authentication Failed,457,13,1,3,1.33,728.19,1,0
TXN006006,698.62,Wallet,Bank Decline,68,12,1,0,49.12,1071.1,0,0
TXN006007,1231.38,Card,Network Error,602,24,0,2,27.7,896.14,1,0
TXN006008,2037.37,UPI,Insufficient Funds,946,12,2,1,0.42,1062.65,0,0
TXN006009,2714.04,Card,Network Error,1306,27,5,1,3.75,1007.01,0,1
TXN006010,427.88,UPI,Bank Decline,1325,18,3,0,31.34,510.93,0,1
TXN006011,466.02,Net Banking,Insufficient Funds,1159,11,2,3,4.55,1127.31,1,0
TXN006012,819.8,Net Banking,Bank Decline,370,9,1,2,8.25,3270.2,0,0
TXN006013,2030.51,Wallet,Bank Decline,1097,24,3,0,18.99,247.92,0,0
TXN006014,352.83,Card,Authentication Failed,53,16,4,1,1.3,1605.65,0,1
TXN006015,634.86,Card,Insufficient Funds,975,21,3,0,20.22,2383.4,0,1
TXN006016,643.25,Card,Network Error,1404,16,4,0,5.67,1411.97,0,0
TXN006017,2559.52,UPI,Authentication Failed,828,22,4,1,3.39,803.88,1,0
TXN006018,1764.17,Card,Limit Exceeded,666,16,6,0,1.87,1343.29,1,0
TXN006019,2473.39,Card,Authentication Failed,768,13,2,0,3.06,1092.42,0,1
TXN006020,3658.51,UPI,Authentication Failed,1167,16,5,2,14.46,510.12,0,0
TXN006021,832.9,UPI,Network Error,1125,19,3,0,49.93,651.76,1,1
TXN006022,376.66,Net Banking,Expired Card,244,9,3,4,20.59,1401.61,0,0
TXN006023,378.85,Net Banking,Insufficient Funds,802,14,2,0,10.78,2831.78,0,0
TXN006024,209.71,UPI,Bank Decline,41,12,5,3,62.63,341.73,1,0
TXN006025,725.68,UPI,Limit Exceeded,1326,16,3,1,4.94,1656.79,0,1
TXN006026,776.04,UPI,Network Error,876,14,4,0,31.5,589.24,0,1
TXN006027,2227.86,Net Banking,Expired Card,498,22,2,0,3.18,488.22,0,0
TXN006028,1113.45,UPI,Limit Exceeded,264,14,3,3,4.56,619.53,0,0
TXN006029,705.36,Card,Bank Decline,393,22,1,0,11.87,1260.09,1,1
TXN006030,987.92,UPI,Authentication Failed,276,15,5,1,1.95,792.32,0,1
TXN006031,430.49,Card,Bank Decline,873,20,4,3,6.18,864.97,0,1
TXN006032,2759.67,UPI,Insufficient Funds,1354,17,2,0,19.97,919.47,0,1
TXN006033,540.6,Net Banking,Authentication Failed,1077,14,3,0,11.19,2209.95,0,0
TXN006034,393.1,UPI,Bank Decline,612,20,3,0,14.93,601.85,0,1
TXN006035,2289.51,Card,Limit Exceeded,700,20,6,0,0.95,2659.62,1,0
TXN006036,1838.58,UPI,Network Error,960,18,4,1,5.19,3622.32,0,0
TXN006037,232.45,Card,Bank Decline,417,20,2,0,26.19,1033.55,0,0
TXN006038,2367.29,Net Banking,Limit Exceeded,851,23,0,0,15.35,1170.58,1,1
TXN006039,562.6,UPI,Network Error,131,13,4,1,0.02,2795.58,0,1
TXN006040,783.14,Net Banking,Bank Decline,218,14,5,4,16.57,1376.61,0,0
TXN006041,1297.66,Card,Insufficient Funds,1399,16,5,1,2.57,1748.37,0,1
TXN006042,1859.31,UPI,Authentication Failed,951,20,2,0,2.55,2392.41,0,1
TXN006043,1637.51,Card,Insufficient Funds,926,6,3,0,47.65,1042.51,0,1
TXN006044,1048.55,UPI,Authentication Failed,1296,23,4,1,62.09,1524.39,0,0
TXN006045,748.31,Card,Bank Decline,141,26,3,0,13.49,642.14,0,1
TXN006046,1589.22,Card,Expired Card,791,26,3,1,16.11,1371.5,1,1
TXN006047,985.8,UPI,Authentication Failed,796,16,4,3,9.41,635.29,0,1
TXN006048,5568.15,Card,Insufficient Funds,321,18,9,0,38.67,892.26,0,1
TXN006049,1858.95,Net Banking,Network Error,306,18,3,1,13.31,2080.8,0,0
TXN006050,477.67,Net Banking,Limit Exceeded,1328,18,4,1,47.28,1228.6,0,1
TXN006051,713.48,Card,Limit Exceeded,285,23,6,1,4.52,2688.16,0,1
TXN006052,1145.24,Wallet,Network Error,380,16,4,1,1.79,572.56,1,1
TXN006053,3531.54,Card,Network Error,732,19,2,0,78.75,1388.46,1,1
TXN006054,3904.93,UPI,Limit Exceeded,68,22,4,0,12.24,387.2,0,0
TXN006055,767.76,Net Banking,Limit Exceeded,885,23,7,0,17.16,447.31,1,1
TXN006056,473.3,Card,Limit Exceeded,1084,17,4,0,7.55,1808.94,0,0
TXN006057,421.85,Card,Bank Decline,344,24,2,2,2.58,822.13,0,0
TXN006058,1376.34,Card,Authentication Failed,1405,13,4,1,33.1,1309.47,0,0
TXN006059,8720.27,Net Banking,Bank Decline,883,15,1,0,2.81,2353.76,0,1
TXN006060,1781.45,Net Banking,Insufficient Funds,480,18,2,0,12.56,1530.51,0,1
TXN006061,261.25,UPI,Bank Decline,118,18,2,1,32.0,2300.17,0,1
TXN006062,570.55,UPI,Insufficient Funds,996,19,6,3,19.44,1791.93,1,0
TXN006063,625.45,Card,Insufficient Funds,1299,17,3,2,20.21,2713.66,0,1
TXN006064,523.32,Card,Bank Decline,330,18,4,1,4.72,886.56,0,1
TXN006065,773.48,UPI,Insufficient Funds,625,18,2,0,13.43,2180.04,1,1
TXN006066,1529.13,Net Banking,Expired Card,801,18,4,2,0.77,617.67,1,1
TXN006067,2025.93,Card,Insufficient Funds,889,30,3,3,1.12,1255.55,0,1
TXN006068,2929.5,UPI,Insufficient Funds,754,18,2,3,23.11,755.35,0,1
TXN006069,1757.74,UPI,Insufficient Funds,1115,15,4,1,27.76,1044.51,0,0
TXN006070,188.91,UPI,Insufficient Funds,378,9,7,2,2.7,1842.88,0,0
TXN006071,423.45,Net Banking,Bank Decline,1105,9,2,2,54.32,1164.57,1,1
TXN006072,951.19,UPI,Network Error,602,11,5,1,2.52,972.26,1,1
TXN006073,1252.07,UPI,Authentication Failed,514,21,3,4,9.81,899.69,1,0
TXN006074,2381.0,Card,Authentication Failed,234,27,6,0,3.94,1907.61,0,1
TXN006075,1140.09,UPI,Authentication Failed,601,19,6,1,1.87,419.97,0,0
TXN006076,1147.84,UPI,Insufficient Funds,1424,14,1,0,60.78,531.69,1,1
TXN006077,1358.34,UPI,Bank Decline,21,17,3,1,10.4,891.27,0,0
TXN006078,871.73,Card,Insufficient Funds,1011,19,5,2,7.22,719.59,1,0
TXN006079,1185.83,Card,Limit Exceeded,819,15,4,0,7.16,340.23,1,1
TXN006080,3020.72,UPI,Insufficient Funds,187,21,2,2,4.21,371.42,0,1
TXN006081,1016.87,Card,Network Error,344,17,5,2,62.46,1303.64,1,0
TXN006082,1067.22,Wallet,Bank Decline,1293,21,5,1,12.08,438.84,0,1
TXN006083,1063.98,UPI,Bank Decline,932,18,2,3,13.6,257.66,0,1
TXN006084,3526.27,UPI,Authentication Failed,84,15,5,0,22.32,1801.57,0,0
TXN006085,404.54,UPI,Limit Exceeded,235,14,8,0,9.43,513.15,1,1
TXN006086,5422.23,Card,Limit Exceeded,1060,19,4,1,5.9,2067.98,0,1
TXN006087,380.41,Card,Network Error,380,21,4,3,6.24,1187.01,0,0
TXN006088,608.62,UPI,Authentication Failed,161,16,4,1,7.71,1282.9,0,0
TXN006089,2143.65,Card,Expired Card,823,13,6,2,15.47,2124.26,0,1
TXN006090,2771.89,UPI,Authentication Failed,1215,13,4,2,31.97,988.84,0,1
TXN006091,310.09,UPI,Bank Decline,454,18,3,0,5.0,1463.92,0,0
TXN006092,410.17,Net Banking,Network Error,875,15,0,0,15.79,598.81,0,1
TXN006093,1408.19,UPI,Expired Card,453,21,1,1,25.0,1420.96,0,1
TXN006094,9045.09,Card,Bank Decline,438,19,2,2,93.77,356.72,0,0
TXN006095,3366.53,UPI,Authentication Failed,773,23,1,0,42.89,1657.89,0,0
TXN006096,877.18,Card,Authentication Failed,1199,20,6,3,18.76,369.33,1,0
TXN006097,124.31,UPI,Network Error,1111,15,4,0,52.85,3745.32,1,0
TXN006098,1180.25,Net Banking,Bank Decline,804,15,10,0,50.54,389.43,0,1
TXN006099,1519.39,UPI,Network Error,1240,21,2,0,0.82,692.54,1,0
TXN006100,777.1,Net Banking,Authentication Failed,1289,28,3,0,18.94,1957.07,0,1
TXN006101,509.97,UPI,Expired Card,994,18,7,1,18.96,2484.57,0,0
TXN006102,1265.53,Card,Insufficient Funds,555,13,5,1,20.32,2023.37,0,1
TXN006103,469.64,UPI,Network Error,1316,17,4,0,50.21,1815.57,1,1
TXN006104,5914.75,Net Banking,Insufficient Funds,1084,24,2,0,6.09,1479.3,1,0
TXN006105,4294.41,UPI,Limit Exceeded,475,10,2,1,4.85,895.23,0,0
TXN006106,1982.51,UPI,Bank Decline,375,18,4,0,11.76,1402.46,0,0
TXN006107,1188.85,Card,Network Error,860,20,3,1,6.52,881.9,1,1
TXN006108,605.38,UPI,Limit Exceeded,1130,19,5,0,6.93,1136.56,0,0
TXN006109,1076.31,UPI,Insufficient Funds,990,13,2,1,5.13,986.83,0,1
TXN006110,4795.18,Net Banking,Insufficient Funds,731,12,6,0,20.02,642.2,0,1
TXN006111,2396.56,Wallet,Bank Decline,988,20,3,1,23.85,1024.69,0,1
TXN006112,1317.28,UPI,Bank Decline,604,25,4,2,1.88,894.93,0,1
TXN006113,2518.9,Net Banking,Bank Decline,1477,19,4,1,28.87,2262.63,0,0
TXN006114,1791.93,Card,Authentication Failed,1222,14,3,3,5.62,1511.11,0,1
TXN006115,1566.58,UPI,Limit Exceeded,420,28,6,0,2.55,729.0,1,1
TXN006116,2650.51,Card,Authentication Failed,99,18,2,0,10.99,180.79,1,0
TXN006117,1746.42,Card,Authentication Failed,1283,18,3,0,17.12,1073.22,1,0
TXN006118,2374.87,Wallet,Bank Decline,971,23,1,0,23.01,1357.44,1,1
TXN006119,1268.07,UPI,Bank Decline,567,22,5,1,16.51,610.81,1,0
TXN006120,872.43,Card,Bank Decline,1069,15,3,1,50.01,769.17,0,1
TXN006121,669.58,UPI,Limit Exceeded,552,18,2,1,0.37,729.98,0,0
TXN006122,601.5,UPI,Expired Card,1388,21,5,0,43.63,3075.5,0,0
TXN006123,258.62,UPI,Bank Decline,784,18,1,1,23.79,2064.83,1,0
TXN006124,482.63,Wallet,Bank Decline,1039,24,2,1,49.51,354.1,0,1
TXN006125,470.23,Net Banking,Network Error,194,19,1,1,5.16,1617.41,1,1
TXN006126,694.64,Net Banking,Network Error,614,20,8,0,3.8,1957.72,1,1
TXN006127,4473.92,Card,Authentication Failed,651,19,5,0,103.18,1197.93,1,0
TXN006128,951.65,UPI,Bank Decline,681,17,3,0,10.62,2660.74,0,1
TXN006129,1363.2,UPI,Authentication Failed,145,24,5,0,5.74,938.73,0,0
TXN006130,1402.47,UPI,Bank Decline,304,19,4,0,28.29,1123.5,1,1
TXN006131,4577.11,UPI,Limit Exceeded,1110,22,3,1,13.86,2625.41,0,1
TXN006132,653.26,Card,Authentication Failed,1286,23,2,1,17.42,897.95,0,1
TXN006133,897.61,Card,Authentication Failed,185,12,4,4,1.01,2918.69,0,0
TXN006134,996.67,UPI,Insufficient Funds,1287,13,3,1,19.71,2032.47,1,1
TXN006135,3049.95,UPI,Insufficient Funds,224,19,4,0,21.18,1448.49,0,1
TXN006136,3676.42,UPI,Network Error,273,23,5,1,2.66,1305.63,0,1
TXN006137,1680.97,UPI,Bank Decline,1347,18,6,1,24.57,1680.6,0,0
TXN006138,3326.31,Net Banking,Expired Card,597,21,2,0,1.3,375.89,0,1
TXN006139,1286.78,Card,Authentication Failed,685,17,2,1,1.77,865.95,1,1
TXN006140,938.85,Net Banking,Insufficient Funds,622,16,1,2,17.74,2568.91,0,0
TXN006141,3167.99,Card,Bank Decline,856,15,2,1,52.21,567.15,0,0
TXN006142,1700.8,UPI,Insufficient Funds,1314,25,1,0,10.5,360.78,0,0
TXN006143,565.68,UPI,Authentication Failed,1375,17,3,0,3.17,452.81,0,1
TXN006144,2691.03,Net Banking,Authentication Failed,733,15,3,4,24.64,2770.19,0,0
TXN006145,909.01,Net Banking,Network Error,81,20,3,0,16.03,1124.42,0,1
TXN006146,814.24,UPI,Insufficient Funds,743,15,2,2,65.26,407.72,0,0
TXN006147,2449.66,Card,Limit Exceeded,342,17,2,0,2.71,1765.98,1,1
TXN006148,1012.37,Card,Expired Card,810,27,4,4,26.32,1643.47,0,0
TXN006149,1556.29,Card,Bank Decline,861,18,3,0,5.45,878.51,1,1
TXN006150,1989.71,Net Banking,Authentication Failed,369,21,5,4,43.74,1380.18,0,1
TXN006151,542.05,Card,Authentication Failed,196,18,3,0,27.96,1566.97,0,1
TXN006152,1550.55,Card,Network Error,1136,18,4,1,10.97,789.51,1,1
TXN006153,3694.22,UPI,Network Error,76,24,4,0,0.82,2653.91,1,0
TXN006154,463.67,UPI,Bank Decline,528,20,2,1,20.74,852.9,0,0
TXN006155,1644.05,UPI,Network Error,1244,16,5,3,11.15,409.16,0,1
TXN006156,519.82,UPI,Bank Decline,989,25,7,0,28.79,704.44,1,0
TXN006157,2749.73,Card,Bank Decline,523,24,4,0,24.29,669.26,1,1
TXN006158,2726.34,Card,Insufficient Funds,34,21,6,0,24.83,1329.32,1,1
TXN006159,797.2,UPI,Bank Decline,1345,15,6,1,3.39,416.19,0,1
TXN006160,8011.76,Net Banking,Insufficient Funds,911,15,2,1,10.32,140.04,1,1
TXN006161,2968.95,UPI,Network Error,1266,15,3,1,11.43,686.29,1,1
TXN006162,2071.93,UPI,Network Error,98,20,8,3,27.65,1668.33,0,1
TXN006163,1969.53,UPI,Network Error,369,14,6,0,9.37,2217.79,0,1
TXN006164,2658.54,UPI,Bank Decline,44,15,4,1,36.09,1544.7,0,0
TXN006165,447.61,UPI,Bank Decline,670,21,5,0,5.79,1554.12,0,0
TXN006166,1306.55,Card,Limit Exceeded,710,19,4,0,77.0,2522.85,1,1
TXN006167,1548.24,UPI,Network Error,497,19,4,0,1.67,954.85,0,1
TXN006168,765.0,Wallet,Authentication Failed,1140,13,1,3,12.37,862.74,1,1
TXN006169,1666.22,UPI,Bank Decline,150,22,2,0,16.0,260.44,0,1
TXN006170,3322.67,UPI,Expired Card,840,12,3,0,10.52,1567.22,0,0
TXN006171,750.25,UPI,Insufficient Funds,1227,17,3,0,14.31,720.42,0,1
TXN006172,1044.21,Card,Expired Card,1076,14,4,0,27.14,1383.68,1,0
TXN006173,523.99,UPI,Authentication Failed,1179,21,7,0,3.36,985.29,1,0
TXN006174,219.58,Net Banking,Authentication Failed,144,16,2,1,53.13,1472.79,1,0
TXN006175,2210.64,Card,Authentication Failed,496,22,5,2,8.97,282.01,0,1
TXN006176,1071.53,Card,Bank Decline,408,22,3,2,17.53,1267.22,1,1
TXN006177,1144.61,Card,Network Error,608,19,3,1,10.48,816.23,0,0
TXN006178,451.2,UPI,Bank Decline,730,17,4,2,16.47,1414.89,0,1
TXN006179,928.01,UPI,Network Error,687,18,6,0,23.23,2450.07,1,1
TXN006180,2942.26,UPI,Insufficient Funds,938,22,4,0,12.74,397.58,0,1
TXN006181,1097.44,Card,Authentication Failed,631,17,6,0,2.13,1187.88,0,1
TXN006182,1125.82,UPI,Authentication Failed,347,9,3,3,7.29,790.05,0,0
TXN006183,1321.83,UPI,Bank Decline,308,20,3,2,29.41,1283.59,0,0
TXN006184,360.41,Wallet,Bank Decline,124,28,4,2,15.18,1174.45,1,0
TXN006185,1924.51,UPI,Insufficient Funds,157,17,3,1,25.58,739.51,1,0
TXN006186,354.36,Net Banking,Expired Card,1197,25,3,0,39.43,1286.71,0,0
TXN006187,470.76,Net Banking,Bank Decline,613,19,4,0,10.39,601.66,1,0
TXN006188,426.54,UPI,Authentication Failed,778,12,4,2,7.84,2434.06,0,1
TXN006189,936.64,UPI,Expired Card,1455,18,4,1,2.13,464.0,0,0
TXN006190,798.55,UPI,Expired Card,1003,15,6,2,5.68,1175.21,1,1
TXN006191,1095.42,Card,Network Error,443,19,2,0,9.85,1394.94,0,1
TXN006192,485.54,Card,Insufficient Funds,638,11,5,0,2.55,6249.53,1,0
TXN006193,2710.66,Net Banking,Authentication Failed,1104,20,7,2,2.16,449.13,0,1
TXN006194,2323.02,Net Banking,Network Error,368,10,3,0,10.61,1659.5,0,0
TXN006195,937.83,Card,Authentication Failed,102,13,2,0,8.38,1304.86,1,1
TXN006196,712.99,UPI,Network Error,298,20,2,0,33.74,867.15,1,0
TXN006197,651.04,UPI,Expired Card,1207,23,5,1,0.51,2084.16,0,1
TXN006198,829.54,Net Banking,Insufficient Funds,33,17,5,1,25.93,899.86,0,0
TXN006199,311.0,UPI,Expired Card,827,14,5,3,4.21,797.77,1,0
TXN006200,462.36,UPI,Limit Exceeded,311,16,1,2,38.09,560.03,1,1
TXN006201,2378.22,Card,Limit Exceeded,729,27,3,1,6.0,720.34,0,1
TXN006202,1438.9,UPI,Limit Exceeded,876,17,4,0,14.4,855.0,0,1
TXN006203,4773.56,Net Banking,Bank Decline,775,14,4,0,5.27,4490.65,0,1
TXN006204,837.75,Card,Authentication Failed,992,12,5,0,9.56,1780.91,0,0
TXN006205,792.06,UPI,Authentication Failed,948,12,2,4,4.9,1360.76,1,1
TXN006206,759.68,Net Banking,Insufficient Funds,211,13,2,2,8.41,1901.25,0,0
TXN006207,822.83,UPI,Authentication Failed,873,12,0,0,36.03,1853.96,0,1
TXN006208,605.49,UPI,Bank Decline,1021,19,4,0,21.35,682.4,0,1
TXN006209,1399.53,UPI,Expired Card,584,20,1,0,7.34,1193.18,0,0
TXN006210,1125.74,UPI,Bank Decline,668,18,4,0,34.69,776.25,1,0
TXN006211,693.03,Card,Authentication Failed,685,26,5,0,0.95,1361.63,0,1
TXN006212,3381.36,UPI,Insufficient Funds,226,17,2,0,21.98,5705.08,1,1
TXN006213,6044.62,UPI,Network Error,306,13,5,2,17.72,611.53,0,0
TXN006214,3133.54,UPI,Bank Decline,264,20,7,0,8.45,276.19,0,0
TXN006215,1812.23,Net Banking,Bank Decline,721,11,5,0,9.58,2393.68,0,0
TXN006216,2176.76,Net Banking,Expired Card,246,21,3,1,8.58,2470.79,1,1
TXN006217,5830.01,UPI,Insufficient Funds,1259,22,5,2,18.44,1632.09,1,1
TXN006218,2173.92,UPI,Expired Card,1186,21,1,0,4.89,1761.06,0,1
TXN006219,647.64,UPI,Authentication Failed,224,20,0,3,94.33,1587.31,0,0
TXN006220,1560.94,UPI,Limit Exceeded,471,21,5,1,0.05,1236.49,0,0
TXN006221,1926.81,Net Banking,Authentication Failed,201,17,6,1,11.29,982.66,0,1
TXN006222,447.98,Card,Bank Decline,276,15,4,2,4.69,1010.47,0,1
TXN006223,848.58,UPI,Bank Decline,569,17,4,0,7.88,1024.7,0,0
TXN006224,2952.34,UPI,Network Error,362,22,7,0,35.79,913.02,0,1
TXN006225,212.48,UPI,Insufficient Funds,546,19,3,0,7.96,4899.69,0,1
TXN006226,355.89,Card,Authentication Failed,482,18,4,0,4.34,1348.92,0,1
TXN006227,935.64,UPI,Insufficient Funds,571,17,5,2,8.23,646.05,1,0
TXN006228,1507.66,Wallet,Authentication Failed,314,21,5,0,6.94,985.16,0,0
TXN006229,323.15,Net Banking,Insufficient Funds,634,16,3,2,12.76,5882.46,0,0
TXN006230,978.37,UPI,Limit Exceeded,415,19,6,3,41.43,416.04,0,0
TXN006231,3097.63,Card,Insufficient Funds,1471,19,2,0,21.45,617.53,0,1
TXN006232,1166.53,Net Banking,Insufficient Funds,527,15,2,0,34.16,802.86,1,1
TXN006233,2553.4,Card,Expired Card,491,13,2,4,6.45,342.29,0,1
TXN006234,643.61,UPI,Bank Decline,1288,29,3,0,0.54,1205.09,1,1
TXN006235,529.05,UPI,Expired Card,700,24,5,0,8.09,1841.0,1,0
TXN006236,2354.27,Net Banking,Network Error,936,23,8,0,22.1,599.47,0,1
TXN006237,1528.95,Card,Insufficient Funds,1200,11,4,3,5.81,3134.48,0,0
TXN006238,377.27,Card,Authentication Failed,1491,25,5,0,5.83,1418.01,1,1
TXN006239,533.38,Net Banking,Bank Decline,657,16,3,2,1.76,653.64,1,1
TXN006240,4483.34,Net Banking,Limit Exceeded,803,20,4,2,4.2,1028.99,1,0
TXN006241,477.18,Net Banking,Network Error,117,18,2,3,23.77,5808.32,1,0
TXN006242,2542.48,UPI,Network Error,610,17,3,1,12.76,961.8,0,1
TXN006243,713.11,Card,Bank Decline,226,24,4,1,1.25,1445.79,1,0
TXN006244,1093.5,Card,Insufficient Funds,1035,17,5,1,106.39,2758.3,0,1
TXN006245,1429.58,Card,Network Error,1325,20,4,1,15.08,1141.79,0,1
TXN006246,165.52,Card,Bank Decline,1488,15,2,0,3.04,2808.04,0,0
TXN006247,293.99,UPI,Bank Decline,675,13,3,1,0.89,919.53,0,1
TXN006248,1185.24,Net Banking,Expired Card,901,17,3,0,14.68,1142.89,0,0
TXN006249,571.42,Card,Expired Card,519,13,2,1,5.25,983.75,0,1
TXN006250,2689.0,UPI,Insufficient Funds,1242,19,6,2,5.2,1233.25,0,0
TXN006251,258.4,Card,Bank Decline,125,19,2,0,12.3,856.83,0,1
TXN006252,1823.89,UPI,Bank Decline,391,19,2,2,11.23,3192.5,0,1
TXN006253,317.79,UPI,Insufficient Funds,266,15,6,0,8.03,888.42,0,1
TXN006254,798.8,UPI,Bank Decline,1429,18,4,1,29.81,1672.76,0,1
TXN006255,420.76,UPI,Insufficient Funds,1205,17,2,0,9.19,1609.98,1,0
TXN006256,6076.52,Card,Authentication Failed,1444,18,4,4,10.71,1211.72,0,0
TXN006257,328.47,Card,Limit Exceeded,140,18,2,1,17.81,270.6,1,1
TXN006258,982.55,Card,Insufficient Funds,108,12,3,4,22.58,1650.35,1,1
TXN006259,231.79,Net Banking,Insufficient Funds,391,19,5,2,8.36,551.94,0,1
TXN006260,4626.76,UPI,Expired Card,461,18,4,2,13.23,1850.58,0,0
TXN006261,1573.65,UPI,Bank Decline,1092,17,3,0,12.56,2059.12,0,1
TXN006262,1240.51,Net Banking,Limit Exceeded,966,24,3,1,38.02,1136.91,0,1
TXN006263,4133.51,UPI,Authentication Failed,907,15,2,0,9.72,296.34,0,0
TXN006264,1252.23,Wallet,Network Error,572,19,1,2,11.11,389.75,1,1
TXN006265,1336.24,Net Banking,Insufficient Funds,13,15,5,4,15.43,2448.8,1,1
TXN006266,1234.66,Card,Limit Exceeded,874,20,3,0,19.7,475.82,0,1
TXN006267,1821.24,Wallet,Authentication Failed,521,16,6,2,0.02,1857.95,0,0
TXN006268,704.02,UPI,Network Error,338,20,5,2,18.99,735.18,1,1
TXN006269,904.28,UPI,Expired Card,1409,15,7,0,2.97,1441.32,0,1
TXN006270,2274.01,Card,Bank Decline,451,19,1,0,67.08,1186.38,0,0
TXN006271,1407.59,UPI,Bank Decline,341,27,2,0,7.97,945.59,0,1
TXN006272,989.48,Net Banking,Limit Exceeded,1498,22,2,0,11.83,1547.36,0,1
TXN006273,310.92,UPI,Authentication Failed,667,26,5,3,1.27,2259.74,0,1
TXN006274,4222.76,Card,Network Error,294,19,1,2,37.03,688.78,0,1
TXN006275,604.68,Card,Limit Exceeded,1042,14,3,2,5.12,1217.9,1,0
TXN006276,2666.48,Card,Insufficient Funds,1003,18,4,2,6.59,689.24,0,0
TXN006277,1284.57,UPI,Insufficient Funds,1134,18,2,0,17.45,1847.44,0,1
TXN006278,342.37,UPI,Network Error,1293,25,2,3,0.14,2099.75,0,0
TXN006279,3384.79,Net Banking,Insufficient Funds,1465,9,5,2,84.37,752.46,0,0
TXN006280,1378.96,UPI,Expired Card,179,7,5,3,12.75,1493.2,0,0
TXN006281,3647.55,Net Banking,Bank Decline,327,16,7,1,32.38,2248.82,0,1
TXN006282,930.6,Card,Limit Exceeded,1075,14,5,0,42.77,660.58,1,1
TXN006283,2066.57,Card,Limit Exceeded,217,17,5,1,0.01,649.93,0,1
TXN006284,224.47,Card,Bank Decline,913,19,3,1,10.06,1224.74,0,1
TXN006285,699.11,UPI,Insufficient Funds,743,20,2,1,39.69,460.4,0,1
TXN006286,348.73,Card,Expired Card,423,18,3,0,21.23,1440.93,1,0
TXN006287,782.66,Net Banking,Authentication Failed,270,17,3,1,24.19,1354.81,0,0
TXN006288,1676.78,Card,Network Error,307,14,5,0,14.43,2484.28,0,1
TXN006289,636.43,Wallet,Insufficient Funds,1486,21,2,1,67.25,3007.64,0,0
TXN006290,2386.2,Card,Insufficient Funds,1256,19,7,1,1.96,747.62,0,1
TXN006291,507.27,UPI,Bank Decline,110,21,1,0,36.75,1193.75,0,0
TXN006292,2432.59,UPI,Insufficient Funds,993,13,9,1,20.38,1034.86,0,0
TXN006293,3564.51,Wallet,Limit Exceeded,227,8,0,0,14.28,1373.45,1,1
TXN006294,2730.32,UPI,Limit Exceeded,340,17,3,1,19.9,478.44,0,1
TXN006295,804.51,Net Banking,Bank Decline,424,13,4,2,27.59,1723.38,0,1
TXN006296,161.92,Net Banking,Bank Decline,1331,18,9,0,3.69,1884.25,0,1
TXN006297,1851.87,UPI,Bank Decline,641,20,8,2,4.49,912.49,0,1
TXN006298,979.74,UPI,Authentication Failed,967,24,4,0,5.06,292.33,0,1
TXN006299,454.61,Card,Network Error,1487,18,3,1,7.66,732.93,0,1
TXN006300,664.71,UPI,Expired Card,442,24,6,0,15.02,819.45,0,0
TXN006301,3987.75,Net Banking,Bank Decline,400,17,6,0,43.54,1027.03,0,0
TXN006302,394.02,Card,Expired Card,740,17,4,0,5.28,974.65,0,1
TXN006303,1671.5,Card,Bank Decline,49,19,2,0,14.51,424.97,0,1
TXN006304,1334.3,Net Banking,Bank Decline,216,18,4,1,67.68,1228.86,1,1
TXN006305,795.01,UPI,Expired Card,972,12,2,2,20.35,1872.59,0,1
TXN006306,1958.78,Card,Network Error,17,21,5,1,10.08,763.52,1,1
TXN006307,4764.85,UPI,Bank Decline,222,14,5,1,1.39,984.22,0,1
TXN006308,840.19,UPI,Insufficient Funds,1194,20,4,1,7.04,1062.7,1,0
TXN006309,881.07,Card,Bank Decline,231,8,5,0,6.98,2688.28,0,0
TXN006310,1919.57,Net Banking,Bank Decline,1276,23,4,0,20.17,755.97,1,1
TXN006311,2505.94,UPI,Network Error,664,20,3,2,3.38,1324.85,1,1
TXN006312,977.56,Card,Authentication Failed,779,24,4,0,12.24,1602.18,0,1
TXN006313,833.11,Card,Insufficient Funds,22,18,3,1,9.18,854.43,1,1
TXN006314,149.03,UPI,Bank Decline,1224,22,4,1,2.72,566.38,0,1
TXN006315,544.46,UPI,Insufficient Funds,1039,14,5,1,39.48,1011.03,0,1
TXN006316,393.32,Net Banking,Network Error,520,21,6,2,17.47,257.88,1,0
TXN006317,2030.75,Card,Bank Decline,299,17,3,1,20.15,1304.31,0,1
TXN006318,880.5,Card,Expired Card,1114,14,4,2,9.05,609.91,0,1
TXN006319,850.04,Card,Bank Decline,1239,22,6,0,32.73,690.37,0,1
TXN006320,1087.73,UPI,Network Error,64,16,5,0,46.91,4300.89,0,0
TXN006321,501.12,Card,Authentication Failed,991,16,5,4,0.45,1269.34,1,0
TXN006322,4437.84,Card,Authentication Failed,857,15,3,0,10.76,875.65,0,0
TXN006323,3527.61,Card,Authentication Failed,654,17,5,0,20.03,959.71,1,1
TXN006324,4704.6,UPI,Limit Exceeded,1361,23,4,1,32.64,1614.36,1,1
TXN006325,2028.55,UPI,Authentication Failed,467,20,4,3,27.93,1051.63,0,1
TXN006326,1067.92,UPI,Bank Decline,975,18,3,2,70.92,523.93,0,0
TXN006327,4690.32,Wallet,Insufficient Funds,1355,15,1,0,25.56,985.16,0,1
TXN006328,594.15,UPI,Insufficient Funds,1240,19,4,1,2.41,1147.77,0,0
TXN006329,500.65,Card,Expired Card,1155,26,7,4,3.13,1583.52,1,1
TXN006330,638.19,UPI,Authentication Failed,698,17,9,1,54.72,2145.86,0,1
TXN006331,1755.63,UPI,Insufficient Funds,1492,20,1,0,0.44,653.95,0,1
TXN006332,552.31,Card,Expired Card,296,20,5,1,8.52,1701.43,1,0
TXN006333,953.52,Card,Limit Exceeded,1244,20,6,3,10.16,979.35,0,1
TXN006334,259.39,Card,Authentication Failed,1462,20,3,0,5.41,1060.6,0,0
TXN006335,1690.85,UPI,Expired Card,1127,12,4,2,23.57,486.16,0,1
TXN006336,279.95,Card,Authentication Failed,926,17,5,0,32.2,405.73,0,0
TXN006337,473.93,UPI,Bank Decline,255,11,6,0,56.38,875.93,1,1
TXN006338,3279.51,UPI,Bank Decline,739,21,5,2,61.44,1618.0,0,0
TXN006339,3172.54,Card,Network Error,531,29,5,1,8.95,935.81,0,1
TXN006340,1535.92,UPI,Bank Decline,1121,16,7,0,52.4,1235.44,1,0
TXN006341,1405.43,UPI,Insufficient Funds,711,17,8,2,11.96,206.16,0,0
TXN006342,680.03,Card,Limit Exceeded,778,27,5,1,32.24,1330.8,1,1
TXN006343,546.97,Card,Limit Exceeded,582,18,4,1,27.9,2253.26,0,1
TXN006344,791.54,Net Banking,Limit Exceeded,848,21,5,1,4.58,697.97,1,0
TXN006345,280.82,UPI,Bank Decline,750,16,5,0,15.22,1564.59,0,0
TXN006346,1376.37,UPI,Network Error,173,16,5,0,63.87,1188.5,0,0
TXN006347,1145.9,UPI,Bank Decline,1281,21,2,1,13.46,621.73,0,0
TXN006348,473.39,Wallet,Insufficient Funds,1477,19,2,1,13.3,889.68,1,1
TXN006349,4499.91,Card,Network Error,1216,21,5,2,17.75,1799.05,1,1
TXN006350,1893.58,Card,Insufficient Funds,255,25,3,1,47.58,538.48,1,1
TXN006351,2043.99,UPI,Insufficient Funds,346,21,6,0,8.83,2412.42,0,0
TXN006352,707.26,Card,Limit Exceeded,1476,27,3,0,0.7,2828.33,0,0
TXN006353,1095.32,UPI,Insufficient Funds,1168,24,3,0,3.58,760.18,0,0
TXN006354,1928.77,Card,Authentication Failed,115,12,4,1,58.08,1344.21,1,0
TXN006355,1258.28,Net Banking,Network Error,836,13,9,0,5.45,1614.84,0,0
TXN006356,4636.48,Wallet,Authentication Failed,423,15,4,3,24.51,365.96,0,0
TXN006357,912.87,Card,Insufficient Funds,432,23,1,0,8.71,1357.83,0,1
TXN006358,696.38,Card,Network Error,1074,16,7,2,0.69,172.83,0,1
TXN006359,1940.75,Net Banking,Bank Decline,348,24,8,1,7.23,1516.51,0,0
TXN006360,351.36,Card,Limit Exceeded,1009,22,5,0,9.58,470.35,1,1
TXN006361,2519.63,UPI,Bank Decline,207,26,5,2,4.74,2215.32,1,1
TXN006362,340.14,Card,Bank Decline,384,17,2,4,62.74,745.6,0,1
TXN006363,1948.33,UPI,Authentication Failed,1134,15,3,0,84.39,745.36,1,0
TXN006364,611.89,Card,Bank Decline,464,13,9,2,5.83,1187.07,0,0
TXN006365,1684.0,Card,Insufficient Funds,997,20,4,2,57.67,692.93,0,0
TXN006366,2481.48,Card,Bank Decline,1445,22,4,2,45.46,650.61,0,0
TXN006367,1259.01,UPI,Expired Card,907,23,4,0,53.53,2337.1,0,0
TXN006368,372.54,UPI,Bank Decline,638,18,0,2,24.01,1491.69,0,1
TXN006369,489.26,Card,Bank Decline,1432,12,3,0,12.08,2209.6,1,0
TXN006370,569.19,Net Banking,Insufficient Funds,1420,23,10,0,9.55,1299.61,0,0
TXN006371,199.24,Card,Network Error,1392,20,5,0,0.52,693.7,0,1
TXN006372,3025.19,UPI,Limit Exceeded,1464,24,3,0,4.34,1260.64,0,0
TXN006373,1210.87,Net Banking,Bank Decline,1413,14,7,1,24.2,1057.97,0,1
TXN006374,394.66,Net Banking,Bank Decline,1058,20,7,1,2.17,814.25,0,1
TXN006375,4064.75,UPI,Insufficient Funds,1137,19,5,0,0.24,2089.73,0,1
TXN006376,583.36,UPI,Insufficient Funds,546,17,5,1,28.2,1429.34,0,0
TXN006377,1374.05,Card,Insufficient Funds,1216,23,6,0,8.95,1308.86,1,1
TXN006378,521.79,Net Banking,Network Error,201,17,3,0,9.06,834.9,1,1
TXN006379,178.32,Wallet,Network Error,1176,19,3,0,5.71,2005.71,0,1
TXN006380,321.18,Net Banking,Authentication Failed,778,16,2,0,32.98,850.3,0,1
TXN006381,732.42,Card,Insufficient Funds,878,16,2,0,30.6,1503.02,0,1
TXN006382,2461.35,Card,Network Error,695,18,4,0,12.68,2165.16,0,1
TXN006383,1497.99,UPI,Network Error,134,20,7,3,15.95,1159.31,1,0
TXN006384,1244.12,UPI,Network Error,112,16,6,2,5.08,1897.81,0,0
TXN006385,179.64,Card,Authentication Failed,1446,20,5,0,2.8,1759.28,1,1
TXN006386,3439.49,Card,Insufficient Funds,358,25,4,0,7.27,493.5,0,1
TXN006387,1341.19,Card,Insufficient Funds,1413,17,5,0,26.98,1614.03,1,0
TXN006388,984.88,Card,Expired Card,1379,16,4,0,40.19,695.59,0,1
TXN006389,3038.69,UPI,Bank Decline,840,16,0,3,9.71,1374.66,1,0
TXN006390,3370.27,Card,Insufficient Funds,320,18,2,1,40.95,1840.14,1,0
TXN006391,3099.92,UPI,Bank Decline,1007,16,4,2,6.28,1655.71,0,0
TXN006392,877.98,UPI,Bank Decline,1390,32,1,2,8.63,1087.1,1,1
TXN006393,444.46,Card,Network Error,1351,18,6,0,6.89,964.18,1,1
TXN006394,2670.53,Card,Insufficient Funds,390,15,3,1,4.98,2814.33,0,0
TXN006395,321.0,Wallet,Bank Decline,1008,19,1,0,9.23,3425.11,1,1
TXN006396,6326.68,UPI,Network Error,23,23,7,0,7.41,1423.24,1,1
TXN006397,1124.62,Card,Bank Decline,1400,19,4,2,4.37,285.57,0,0
TXN006398,422.08,UPI,Authentication Failed,1096,15,3,2,13.54,477.67,0,1
TXN006399,361.88,Card,Insufficient Funds,892,11,7,2,19.1,875.32,1,0
TXN006400,347.29,Net Banking,Authentication Failed,1143,15,3,0,24.12,1992.03,0,0
TXN006401,1244.3,Card,Network Error,1446,12,1,0,28.16,1139.05,1,1
TXN006402,1090.34,Net Banking,Limit Exceeded,77,20,8,1,12.75,3226.39,1,1
TXN006403,360.56,UPI,Bank Decline,1091,18,3,1,8.13,1536.52,1,1
TXN006404,795.67,Net Banking,Bank Decline,450,23,3,1,5.49,1730.27,1,1
TXN006405,320.17,UPI,Authentication Failed,975,25,3,0,9.86,350.08,1,1
TXN006406,1863.8,Net Banking,Authentication Failed,1344,21,6,0,6.47,1121.49,0,0
TXN006407,1044.05,UPI,Bank Decline,489,17,6,2,14.34,1551.35,0,1
TXN006408,780.11,UPI,Insufficient Funds,1274,17,2,1,0.22,986.35,0,1
TXN006409,344.02,Card,Network Error,523,18,8,0,11.55,732.36,1,1
TXN006410,837.03,Net Banking,Authentication Failed,1400,19,12,2,24.23,1389.61,0,0
TXN006411,755.02,UPI,Bank Decline,323,24,5,0,5.9,807.87,1,0
TXN006412,1459.65,UPI,Expired Card,1051,17,5,1,36.92,905.32,1,1
TXN006413,1274.51,Net Banking,Expired Card,704,21,6,0,3.61,871.34,0,1
TXN006414,2236.92,UPI,Limit Exceeded,727,20,2,4,28.1,2035.96,0,0
TXN006415,709.02,UPI,Network Error,237,14,2,1,24.34,2511.93,1,1
TXN006416,205.54,Card,Bank Decline,870,14,5,0,9.03,2211.89,0,0
TXN006417,2675.75,UPI,Authentication Failed,1499,15,5,3,0.03,192.69,0,1
TXN006418,472.28,Net Banking,Network Error,1108,20,4,0,1.81,958.64,0,1
TXN006419,404.95,Card,Expired Card,569,21,5,0,14.41,1701.72,0,0
TXN006420,1054.89,Card,Bank Decline,775,11,5,0,47.44,971.2,0,0
TXN006421,1439.49,Wallet,Expired Card,814,21,5,0,10.57,1462.03,0,1
TXN006422,680.11,Card,Bank Decline,536,17,6,4,25.83,1030.34,1,0
TXN006423,675.31,UPI,Bank Decline,296,16,6,0,3.08,702.97,0,1
TXN006424,771.3,UPI,Expired Card,1248,16,3,1,28.91,1754.0,1,0
TXN006425,3924.08,Card,Network Error,106,14,7,4,5.5,599.53,1,0
TXN006426,1093.99,UPI,Expired Card,155,22,4,1,2.39,836.7,1,1
TXN006427,458.9,Net Banking,Bank Decline,1415,16,1,0,11.44,1239.89,1,1
TXN006428,463.12,Card,Network Error,1185,12,2,0,12.65,506.45,1,1
TXN006429,874.98,UPI,Bank Decline,401,28,5,0,16.09,1171.95,0,1
TXN006430,1358.41,Card,Network Error,382,12,7,3,11.47,1060.92,0,0
TXN006431,1695.24,Card,Bank Decline,108,20,1,3,9.87,815.67,0,0
TXN006432,1226.28,Net Banking,Expired Card,788,20,2,1,18.27,1004.46,1,0
TXN006433,514.05,Net Banking,Limit Exceeded,98,14,1,0,23.31,900.71,1,1
TXN006434,748.79,Card,Bank Decline,417,14,3,2,9.49,620.8,0,1
TXN006435,2122.85,Net Banking,Bank Decline,412,16,4,2,31.18,814.37,0,1
TXN006436,390.93,Card,Expired Card,27,11,1,2,8.16,1114.93,0,1
TXN006437,721.13,Card,Expired Card,638,17,5,0,40.79,2484.8,1,1
TXN006438,1877.54,UPI,Expired Card,1438,23,2,0,3.82,646.28,0,0
TXN006439,2410.89,UPI,Expired Card,25,17,3,2,15.79,717.09,0,1
TXN006440,921.84,Card,Bank Decline,159,18,8,0,45.27,900.24,1,1
TXN006441,757.42,UPI,Bank Decline,307,19,5,0,4.43,2846.98,1,1
TXN006442,333.65,UPI,Bank Decline,419,22,5,1,76.22,656.79,0,0
TXN006443,1760.01,Card,Insufficient Funds,208,19,1,1,29.56,430.21,1,0
TXN006444,3593.57,UPI,Expired Card,145,15,3,1,9.34,1431.65,1,1
TXN006445,11032.92,Card,Insufficient Funds,30,19,5,0,12.12,1210.13,0,0
TXN006446,1552.78,Card,Authentication Failed,18,13,7,2,1.71,1084.25,1,1
TXN006447,1047.55,Wallet,Limit Exceeded,141,25,8,1,10.69,1097.72,1,0
TXN006448,479.23,Card,Authentication Failed,942,14,8,2,83.4,480.16,0,0
TXN006449,202.15,UPI,Authentication Failed,87,15,2,2,89.48,1299.62,1,1
TXN006450,1285.96,Card,Bank Decline,1385,12,8,3,3.23,2384.03,1,1
TXN006451,9093.41,Net Banking,Limit Exceeded,1100,17,1,2,0.27,2020.51,0,0
TXN006452,3441.74,Wallet,Insufficient Funds,1234,23,5,0,2.76,1790.83,0,1
TXN006453,2995.62,Card,Insufficient Funds,597,19,4,0,14.9,3964.66,0,0
TXN006454,1367.91,UPI,Limit Exceeded,998,20,5,2,43.55,783.25,0,1
TXN006455,1515.61,Net Banking,Insufficient Funds,1309,15,0,0,0.41,906.77,0,1
TXN006456,123.8,UPI,Authentication Failed,717,22,7,1,7.6,597.11,0,1
TXN006457,2178.21,Card,Expired Card,1409,17,4,0,93.42,3467.65,0,1
TXN006458,651.05,UPI,Limit Exceeded,1324,16,4,0,14.11,1153.0,0,1
TXN006459,583.15,UPI,Bank Decline,1445,17,3,1,12.43,1597.73,0,1
TXN006460,819.81,UPI,Expired Card,803,13,3,0,1.28,1064.4,1,0
TXN006461,795.28,UPI,Insufficient Funds,1458,15,3,1,8.19,635.28,0,1
TXN006462,574.86,Card,Limit Exceeded,1186,19,5,0,10.75,760.74,0,0
TXN006463,1110.41,Net Banking,Insufficient Funds,737,19,3,1,12.54,786.76,1,1
TXN006464,663.51,UPI,Expired Card,283,19,2,0,41.03,504.95,1,0
TXN006465,1200.26,Net Banking,Bank Decline,1295,15,5,0,42.81,310.82,1,0
TXN006466,287.59,UPI,Insufficient Funds,55,15,6,2,9.86,1351.23,0,1
TXN006467,904.47,Card,Network Error,616,14,4,1,0.48,1426.06,0,1
TXN006468,408.84,UPI,Insufficient Funds,299,22,1,1,36.4,1771.24,0,1
TXN006469,615.66,Net Banking,Expired Card,1051,18,0,0,15.1,1944.52,0,0
TXN006470,1247.7,Card,Bank Decline,1474,11,7,1,3.41,658.81,1,1
TXN006471,258.89,Card,Bank Decline,478,23,3,1,17.07,3460.58,0,0
TXN006472,523.13,Net Banking,Network Error,1168,21,4,1,15.42,1758.38,0,0
TXN006473,1829.99,Card,Bank Decline,236,14,2,2,7.99,1273.44,0,0
TXN006474,307.4,Wallet,Bank Decline,844,16,2,0,1.12,1492.52,0,0
TXN006475,5432.1,Card,Limit Exceeded,1435,14,4,0,0.46,439.45,1,1
TXN006476,3242.07,Net Banking,Insufficient Funds,363,14,3,3,21.11,910.34,1,1
TXN006477,702.7,Card,Insufficient Funds,547,16,2,3,1.84,1987.07,1,1
TXN006478,539.97,UPI,Bank Decline,833,24,2,0,44.02,597.5,0,0
TXN006479,1315.2,Card,Bank Decline,942,17,5,0,2.86,887.53,0,1
TXN006480,298.06,UPI,Network Error,1051,19,2,1,14.38,615.3,0,1
TXN006481,180.92,Card,Bank Decline,820,22,1,1,26.81,3024.81,0,1
TXN006482,725.31,Card,Limit Exceeded,651,18,4,0,35.09,3671.05,1,1
TXN006483,972.0,Card,Insufficient Funds,533,20,4,3,39.2,708.54,0,0
TXN006484,1193.9,UPI,Bank Decline,1028,27,4,2,14.58,3968.36,0,0
TXN006485,630.64,UPI,Bank Decline,1135,18,3,2,4.91,795.56,0,0
TXN006486,3451.46,Card,Expired Card,629,15,3,1,4.09,1082.63,0,1
TXN006487,285.54,Wallet,Authentication Failed,857,15,2,0,10.7,944.79,1,1
TXN006488,393.69,UPI,Network Error,1366,23,4,0,17.86,1737.59,1,1
TXN006489,1699.3,Card,Authentication Failed,430,20,2,0,35.61,300.91,0,1
TXN006490,385.49,Card,Bank Decline,629,22,0,4,12.6,3148.49,1,1
TXN006491,372.3,Card,Insufficient Funds,10,19,2,0,21.74,981.14,0,1
TXN006492,1225.4,UPI,Insufficient Funds,475,19,2,1,21.08,571.05,0,0
TXN006493,424.89,UPI,Bank Decline,670,16,2,2,2.27,660.14,1,1
TXN006494,972.84,UPI,Bank Decline,893,21,2,0,30.39,623.56,0,1
TXN006495,584.13,Wallet,Insufficient Funds,544,19,6,1,10.12,668.08,0,0
TXN006496,504.97,UPI,Bank Decline,1224,18,1,0,1.05,2418.86,1,1
TXN006497,165.33,UPI,Bank Decline,366,20,3,0,15.16,526.36,0,1
TXN006498,1243.4,UPI,Insufficient Funds,526,12,6,1,42.78,675.95,0,1
TXN006499,356.93,UPI,Bank Decline,1103,18,5,1,25.64,1473.5,0,1
TXN006500,942.54,Net Banking,Authentication Failed,1108,19,6,1,2.3,2974.24,0,0
TXN006501,691.67,UPI,Bank Decline,74,15,3,3,28.95,802.97,1,0
TXN006502,910.64,UPI,Expired Card,701,17,5,0,0.84,1436.68,1,1
TXN006503,958.43,Card,Network Error,1364,16,3,1,15.41,2529.51,0,1
TXN006504,1305.4,UPI,Bank Decline,91,14,4,1,2.2,1972.97,0,0
TXN006505,569.65,UPI,Bank Decline,85,15,0,1,16.6,1464.56,0,0
TXN006506,3355.74,Net Banking,Bank Decline,1336,18,1,2,2.99,3786.57,1,1
TXN006507,207.96,Net Banking,Network Error,26,15,3,1,40.35,1343.01,0,0
TXN006508,894.32,Net Banking,Bank Decline,162,13,3,1,19.0,1949.93,1,0
TXN006509,2327.63,Net Banking,Insufficient Funds,1147,21,3,0,10.42,559.23,1,1
TXN006510,1684.28,Card,Insufficient Funds,886,17,5,1,42.8,284.28,0,0
TXN006511,456.07,UPI,Authentication Failed,945,22,6,1,3.42,1159.53,0,1
TXN006512,529.84,Net Banking,Bank Decline,1480,17,5,3,37.89,2968.55,0,0
TXN006513,443.14,Net Banking,Network Error,34,17,2,0,2.16,1343.66,0,1
TXN006514,1880.52,Net Banking,Network Error,616,15,4,0,26.63,1193.61,0,0
TXN006515,563.44,Card,Authentication Failed,980,13,5,1,2.77,678.05,1,1
TXN006516,1379.69,UPI,Network Error,1359,16,1,0,3.0,800.01,0,1
TXN006517,1391.13,Net Banking,Network Error,1394,19,3,0,35.6,1478.17,0,1
TXN006518,9242.37,Card,Authentication Failed,425,20,4,0,10.69,1869.58,0,0
TXN006519,1453.79,Wallet,Expired Card,28,16,0,1,5.29,6416.08,0,0
TXN006520,528.46,UPI,Insufficient Funds,267,21,3,2,19.35,713.39,0,0
TXN006521,294.67,UPI,Insufficient Funds,66,19,7,3,35.6,975.86,0,1
TXN006522,855.54,UPI,Limit Exceeded,943,23,6,0,9.67,992.36,0,1
TXN006523,985.18,Net Banking,Limit Exceeded,1443,21,7,1,6.06,2767.01,1,1
TXN006524,149.96,UPI,Network Error,169,19,4,0,5.83,854.65,0,1
TXN006525,576.82,UPI,Network Error,1144,20,1,0,20.65,254.96,1,1
TXN006526,1433.13,Wallet,Expired Card,360,12,6,0,22.09,1863.34,0,1
TXN006527,679.18,UPI,Bank Decline,202,17,3,0,44.03,322.53,1,1
TXN006528,2622.18,Net Banking,Expired Card,1075,18,5,0,0.38,2003.91,0,0
TXN006529,269.75,UPI,Insufficient Funds,631,21,5,1,2.65,132.74,0,1
TXN006530,2016.65,Net Banking,Authentication Failed,911,20,3,1,16.03,1911.11,0,0
TXN006531,2496.14,Card,Limit Exceeded,185,21,6,1,6.26,1146.39,1,1
TXN006532,2593.72,Net Banking,Expired Card,331,16,5,0,10.76,1902.63,0,1
TXN006533,267.93,Net Banking,Bank Decline,376,24,5,1,47.14,477.3,0,1
TXN006534,1455.49,UPI,Insufficient Funds,574,19,2,1,1.83,2100.82,1,1
TXN006535,600.72,UPI,Bank Decline,1377,20,4,2,18.81,1221.49,1,1
TXN006536,309.35,UPI,Expired Card,785,17,2,3,29.35,1063.0,1,1
TXN006537,755.61,Card,Expired Card,932,22,2,1,2.31,398.93,0,0
TXN006538,485.67,Net Banking,Bank Decline,121,22,5,1,18.72,1904.41,0,0
TXN006539,2511.6,Card,Network Error,363,20,6,0,32.07,1224.58,1,1
TXN006540,1740.2,Card,Limit Exceeded,1197,15,2,1,4.17,705.08,0,0
TXN006541,388.7,UPI,Insufficient Funds,1384,14,6,1,2.61,1620.19,1,1
TXN006542,571.46,Net Banking,Bank Decline,121,17,12,4,1.21,499.74,0,0
TXN006543,778.5,Wallet,Limit Exceeded,1438,23,3,2,23.49,2972.5,1,0
TXN006544,1027.45,UPI,Network Error,804,12,5,0,9.62,722.04,1,1
TXN006545,2712.81,Card,Expired Card,329,20,5,3,12.45,1392.47,1,1
TXN006546,2042.04,UPI,Network Error,48,10,4,1,1.87,922.0,0,1
TXN006547,1148.55,Card,Authentication Failed,1490,22,3,0,2.22,556.65,1,0
TXN006548,867.33,Card,Insufficient Funds,1149,25,2,2,20.18,1004.97,0,0
TXN006549,222.29,UPI,Network Error,580,18,7,1,9.57,1459.41,1,0
TXN006550,3507.99,Card,Insufficient Funds,1480,13,5,0,33.03,1048.22,0,0
TXN006551,733.34,UPI,Insufficient Funds,447,22,3,0,27.84,974.68,0,1
TXN006552,4444.2,Card,Bank Decline,1219,19,4,1,27.72,2727.73,0,1
TXN006553,1308.32,Card,Insufficient Funds,291,14,3,0,35.48,777.03,0,1
TXN006554,6786.94,UPI,Authentication Failed,110,16,2,0,33.84,3157.52,0,1
TXN006555,1892.57,Card,Authentication Failed,575,20,5,0,14.1,1246.42,0,0
TXN006556,302.23,Card,Bank Decline,463,22,5,1,6.1,1188.59,0,1
TXN006557,630.82,UPI,Expired Card,317,22,3,0,14.9,1180.43,0,0
TXN006558,941.79,UPI,Network Error,1414,13,4,0,4.86,1001.69,0,1
TXN006559,499.49,Card,Limit Exceeded,1195,13,2,0,3.83,790.29,0,0
TXN006560,781.05,Wallet,Network Error,413,16,8,0,12.7,2306.14,0,0
TXN006561,320.46,UPI,Insufficient Funds,851,12,5,2,17.55,418.01,0,0
TXN006562,1102.29,UPI,Limit Exceeded,587,16,1,0,10.79,336.04,1,0
TXN006563,1357.87,UPI,Limit Exceeded,1088,20,4,2,29.55,2134.19,0,0
TXN006564,444.21,Card,Network Error,725,15,4,2,15.8,334.25,1,1
TXN006565,6286.93,UPI,Authentication Failed,1446,18,6,0,68.64,6277.39,0,1
TXN006566,1161.15,UPI,Authentication Failed,603,20,7,2,3.36,1531.38,1,1
TXN006567,525.81,Card,Network Error,1281,13,5,0,6.74,3135.5,0,0
TXN006568,253.01,Card,Network Error,1250,16,1,0,1.32,1891.23,0,0
TXN006569,1157.42,UPI,Authentication Failed,1190,10,7,2,12.45,607.83,0,0
TXN006570,867.45,Card,Bank Decline,193,14,2,1,0.92,742.37,0,1
TXN006571,2218.83,Card,Bank Decline,902,29,6,0,18.96,210.82,1,1
TXN006572,963.88,UPI,Insufficient Funds,470,11,2,0,5.17,2224.0,0,1
TXN006573,374.52,UPI,Authentication Failed,336,16,1,2,25.33,1571.71,0,0
TXN006574,4932.72,Net Banking,Limit Exceeded,355,18,2,0,0.73,3322.58,0,1
TXN006575,1623.05,UPI,Insufficient Funds,506,14,1,0,7.39,586.42,0,0
TXN006576,872.45,Card,Authentication Failed,496,18,2,0,48.14,1626.82,1,1
TXN006577,1271.78,Net Banking,Limit Exceeded,1011,18,1,0,1.28,2991.77,0,1
TXN006578,1680.15,UPI,Authentication Failed,286,21,3,0,37.49,686.78,0,0
TXN006579,303.09,UPI,Insufficient Funds,861,21,2,0,7.22,2075.59,0,0
TXN006580,1263.86,Card,Network Error,1194,13,5,0,0.7,1252.03,1,1
TXN006581,731.35,Net Banking,Expired Card,1011,15,4,1,41.51,816.55,1,1
TXN006582,1731.2,Net Banking,Network Error,404,15,1,2,10.09,1125.98,0,1
TXN006583,563.31,Card,Expired Card,1098,22,3,2,10.26,2049.21,0,0
TXN006584,636.36,UPI,Limit Exceeded,434,16,3,0,21.02,1085.33,0,0
TXN006585,4898.01,Card,Bank Decline,1462,23,4,1,11.38,630.53,0,1
TXN006586,3320.33,UPI,Limit Exceeded,381,25,6,2,27.0,522.43,0,0
TXN006587,56.49,Card,Insufficient Funds,1022,19,6,0,15.09,1049.42,0,1
TXN006588,3105.98,UPI,Bank Decline,638,20,5,1,6.89,1150.38,0,0
TXN006589,1026.3,UPI,Insufficient Funds,995,16,6,1,18.33,1227.2,0,1
TXN006590,579.77,Net Banking,Bank Decline,703,17,2,2,1.65,420.92,0,1
TXN006591,442.99,Card,Bank Decline,1453,20,2,1,12.2,717.0,0,0
TXN006592,466.75,UPI,Limit Exceeded,934,23,3,0,7.5,720.53,0,0
TXN006593,594.7,UPI,Expired Card,84,24,3,1,9.27,2615.46,0,1
TXN006594,397.65,Net Banking,Bank Decline,494,15,7,1,20.2,298.87,0,1
TXN006595,324.04,Card,Expired Card,1200,17,4,1,3.18,819.71,0,0
TXN006596,429.95,UPI,Insufficient Funds,1068,24,9,0,0.63,1283.93,0,0
TXN006597,1467.12,UPI,Insufficient Funds,573,18,2,0,37.45,554.21,0,0
TXN006598,1147.2,UPI,Network Error,957,22,4,3,34.44,1260.83,1,1
TXN006599,1808.53,Net Banking,Expired Card,1320,21,4,2,45.25,574.73,0,0
TXN006600,1033.05,Card,Limit Exceeded,564,11,5,3,22.24,1620.37,0,1
TXN006601,338.32,Card,Bank Decline,177,19,1,3,38.78,1616.9,0,0
TXN006602,1711.28,Card,Expired Card,648,14,3,0,7.02,813.05,0,1
TXN006603,443.98,UPI,Expired Card,298,18,3,0,2.92,1958.5,1,0
TXN006604,1962.46,Net Banking,Authentication Failed,587,18,1,1,21.37,791.11,0,0
TXN006605,384.01,Card,Insufficient Funds,428,18,4,0,7.82,661.52,0,1
TXN006606,590.68,UPI,Network Error,111,15,4,4,5.74,2262.58,0,1
TXN006607,792.15,UPI,Network Error,572,21,0,0,16.15,2437.39,1,1
TXN006608,2012.16,Card,Authentication Failed,1436,21,3,0,2.82,1311.81,1,0
TXN006609,1284.85,Net Banking,Insufficient Funds,886,18,3,1,16.17,1393.73,0,0
TXN006610,1116.55,UPI,Network Error,1489,11,5,1,37.23,2188.17,1,1
TXN006611,5985.54,Net Banking,Bank Decline,881,23,3,0,20.99,1248.5,0,0
TXN006612,209.92,Card,Network Error,254,14,5,2,12.85,1053.06,0,1
TXN006613,430.72,UPI,Bank Decline,933,22,2,1,12.0,1267.63,0,1
TXN006614,414.44,UPI,Insufficient Funds,315,19,5,0,6.9,739.15,0,1
TXN006615,222.83,UPI,Network Error,1403,15,2,1,25.63,1064.72,0,1
TXN006616,573.89,Card,Bank Decline,1136,15,4,3,49.19,676.9,0,1
TXN006617,2036.51,UPI,Insufficient Funds,321,9,4,2,11.58,1186.55,0,1
TXN006618,643.88,UPI,Bank Decline,615,18,1,1,38.66,550.48,0,0
TXN006619,812.65,Card,Insufficient Funds,951,15,3,1,0.41,2059.1,1,1
TXN006620,232.69,Card,Authentication Failed,545,19,3,1,3.79,850.93,0,1
TXN006621,535.46,UPI,Network Error,78,23,5,0,0.96,1164.71,1,0
TXN006622,723.77,UPI,Limit Exceeded,384,18,5,1,13.78,798.21,0,1
TXN006623,1955.03,Card,Bank Decline,1215,24,4,1,7.21,1811.29,0,0
TXN006624,242.88,Card,Authentication Failed,140,16,3,1,33.25,1206.31,1,0
TXN006625,728.14,Net Banking,Network Error,1204,18,4,2,20.63,1418.46,1,1
TXN006626,2916.49,UPI,Network Error,399,11,4,0,17.38,762.42,0,0
TXN006627,734.67,Net Banking,Network Error,1094,22,5,1,2.41,1188.2,0,1
TXN006628,163.37,Card,Limit Exceeded,1002,16,3,0,5.86,2853.32,0,1
TXN006629,3467.74,Card,Network Error,421,17,2,2,23.27,707.34,1,1
TXN006630,2124.75,Card,Bank Decline,409,31,4,0,4.06,510.28,0,1
TXN006631,2398.16,UPI,Insufficient Funds,1143,22,3,0,21.63,661.72,0,0
TXN006632,228.28,UPI,Network Error,71,27,3,0,41.57,8460.55,0,1
TXN006633,4277.87,Card,Network Error,872,21,4,3,36.71,554.27,1,1
TXN006634,546.78,Card,Insufficient Funds,407,14,8,0,0.55,1919.21,0,1
TXN006635,693.33,Card,Bank Decline,296,10,6,0,38.29,1578.4,0,1
TXN006636,582.6,UPI,Network Error,1450,14,6,0,6.2,913.2,0,1
TXN006637,2571.5,Net Banking,Limit Exceeded,1345,19,3,0,10.28,660.78,1,0
TXN006638,932.79,Card,Insufficient Funds,1119,22,6,0,13.61,2553.29,0,0
TXN006639,1691.83,UPI,Bank Decline,765,18,3,2,9.51,594.58,0,1
TXN006640,1174.16,Card,Limit Exceeded,850,19,4,1,17.84,854.24,0,0
TXN006641,1006.73,Card,Expired Card,667,18,6,2,32.42,1553.35,0,1
TXN006642,467.73,Net Banking,Bank Decline,363,28,3,1,21.43,355.16,0,1
TXN006643,5602.27,Card,Limit Exceeded,884,25,1,1,4.91,1348.15,1,1
TXN006644,293.81,Net Banking,Network Error,1004,16,2,0,45.22,1169.36,0,1
TXN006645,1589.27,UPI,Network Error,758,13,5,2,21.34,400.79,1,1
TXN006646,1539.16,UPI,Authentication Failed,755,16,9,0,2.64,1872.59,1,1
TXN006647,3099.27,Net Banking,Authentication Failed,371,13,8,1,23.56,785.23,1,0
TXN006648,3824.87,Net Banking,Bank Decline,273,13,3,0,0.62,2568.77,0,0
TXN006649,969.08,Card,Insufficient Funds,412,21,2,0,17.65,1302.16,0,1
TXN006650,1767.56,Net Banking,Bank Decline,145,14,1,1,46.54,595.73,1,0
TXN006651,5368.94,UPI,Insufficient Funds,1195,15,4,0,15.4,808.95,0,1
TXN006652,1034.16,Net Banking,Insufficient Funds,672,17,2,0,6.6,1129.11,0,0
TXN006653,419.98,UPI,Bank Decline,1136,15,4,0,80.07,864.05,1,0
TXN006654,775.87,UPI,Authentication Failed,1179,32,4,1,29.76,892.94,0,0
TXN006655,338.94,UPI,Authentication Failed,191,15,4,0,5.13,1153.9,0,0
TXN006656,1532.47,UPI,Network Error,1440,22,7,1,1.35,1089.25,1,0
TXN006657,2858.38,UPI,Network Error,789,23,5,0,60.91,651.05,0,1
TXN006658,983.45,UPI,Insufficient Funds,877,14,5,1,0.65,2212.3,0,0
TXN006659,254.97,UPI,Insufficient Funds,709,23,5,2,20.31,1128.47,0,0
TXN006660,2750.36,UPI,Insufficient Funds,913,21,2,1,73.53,1656.91,0,0
TXN006661,221.7,Card,Limit Exceeded,207,26,4,2,5.05,1486.92,1,1
TXN006662,272.77,Card,Insufficient Funds,624,14,3,0,46.86,1460.83,1,1
TXN006663,934.02,UPI,Authentication Failed,226,13,2,0,9.84,914.73,1,0
TXN006664,1375.55,Card,Expired Card,863,17,2,3,4.84,1330.47,0,0
TXN006665,1603.63,Net Banking,Bank Decline,1018,7,2,0,1.54,591.64,0,1
TXN006666,1033.26,Card,Insufficient Funds,1464,16,2,0,16.54,1196.81,1,1
TXN006667,5345.66,UPI,Network Error,1059,28,0,0,21.4,609.74,0,1
TXN006668,1162.88,Card,Authentication Failed,70,22,2,0,18.66,833.65,1,1
TXN006669,2782.77,UPI,Expired Card,943,17,7,3,16.73,1398.73,0,0
TXN006670,2226.66,UPI,Bank Decline,1126,17,5,2,17.47,2285.15,1,1
TXN006671,342.55,UPI,Network Error,546,17,4,0,12.95,1424.8,1,0
TXN006672,941.28,Net Banking,Bank Decline,516,20,7,1,4.34,877.57,0,1
TXN006673,7412.98,UPI,Authentication Failed,1370,20,7,2,16.75,724.45,0,0
TXN006674,696.51,UPI,Limit Exceeded,257,24,5,0,39.35,1260.74,1,1
TXN006675,597.55,UPI,Network Error,1309,16,4,0,0.31,655.7,0,0
TXN006676,1278.6,Net Banking,Bank Decline,45,11,3,1,72.75,848.47,1,0
TXN006677,719.34,Card,Network Error,75,28,3,1,64.84,1309.06,1,0
TXN006678,536.82,UPI,Bank Decline,283,20,4,0,5.58,735.27,1,0
TXN006679,709.84,Card,Insufficient Funds,1150,17,2,2,9.93,629.34,0,0
TXN006680,3979.09,Card,Bank Decline,1116,13,2,4,14.99,446.29,0,0
TXN006681,969.75,Card,Authentication Failed,183,17,6,2,33.63,2510.21,1,0
TXN006682,331.87,UPI,Network Error,977,25,8,2,1.13,1841.47,0,0
TXN006683,281.3,Net Banking,Insufficient Funds,612,19,7,0,4.63,590.44,0,1
TXN006684,7991.43,UPI,Authentication Failed,1122,21,6,3,19.42,998.0,1,1
TXN006685,896.95,Card,Bank Decline,1450,17,5,4,1.15,2178.95,0,0
TXN006686,1621.52,UPI,Bank Decline,87,16,3,1,40.17,1412.84,1,0
TXN006687,547.72,UPI,Bank Decline,347,26,3,2,39.14,1543.71,0,0
TXN006688,1463.94,UPI,Network Error,427,27,8,1,1.87,1850.21,0,0
TXN006689,4078.14,Card,Network Error,234,19,9,4,9.67,776.26,0,1
TXN006690,609.7,UPI,Network Error,479,25,3,1,12.85,1393.3,1,1
TXN006691,1656.94,Net Banking,Expired Card,94,17,2,1,18.84,1258.77,0,0
TXN006692,309.46,UPI,Bank Decline,1380,22,3,0,14.06,566.46,1,1
TXN006693,6772.19,Card,Limit Exceeded,196,17,3,2,0.02,1458.57,0,1
TXN006694,1396.44,Net Banking,Insufficient Funds,873,11,2,0,2.5,787.52,0,1
TXN006695,756.34,Card,Limit Exceeded,987,19,4,1,32.16,1011.58,1,1
TXN006696,838.75,Card,Expired Card,987,24,3,0,27.95,1257.86,0,0
TXN006697,692.96,Card,Expired Card,142,10,5,1,0.31,2132.65,0,1
TXN006698,725.59,UPI,Network Error,1355,18,4,0,0.27,1112.73,0,1
TXN006699,121.18,Net Banking,Expired Card,46,18,4,0,34.29,1411.18,0,0
TXN006700,1004.08,UPI,Insufficient Funds,1317,19,3,1,8.07,1363.71,0,0
TXN006701,966.91,Card,Authentication Failed,262,16,1,1,9.4,508.78,0,0
TXN006702,1702.4,Card,Insufficient Funds,953,13,5,1,51.95,569.23,0,0
TXN006703,684.83,UPI,Insufficient Funds,1450,23,2,0,40.92,1219.35,0,1
TXN006704,547.89,UPI,Network Error,545,16,2,2,8.91,3498.22,0,1
TXN006705,1088.99,Card,Limit Exceeded,1321,23,3,1,28.84,1408.49,1,0
TXN006706,256.95,Net Banking,Insufficient Funds,1346,16,4,1,10.88,1602.86,1,1
TXN006707,1247.73,Net Banking,Authentication Failed,864,21,4,4,10.11,2164.26,1,0
TXN006708,205.28,Card,Authentication Failed,138,19,2,1,0.35,800.83,0,0
TXN006709,3007.12,Card,Network Error,874,19,3,2,28.39,5188.13,0,1
TXN006710,2030.11,Net Banking,Network Error,747,13,3,0,29.68,2525.43,0,1
TXN006711,476.48,UPI,Limit Exceeded,545,17,4,0,26.02,1423.23,0,1
TXN006712,1988.28,UPI,Bank Decline,1333,20,3,1,60.37,854.8,1,1
TXN006713,1212.41,Card,Network Error,288,22,3,1,0.88,537.34,1,1
TXN006714,442.26,Net Banking,Authentication Failed,498,15,3,0,61.35,1500.82,0,0
TXN006715,177.58,Net Banking,Authentication Failed,286,19,3,0,35.19,3113.9,0,0
TXN006716,1457.96,UPI,Authentication Failed,1229,18,4,0,2.25,2630.64,0,0
TXN006717,536.54,UPI,Bank Decline,1405,22,7,1,0.78,3850.72,0,1
TXN006718,2937.97,Card,Bank Decline,1330,21,6,2,0.37,215.99,1,0
TXN006719,1110.57,UPI,Bank Decline,915,14,8,0,2.23,1638.13,0,1
TXN006720,584.28,UPI,Bank Decline,672,16,3,0,30.82,1329.14,0,1
TXN006721,5530.62,Net Banking,Bank Decline,1329,19,3,1,8.33,1458.43,0,1
TXN006722,1842.36,UPI,Bank Decline,561,18,2,0,17.49,1787.11,0,1
TXN006723,50.0,Net Banking,Network Error,1352,22,5,0,9.01,1382.18,0,1
TXN006724,707.86,Card,Limit Exceeded,1140,22,3,1,15.26,2094.38,0,1
TXN006725,315.55,Card,Limit Exceeded,477,24,5,4,5.87,1514.01,0,1
TXN006726,533.89,UPI,Limit Exceeded,418,16,5,0,41.15,1353.62,0,0
TXN006727,962.7,UPI,Insufficient Funds,519,21,2,2,17.34,1228.42,1,0
TXN006728,1508.16,UPI,Insufficient Funds,1170,15,4,4,11.27,1258.84,0,0
TXN006729,1387.46,Wallet,Limit Exceeded,884,10,4,2,5.84,456.37,1,1
TXN006730,2893.11,Net Banking,Network Error,696,21,2,0,6.33,1256.88,1,1
TXN006731,1944.85,Card,Network Error,955,12,7,2,21.43,1497.36,0,0
TXN006732,1839.54,UPI,Insufficient Funds,66,18,4,0,9.5,1652.01,0,1
TXN006733,1314.67,Net Banking,Bank Decline,1213,13,4,2,14.97,818.29,0,0
TXN006734,3491.61,UPI,Expired Card,425,18,3,1,78.79,1356.24,0,0
TXN006735,824.97,UPI,Authentication Failed,963,20,5,1,6.84,1374.39,0,0
TXN006736,844.49,Card,Authentication Failed,831,17,6,2,9.48,1436.53,0,1
TXN006737,197.35,Net Banking,Network Error,914,25,4,3,6.98,793.99,1,0
TXN006738,2837.13,UPI,Network Error,739,20,2,0,1.69,223.72,0,1
TXN006739,1023.28,UPI,Limit Exceeded,1257,17,2,0,50.73,1270.58,0,1
TXN006740,15371.11,Net Banking,Network Error,397,16,3,1,24.98,924.36,0,1
TXN006741,761.29,UPI,Network Error,1174,16,6,1,17.11,762.17,0,1
TXN006742,1187.64,UPI,Authentication Failed,742,15,7,0,0.44,1202.28,0,0
TXN006743,1793.37,Card,Limit Exceeded,667,21,4,0,32.24,623.48,1,1
TXN006744,406.79,Net Banking,Authentication Failed,33,26,4,0,1.34,2992.06,1,1
TXN006745,1514.28,Card,Insufficient Funds,629,22,10,0,2.48,409.53,0,1
TXN006746,1131.38,Wallet,Network Error,890,20,6,0,1.64,942.12,0,0
TXN006747,834.37,Card,Limit Exceeded,133,22,5,0,2.85,914.62,1,1
TXN006748,3150.59,UPI,Insufficient Funds,1486,11,3,1,18.27,487.65,1,1
TXN006749,486.2,Wallet,Limit Exceeded,287,15,2,0,1.53,445.21,0,1
TXN006750,1404.47,UPI,Insufficient Funds,1425,20,2,0,18.14,1431.9,0,1
TXN006751,4061.05,UPI,Limit Exceeded,325,15,5,1,26.98,4760.64,0,1
TXN006752,580.59,Card,Network Error,447,12,4,1,11.03,507.56,1,1
TXN006753,839.5,UPI,Insufficient Funds,347,20,3,1,18.31,169.89,1,0
TXN006754,9052.3,UPI,Network Error,700,20,3,1,7.86,410.59,0,1
TXN006755,1680.68,UPI,Expired Card,125,15,2,0,24.77,733.48,0,0
TXN006756,695.35,Card,Expired Card,784,26,6,0,78.07,880.71,1,0
TXN006757,2258.29,Net Banking,Bank Decline,696,18,1,0,7.49,1157.07,0,1
TXN006758,657.68,Card,Authentication Failed,719,14,5,0,16.91,1792.69,1,0
TXN006759,268.16,Wallet,Network Error,1398,19,4,2,64.09,632.02,1,1
TXN006760,3771.12,UPI,Network Error,391,10,2,0,0.58,506.17,1,1
TXN006761,406.36,UPI,Insufficient Funds,516,20,2,2,5.9,3027.95,1,0
TXN006762,9962.08,UPI,Authentication Failed,1188,23,2,1,3.15,1765.99,0,0
TXN006763,705.99,UPI,Insufficient Funds,92,17,3,0,16.88,545.79,0,0
TXN006764,7479.63,UPI,Network Error,367,17,3,1,3.52,1497.05,1,1
TXN006765,319.96,Net Banking,Limit Exceeded,1012,15,11,1,6.78,1294.86,0,0
TXN006766,2759.88,Net Banking,Insufficient Funds,798,17,4,0,10.23,1934.29,0,0
TXN006767,1719.44,Wallet,Network Error,1115,21,6,3,1.0,1348.71,1,1
TXN006768,2330.81,UPI,Bank Decline,365,19,3,0,6.34,2078.3,0,1
TXN006769,2620.76,Net Banking,Limit Exceeded,733,20,5,0,4.61,659.07,1,1
TXN006770,700.66,UPI,Network Error,1163,23,3,0,10.11,975.17,1,1
TXN006771,337.66,UPI,Authentication Failed,1417,22,3,2,112.12,595.26,0,0
TXN006772,1047.51,Net Banking,Authentication Failed,1277,17,3,0,111.07,742.91,0,1
TXN006773,1340.41,Card,Expired Card,1171,15,0,2,3.64,1027.81,1,0
TXN006774,717.19,UPI,Expired Card,453,16,3,1,22.67,1481.78,0,0
TXN006775,1407.82,Card,Network Error,1106,14,3,0,40.0,915.07,1,1
TXN006776,1475.37,UPI,Bank Decline,1128,21,5,1,13.22,1691.25,1,1
TXN006777,483.46,Card,Expired Card,1333,13,2,0,24.23,1251.43,1,1
TXN006778,1564.74,Card,Authentication Failed,1496,20,4,0,9.64,934.2,0,0
TXN006779,862.22,Wallet,Bank Decline,1085,12,5,0,16.45,2361.4,0,0
TXN006780,584.07,UPI,Bank Decline,311,18,3,1,11.14,1025.16,0,0
TXN006781,2227.51,UPI,Bank Decline,777,14,4,0,6.48,610.23,0,1
TXN006782,544.96,Card,Bank Decline,540,14,6,3,2.86,1208.86,0,1
TXN006783,727.05,Card,Insufficient Funds,41,18,4,0,6.21,625.51,0,0
TXN006784,1170.1,UPI,Network Error,688,17,4,3,38.3,362.58,1,1
TXN006785,3777.74,Card,Network Error,1170,13,1,0,41.72,4142.23,1,0
TXN006786,1304.41,Net Banking,Network Error,1021,19,5,1,35.56,756.95,0,1
TXN006787,1764.21,Net Banking,Bank Decline,647,20,6,1,6.22,2428.13,1,0
TXN006788,838.93,Net Banking,Network Error,1130,24,6,0,40.36,459.51,0,1
TXN006789,1021.84,Net Banking,Authentication Failed,996,19,9,0,3.13,2971.81,0,0
TXN006790,1049.44,Card,Authentication Failed,1403,21,5,0,35.15,1335.12,0,0
TXN006791,1427.92,Net Banking,Network Error,765,22,3,0,5.78,1081.5,0,1
TXN006792,840.19,UPI,Insufficient Funds,1053,17,5,1,19.07,1218.59,1,0
TXN006793,3662.86,UPI,Authentication Failed,290,26,7,1,25.1,746.43,0,1
TXN006794,783.8,UPI,Expired Card,119,12,4,2,1.45,901.59,0,1
TXN006795,235.92,Card,Bank Decline,379,14,3,0,6.14,716.97,0,1
TXN006796,12945.67,UPI,Insufficient Funds,203,20,1,0,17.82,2120.29,1,1
TXN006797,816.78,Wallet,Insufficient Funds,1194,22,3,2,16.52,1590.98,0,1
TXN006798,3575.47,UPI,Insufficient Funds,899,21,5,2,39.23,1047.68,0,1
TXN006799,3882.8,UPI,Insufficient Funds,828,16,6,1,18.86,1191.53,0,0
TXN006800,2567.51,Card,Authentication Failed,1461,22,3,0,4.11,1327.58,0,0
TXN006801,917.61,UPI,Network Error,16,20,4,3,27.41,1013.2,0,1
TXN006802,1419.44,UPI,Expired Card,404,22,6,0,57.16,596.03,1,1
TXN006803,348.26,UPI,Limit Exceeded,158,20,9,0,18.93,1102.91,1,0
TXN006804,6575.68,Card,Limit Exceeded,197,20,3,0,11.29,1967.1,0,0
TXN006805,509.47,Card,Authentication Failed,283,18,5,0,29.78,486.96,1,0
TXN006806,872.61,Net Banking,Authentication Failed,499,10,2,0,10.98,1415.31,0,1
TXN006807,1198.81,Card,Bank Decline,1273,18,6,1,2.95,1018.99,1,0
TXN006808,995.56,Card,Authentication Failed,494,22,8,0,1.54,705.97,1,1
TXN006809,607.17,UPI,Expired Card,282,12,4,0,9.12,2316.93,1,1
TXN006810,3846.45,UPI,Insufficient Funds,196,15,6,1,22.3,334.54,1,0
TXN006811,2579.24,Net Banking,Expired Card,870,17,8,0,21.39,619.66,0,0
TXN006812,1465.34,UPI,Expired Card,1337,22,5,1,13.66,679.79,0,0
TXN006813,765.4,UPI,Authentication Failed,302,21,3,2,10.36,4147.44,0,0
TXN006814,2857.92,Net Banking,Bank Decline,1264,12,1,1,19.49,4874.47,0,0
TXN006815,721.97,Card,Network Error,347,14,0,0,57.92,694.0,1,1
TXN006816,4506.85,UPI,Insufficient Funds,599,21,4,0,6.14,964.25,0,1
TXN006817,1212.09,UPI,Bank Decline,1223,15,4,0,14.81,1090.03,0,1
TXN006818,3316.96,Net Banking,Insufficient Funds,889,18,2,0,33.56,699.95,0,0
TXN006819,989.86,Net Banking,Network Error,1394,18,5,2,5.41,1574.21,0,1
TXN006820,1169.56,Card,Limit Exceeded,956,19,4,2,5.4,2141.08,1,1
TXN006821,3303.97,Card,Insufficient Funds,264,13,5,0,38.49,1457.04,0,0
TXN006822,7899.33,Card,Network Error,983,17,4,1,58.72,594.73,0,1
TXN006823,4466.36,Wallet,Insufficient Funds,1261,24,1,2,20.78,708.53,0,1
TXN006824,2414.92,Wallet,Insufficient Funds,20,19,2,2,18.62,936.71,0,1
TXN006825,1863.77,UPI,Network Error,1044,20,3,2,13.46,2030.77,0,0
TXN006826,694.88,Net Banking,Insufficient Funds,562,17,3,0,27.36,880.54,1,1
TXN006827,1430.4,UPI,Network Error,1014,23,4,4,60.58,1067.63,0,0
TXN006828,482.15,UPI,Insufficient Funds,216,18,3,1,8.7,427.76,0,1
TXN006829,1537.95,Card,Insufficient Funds,1070,22,4,1,6.22,2289.37,0,1
TXN006830,1629.53,UPI,Network Error,1064,22,4,3,65.25,759.31,0,1
TXN006831,187.77,Net Banking,Network Error,753,19,5,0,12.7,400.94,1,1
TXN006832,1135.54,UPI,Insufficient Funds,1264,19,4,0,3.44,3301.77,0,1
TXN006833,1593.02,Card,Network Error,1320,16,1,0,38.33,1951.59,0,1
TXN006834,1017.05,Net Banking,Limit Exceeded,861,23,0,0,1.99,999.74,1,1
TXN006835,1513.6,Net Banking,Expired Card,1463,22,5,0,13.14,900.33,0,0
TXN006836,327.82,UPI,Insufficient Funds,854,14,3,1,25.59,975.26,1,1
TXN006837,545.51,UPI,Network Error,957,17,6,0,38.05,1044.34,0,1
TXN006838,2783.44,Card,Expired Card,1348,15,2,1,1.54,2350.11,0,0
TXN006839,1097.2,UPI,Insufficient Funds,646,17,6,1,20.41,453.7,0,0
TXN006840,1489.05,Wallet,Authentication Failed,414,11,2,2,29.7,1727.76,0,0
TXN006841,670.57,Net Banking,Authentication Failed,822,21,3,3,17.59,547.95,0,0
TXN006842,1116.04,UPI,Authentication Failed,1110,17,1,1,5.32,1986.24,0,1
TXN006843,138.13,UPI,Limit Exceeded,182,22,4,0,20.55,386.32,0,0
TXN006844,2348.22,UPI,Limit Exceeded,1021,16,4,2,42.49,502.8,1,0
TXN006845,5581.09,Net Banking,Expired Card,854,24,1,1,47.61,811.23,0,0
TXN006846,420.52,UPI,Expired Card,1315,14,4,2,22.39,1323.59,1,0
TXN006847,470.46,UPI,Limit Exceeded,324,20,1,0,4.63,1546.66,1,0
TXN006848,1630.74,Card,Expired Card,416,19,4,0,4.49,909.52,0,1
TXN006849,4131.89,Card,Bank Decline,1172,23,1,0,8.15,848.04,0,0
TXN006850,1094.57,UPI,Bank Decline,253,19,6,0,3.78,2294.63,1,0
TXN006851,362.71,UPI,Authentication Failed,183,30,8,1,4.83,492.61,0,1
TXN006852,908.91,Net Banking,Insufficient Funds,817,21,2,1,4.51,3734.32,0,1
TXN006853,434.01,Net Banking,Expired Card,1374,13,4,0,1.92,2231.83,1,0
TXN006854,600.67,Net Banking,Authentication Failed,270,25,6,0,13.55,628.59,0,0
TXN006855,834.11,UPI,Expired Card,174,18,4,0,5.86,1070.74,1,1
TXN006856,475.14,UPI,Authentication Failed,1055,26,2,3,93.55,1391.77,0,0
TXN006857,544.51,Card,Expired Card,709,23,7,0,9.78,280.66,0,1
TXN006858,1172.72,UPI,Insufficient Funds,534,15,2,1,18.18,3236.42,1,0
TXN006859,1330.8,Net Banking,Limit Exceeded,1340,18,1,2,53.9,3127.79,1,0
TXN006860,304.42,Card,Bank Decline,34,16,6,0,28.56,1108.59,0,1
TXN006861,1566.73,UPI,Bank Decline,1400,14,5,2,30.23,3886.11,0,1
TXN006862,777.64,Net Banking,Bank Decline,1414,24,2,0,49.81,1172.04,1,0
TXN006863,2096.94,Wallet,Bank Decline,1324,27,8,1,33.76,907.73,0,0
TXN006864,2213.76,UPI,Bank Decline,670,18,1,0,40.2,799.17,0,0
TXN006865,671.77,Card,Bank Decline,586,14,2,1,43.71,850.95,1,0
TXN006866,1905.94,UPI,Expired Card,43,20,3,0,12.26,544.97,1,1
TXN006867,516.33,UPI,Limit Exceeded,894,27,0,2,3.14,774.78,0,1
TXN006868,3609.72,UPI,Bank Decline,553,16,3,1,32.06,797.13,0,1
TXN006869,534.2,Card,Insufficient Funds,652,10,2,3,33.23,1525.7,1,1
TXN006870,1506.39,Wallet,Expired Card,884,13,2,1,15.65,1464.06,0,0
TXN006871,926.26,Card,Expired Card,679,16,1,2,27.24,1653.77,1,0
TXN006872,439.13,UPI,Authentication Failed,378,13,7,2,44.03,1381.2,1,0
TXN006873,2467.16,Card,Insufficient Funds,742,27,3,1,13.7,1156.5,0,0
TXN006874,630.98,UPI,Authentication Failed,108,24,8,1,13.54,1179.95,1,0
TXN006875,237.44,Net Banking,Network Error,1385,13,6,1,42.39,2422.09,0,0
TXN006876,81.96,Card,Network Error,471,16,2,0,14.15,1688.97,1,1
TXN006877,498.93,UPI,Insufficient Funds,700,11,7,1,30.72,643.78,0,0
TXN006878,3783.17,UPI,Bank Decline,486,23,3,4,31.99,2460.7,1,0
TXN006879,3401.48,Card,Bank Decline,916,22,6,2,6.91,1580.24,0,1
TXN006880,574.36,UPI,Bank Decline,222,17,6,0,108.03,1079.78,1,0
TXN006881,782.89,Card,Network Error,1005,21,2,3,32.96,1026.5,0,0
TXN006882,721.68,UPI,Limit Exceeded,1357,18,5,0,23.83,611.13,0,0
TXN006883,330.27,UPI,Limit Exceeded,706,18,7,0,8.78,1675.53,1,0
TXN006884,466.87,Card,Network Error,606,17,6,0,3.28,1506.54,1,1
TXN006885,2651.91,Net Banking,Network Error,1277,20,5,0,7.5,2295.14,0,0
TXN006886,1725.89,Net Banking,Bank Decline,1019,17,3,0,1.69,1635.87,1,1
TXN006887,1402.18,UPI,Authentication Failed,1118,14,3,0,36.21,355.28,0,0
TXN006888,329.76,UPI,Network Error,340,11,5,0,26.06,2074.31,0,1
TXN006889,1200.67,UPI,Bank Decline,670,20,3,0,4.94,1980.44,0,1
TXN006890,137.9,Card,Bank Decline,785,25,1,0,4.08,1545.58,1,1
TXN006891,2341.44,Card,Network Error,1230,13,6,1,5.17,556.61,0,1
TXN006892,1383.98,Net Banking,Network Error,1413,17,3,0,9.72,2203.25,0,1
TXN006893,326.78,Net Banking,Insufficient Funds,1458,24,5,0,12.08,1312.37,0,0
TXN006894,4697.49,UPI,Limit Exceeded,1365,20,8,2,1.56,852.5,0,0
TXN006895,217.77,Card,Expired Card,1008,21,5,0,1.43,1007.86,1,0
TXN006896,1767.42,Net Banking,Expired Card,456,20,1,0,7.73,1824.4,0,1
TXN006897,1807.42,Net Banking,Insufficient Funds,222,17,3,0,17.93,314.45,0,0
TXN006898,359.35,UPI,Bank Decline,947,13,3,1,20.71,2704.69,0,0
TXN006899,1059.9,UPI,Authentication Failed,592,13,4,0,20.43,1562.79,0,0
TXN006900,251.35,Card,Authentication Failed,678,14,3,1,13.28,1418.6,0,0
TXN006901,84.63,UPI,Bank Decline,1285,20,4,1,56.82,910.61,1,1
TXN006902,419.44,UPI,Insufficient Funds,1023,20,1,1,25.46,5323.67,1,1
TXN006903,629.57,UPI,Bank Decline,511,17,9,0,12.02,736.42,0,1
TXN006904,1958.3,Card,Bank Decline,444,26,8,1,11.28,3315.93,1,0
TXN006905,1165.22,UPI,Expired Card,476,15,4,2,13.98,1324.12,0,0
TXN006906,1192.96,UPI,Authentication Failed,12,20,5,0,7.53,5171.39,0,1
TXN006907,440.11,UPI,Bank Decline,225,26,2,0,41.22,856.76,0,1
TXN006908,680.61,Net Banking,Insufficient Funds,582,18,4,3,13.13,505.61,0,0
TXN006909,474.88,Net Banking,Authentication Failed,519,20,3,3,18.71,616.87,0,1
TXN006910,364.13,Card,Insufficient Funds,875,14,6,0,4.42,589.1,0,0
TXN006911,642.7,UPI,Authentication Failed,1219,13,7,0,5.58,955.14,1,1
TXN006912,1172.7,Wallet,Expired Card,981,17,4,0,48.23,1223.75,0,0
TXN006913,654.99,UPI,Authentication Failed,1277,17,5,1,0.98,774.32,1,1
TXN006914,819.63,UPI,Insufficient Funds,775,22,5,0,7.51,2310.4,0,1
TXN006915,2049.65,UPI,Insufficient Funds,983,17,3,0,12.32,1109.46,1,0
TXN006916,698.77,UPI,Network Error,692,17,6,2,7.31,1927.71,1,0
TXN006917,330.11,UPI,Bank Decline,627,22,7,3,8.24,1136.43,0,1
TXN006918,1820.94,Net Banking,Bank Decline,561,14,5,0,114.46,798.05,1,1
TXN006919,1393.07,Card,Authentication Failed,1458,21,3,2,15.69,901.84,0,1
TXN006920,1474.09,UPI,Limit Exceeded,556,15,8,0,13.16,354.86,0,0
TXN006921,1926.1,Net Banking,Expired Card,369,16,4,0,9.9,4304.75,1,1
TXN006922,1654.04,UPI,Insufficient Funds,600,22,4,0,27.03,1159.66,0,1
TXN006923,1125.36,UPI,Limit Exceeded,1426,19,5,2,23.09,920.03,0,0
TXN006924,9436.19,Card,Expired Card,629,14,3,0,18.6,536.2,1,0
TXN006925,344.99,Card,Bank Decline,1166,13,4,0,3.46,1052.91,0,1
TXN006926,646.92,UPI,Authentication Failed,440,15,6,4,2.28,334.02,0,0
TXN006927,2619.14,UPI,Insufficient Funds,324,15,4,0,12.17,1700.21,1,1
TXN006928,1246.79,Card,Bank Decline,541,16,6,2,28.9,604.15,0,0
TXN006929,2169.24,Card,Insufficient Funds,1379,27,5,1,1.3,3016.4,1,0
TXN006930,1277.65,Card,Limit Exceeded,1089,22,3,0,41.02,2650.41,0,1
TXN006931,3776.87,UPI,Network Error,784,23,6,0,34.12,608.97,0,1
TXN006932,442.85,UPI,Bank Decline,146,19,5,0,4.15,1713.35,0,0
TXN006933,3670.98,Card,Insufficient Funds,899,21,3,0,9.55,3375.51,0,1
TXN006934,3146.03,UPI,Insufficient Funds,634,18,2,1,1.15,3984.08,1,0
TXN006935,368.98,Net Banking,Insufficient Funds,1234,15,5,0,0.85,2329.64,0,0
TXN006936,1934.49,Card,Bank Decline,164,18,2,3,9.69,1669.42,1,0
TXN006937,1054.97,UPI,Bank Decline,1360,18,5,3,7.12,900.03,0,0
TXN006938,635.29,Card,Bank Decline,980,17,3,3,29.5,1805.74,0,1
TXN006939,200.39,Card,Authentication Failed,202,16,4,1,5.73,518.77,0,1
TXN006940,441.54,UPI,Network Error,1461,20,4,1,27.34,2784.46,1,1
TXN006941,2074.14,Net Banking,Expired Card,730,24,3,0,6.56,4938.89,0,0
TXN006942,2281.2,Net Banking,Insufficient Funds,559,21,6,2,14.49,813.81,0,1
TXN006943,907.2,Card,Bank Decline,868,17,6,0,34.66,635.77,0,1
TXN006944,2287.66,UPI,Network Error,890,24,4,0,3.22,989.15,0,0
TXN006945,2567.62,Card,Insufficient Funds,464,14,5,2,7.74,2050.22,0,1
TXN006946,1260.39,Card,Insufficient Funds,826,21,9,2,23.23,1243.21,1,0
TXN006947,572.44,UPI,Authentication Failed,1075,17,5,0,4.23,1966.73,1,1
TXN006948,1631.0,UPI,Authentication Failed,44,14,8,1,1.3,1119.02,1,0
TXN006949,1699.83,Net Banking,Insufficient Funds,682,21,4,0,69.55,3509.77,0,0
TXN006950,2011.33,UPI,Bank Decline,347,18,3,3,7.65,1884.03,1,0
TXN006951,2389.56,Card,Authentication Failed,308,23,2,1,37.96,663.41,0,1
TXN006952,321.84,Card,Insufficient Funds,641,21,8,2,4.49,354.54,0,0
TXN006953,693.02,Card,Expired Card,1223,18,1,0,13.59,2522.19,0,1
TXN006954,198.59,UPI,Authentication Failed,904,16,3,0,36.45,1486.07,0,1
TXN006955,2148.01,Net Banking,Authentication Failed,622,19,1,4,1.15,1992.48,1,1
TXN006956,905.89,UPI,Network Error,138,17,3,2,25.23,2530.68,0,1
TXN006957,1616.04,Card,Insufficient Funds,1498,22,3,0,2.56,980.61,0,0
TXN006958,290.58,Card,Insufficient Funds,1200,20,4,1,4.66,2016.81,0,1
TXN006959,3869.51,Card,Authentication Failed,951,26,4,3,7.9,1110.34,0,0
TXN006960,374.31,Wallet,Authentication Failed,891,20,3,3,6.31,1164.67,0,0
TXN006961,2201.97,Card,Network Error,1295,14,4,3,8.42,4176.69,0,1
TXN006962,1219.45,UPI,Limit Exceeded,1229,17,8,0,21.39,1143.39,0,1
TXN006963,924.73,Wallet,Limit Exceeded,1313,24,4,2,5.03,495.21,1,0
TXN006964,859.93,Card,Expired Card,1435,28,6,3,17.1,534.15,0,0
TXN006965,617.54,UPI,Limit Exceeded,1234,7,10,0,16.27,2197.63,0,0
TXN006966,3518.1,UPI,Expired Card,477,14,3,1,5.0,1223.34,1,0
TXN006967,1109.15,Net Banking,Network Error,355,13,3,1,1.5,1025.54,1,1
TXN006968,349.92,UPI,Bank Decline,49,22,5,1,5.2,1335.16,0,0
TXN006969,776.22,Card,Limit Exceeded,782,11,2,1,18.89,1070.48,1,1
TXN006970,1230.91,Card,Network Error,488,14,3,0,5.29,1935.22,1,1
TXN006971,2460.27,UPI,Bank Decline,1407,20,3,0,4.31,790.02,0,0
TXN006972,636.41,Card,Limit Exceeded,84,13,2,0,49.73,1868.36,1,0
TXN006973,675.87,UPI,Expired Card,1066,22,5,3,57.31,1701.89,1,1
TXN006974,1120.01,UPI,Authentication Failed,1413,17,3,0,9.18,1391.82,0,1
TXN006975,2406.87,Card,Insufficient Funds,822,20,5,0,27.03,761.48,1,0
TXN006976,319.94,Card,Expired Card,1204,15,4,0,1.34,2311.24,0,0
TXN006977,1728.17,Card,Bank Decline,934,15,3,3,42.31,2577.5,0,0
TXN006978,722.23,Net Banking,Authentication Failed,653,12,4,0,7.64,366.33,0,0
TXN006979,818.94,Net Banking,Insufficient Funds,1360,18,5,1,26.14,1397.77,1,0
TXN006980,6643.66,UPI,Expired Card,658,20,2,2,19.2,605.17,0,0
TXN006981,918.9,UPI,Limit Exceeded,1085,13,4,0,9.28,1030.39,0,1
TXN006982,2162.94,Card,Bank Decline,770,12,4,2,1.44,1151.86,0,1
TXN006983,2094.4,Net Banking,Authentication Failed,285,18,4,0,17.21,1528.45,0,1
TXN006984,379.17,Net Banking,Authentication Failed,465,15,3,1,1.34,1153.9,0,0
TXN006985,208.33,Net Banking,Bank Decline,698,20,4,0,57.65,931.94,0,0
TXN006986,2295.91,UPI,Insufficient Funds,531,14,4,0,10.08,1471.76,0,1
TXN006987,413.56,Card,Bank Decline,1485,26,4,0,6.19,502.33,1,0
TXN006988,245.24,Card,Bank Decline,498,14,2,2,4.2,989.87,0,1
TXN006989,2761.55,UPI,Authentication Failed,80,11,7,0,1.39,1038.07,0,0
TXN006990,438.13,UPI,Authentication Failed,1485,15,2,0,22.17,681.99,0,0
TXN006991,547.16,Net Banking,Insufficient Funds,825,18,1,1,84.0,369.18,0,0
TXN006992,6482.98,UPI,Network Error,161,16,2,0,11.06,1300.14,1,0
TXN006993,246.22,UPI,Network Error,525,18,5,3,21.95,658.86,0,0
TXN006994,354.02,UPI,Insufficient Funds,381,18,3,0,11.93,542.36,0,1
TXN006995,725.07,Net Banking,Bank Decline,1336,21,3,1,9.34,3162.79,0,0
TXN006996,883.39,Card,Bank Decline,349,31,5,2,8.11,728.67,1,0
TXN006997,490.6,Card,Network Error,671,22,5,1,40.56,730.45,0,0
TXN006998,386.53,Net Banking,Expired Card,50,17,4,0,25.72,2362.29,0,0
TXN006999,4268.4,UPI,Expired Card,554,13,2,2,35.24,631.96,1,0
TXN007000,1389.48,Card,Insufficient Funds,1471,19,3,3,1.83,835.02,1,0
TXN007001,1856.88,UPI,Limit Exceeded,1127,23,4,2,8.09,536.79,0,1
TXN007002,969.23,UPI,Expired Card,171,10,4,0,4.21,1699.0,0,0
TXN007003,1422.98,Net Banking,Authentication Failed,752,19,5,1,3.38,953.08,0,1
TXN007004,2539.22,Card,Bank Decline,1133,12,3,0,38.44,1158.98,0,1
TXN007005,447.35,UPI,Authentication Failed,442,13,3,1,39.58,1034.38,0,1
TXN007006,1391.8,UPI,Authentication Failed,1411,18,4,2,15.27,425.06,0,1
TXN007007,2051.73,Card,Bank Decline,453,28,8,0,5.4,761.96,0,1
TXN007008,4404.22,UPI,Bank Decline,1037,19,3,1,66.29,1472.48,0,1
TXN007009,6330.29,UPI,Authentication Failed,1124,13,1,0,2.09,1517.6,0,0
TXN007010,1167.8,UPI,Expired Card,450,14,2,0,26.99,469.08,0,1
TXN007011,3055.73,UPI,Authentication Failed,485,12,3,1,7.18,1292.59,0,0
TXN007012,99.17,Net Banking,Limit Exceeded,43,16,4,4,9.28,2555.11,1,0
TXN007013,4433.99,UPI,Network Error,104,28,1,0,29.04,1257.92,0,1
TXN007014,570.61,UPI,Insufficient Funds,820,22,6,0,0.66,1133.41,0,0
TXN007015,882.72,Card,Bank Decline,1051,17,4,3,11.38,962.9,0,1
TXN007016,1631.07,Net Banking,Authentication Failed,1262,12,3,1,9.5,2779.08,0,1
TXN007017,955.18,UPI,Bank Decline,474,17,1,4,5.48,898.49,1,0
TXN007018,1308.72,UPI,Insufficient Funds,360,25,4,0,59.54,2565.43,1,0
TXN007019,4577.57,UPI,Expired Card,78,13,4,0,12.38,1661.03,1,0
TXN007020,776.04,Card,Limit Exceeded,1382,24,3,0,10.26,1900.11,0,0
TXN007021,412.31,Card,Bank Decline,1082,17,6,1,21.05,784.94,0,0
TXN007022,5608.94,Net Banking,Bank Decline,1252,14,4,0,24.49,804.47,1,0
TXN007023,1761.79,Wallet,Bank Decline,1030,19,7,0,5.48,1342.12,0,0
TXN007024,6185.82,Net Banking,Insufficient Funds,1355,15,6,0,6.5,2819.28,0,1
TXN007025,2385.75,Card,Limit Exceeded,996,18,2,1,0.7,283.78,0,1
TXN007026,333.21,Card,Bank Decline,466,21,2,0,86.6,625.51,1,0
TXN007027,1960.29,UPI,Authentication Failed,1197,18,0,4,0.0,698.66,0,1
TXN007028,452.35,Wallet,Limit Exceeded,1313,21,4,0,11.77,3044.13,0,1
TXN007029,1103.99,UPI,Expired Card,507,17,2,3,10.59,934.45,0,1
TXN007030,1024.39,UPI,Bank Decline,723,22,4,0,29.39,1799.51,0,1
TXN007031,255.72,Card,Network Error,373,18,4,1,1.29,976.94,0,1
TXN007032,527.67,UPI,Bank Decline,1066,17,4,3,6.72,1034.07,1,0
TXN007033,7979.8,Card,Bank Decline,613,21,5,1,23.06,840.95,0,0
TXN007034,1359.05,Card,Limit Exceeded,534,20,4,0,69.87,813.15,0,1
TXN007035,936.33,Card,Network Error,1005,20,3,1,100.21,699.81,0,0
TXN007036,5606.05,Net Banking,Limit Exceeded,755,18,3,0,3.57,1364.38,0,0
TXN007037,767.69,UPI,Insufficient Funds,608,19,5,1,1.34,561.04,0,0
TXN007038,1010.02,Card,Insufficient Funds,626,18,2,1,12.19,2322.7,0,1
TXN007039,2675.05,Card,Authentication Failed,261,14,2,1,0.65,2638.71,0,1
TXN007040,764.59,Card,Network Error,936,14,3,0,11.42,1136.08,0,0
TXN007041,560.11,Net Banking,Network Error,683,28,4,0,52.13,511.69,0,1
TXN007042,144.26,UPI,Network Error,1230,20,4,0,33.22,965.44,0,1
TXN007043,472.08,Card,Insufficient Funds,842,13,5,0,0.85,893.22,0,1
TXN007044,468.05,UPI,Expired Card,675,21,4,3,0.4,575.06,0,0
TXN007045,1264.85,Net Banking,Insufficient Funds,1061,22,3,0,9.78,1411.5,1,1
TXN007046,633.07,UPI,Network Error,607,6,2,1,2.11,562.11,0,0
TXN007047,7648.14,Card,Network Error,492,15,3,0,8.32,3089.94,0,1
TXN007048,423.32,UPI,Authentication Failed,265,22,4,0,21.56,1756.51,0,1
TXN007049,3868.34,UPI,Network Error,259,22,4,1,7.36,375.97,1,0
TXN007050,1336.46,Card,Insufficient Funds,500,17,6,0,8.17,2417.68,0,0
TXN007051,2266.74,Net Banking,Network Error,1264,21,7,0,1.49,2135.74,1,0
TXN007052,2146.12,Card,Insufficient Funds,1137,23,0,0,42.19,1308.62,0,0
TXN007053,148.95,Net Banking,Insufficient Funds,796,20,3,0,31.51,1219.06,1,1
TXN007054,1085.29,Card,Insufficient Funds,342,18,4,0,8.51,1426.17,1,1
TXN007055,866.1,Card,Network Error,59,23,4,2,14.66,941.81,0,1
TXN007056,395.57,UPI,Insufficient Funds,693,20,5,1,12.23,1640.68,0,0
TXN007057,1658.49,Net Banking,Bank Decline,1072,12,4,0,4.38,478.93,0,1
TXN007058,5140.4,UPI,Authentication Failed,1290,16,5,0,4.72,283.35,0,0
TXN007059,98.92,Net Banking,Expired Card,1399,19,2,0,12.46,1883.32,1,0
TXN007060,677.88,Net Banking,Insufficient Funds,216,18,10,2,9.92,1245.22,0,0
TXN007061,357.38,Net Banking,Bank Decline,1496,11,5,0,9.37,941.77,0,1
TXN007062,1169.81,Card,Expired Card,1072,14,4,0,32.7,2243.27,0,1
TXN007063,818.06,Card,Authentication Failed,1019,18,8,0,0.43,610.25,0,1
TXN007064,635.8,Net Banking,Insufficient Funds,1383,21,6,2,58.47,1598.2,1,1
TXN007065,2039.7,UPI,Limit Exceeded,688,11,0,0,28.23,1462.31,1,1
TXN007066,4781.76,Card,Network Error,900,15,3,0,40.55,623.23,1,1
TXN007067,12030.34,UPI,Network Error,1289,20,4,0,18.78,3508.93,1,0
TXN007068,563.59,Card,Authentication Failed,343,18,4,3,6.01,751.11,0,0
TXN007069,212.98,UPI,Limit Exceeded,722,21,3,2,13.27,861.35,1,1
TXN007070,1813.98,UPI,Authentication Failed,1425,23,6,0,10.64,2647.29,0,1
TXN007071,4672.44,UPI,Bank Decline,855,21,4,0,3.51,1158.44,0,0
TXN007072,2280.89,Card,Network Error,681,9,5,1,68.77,536.97,0,0
TXN007073,4655.07,Card,Network Error,111,14,1,0,6.48,2128.19,0,1
TXN007074,895.21,UPI,Bank Decline,709,16,1,0,0.77,1040.83,0,0
TXN007075,633.58,Card,Network Error,1154,14,3,3,12.07,686.71,1,0
TXN007076,1216.69,UPI,Bank Decline,1129,22,4,2,2.04,271.08,0,0
TXN007077,814.44,Card,Insufficient Funds,12,15,3,0,31.65,1201.43,0,0
TXN007078,1991.78,Card,Bank Decline,806,10,5,1,0.61,2129.99,1,1
TXN007079,2624.88,Card,Limit Exceeded,1297,17,3,0,0.94,596.49,0,0
TXN007080,2816.57,Card,Authentication Failed,1073,25,2,1,28.11,1287.29,0,0
TXN007081,1736.34,UPI,Bank Decline,659,20,6,0,2.45,1105.87,0,0
TXN007082,1368.18,Card,Expired Card,1299,17,6,1,14.92,327.39,1,1
TXN007083,2241.69,Card,Insufficient Funds,557,16,4,3,17.64,901.11,1,0
TXN007084,187.41,Card,Authentication Failed,948,17,3,1,95.68,2252.99,0,1
TXN007085,1325.46,Card,Network Error,680,27,6,0,5.28,1248.7,0,1
TXN007086,1149.67,UPI,Limit Exceeded,1225,23,3,1,6.31,1508.93,0,1
TXN007087,1328.46,Card,Limit Exceeded,934,25,3,0,1.23,1256.92,0,0
TXN007088,1013.47,Card,Bank Decline,330,16,4,0,0.93,489.7,0,1
TXN007089,1617.55,UPI,Network Error,622,21,3,0,9.48,317.56,0,1
TXN007090,653.84,UPI,Authentication Failed,763,16,4,0,19.35,582.08,1,1
TXN007091,3030.77,UPI,Insufficient Funds,1095,13,5,3,19.53,668.89,0,1
TXN007092,1679.56,Net Banking,Expired Card,207,13,6,0,26.99,1393.02,0,0
TXN007093,1255.91,Card,Authentication Failed,248,16,6,1,13.97,386.03,1,0
TXN007094,585.36,UPI,Bank Decline,1037,16,3,1,28.38,430.91,0,0
TXN007095,2284.23,UPI,Authentication Failed,1249,18,8,0,3.58,1334.7,0,0
TXN007096,1320.8,Card,Authentication Failed,9,14,2,2,18.1,1013.88,0,1
TXN007097,555.61,Net Banking,Limit Exceeded,860,18,2,0,27.11,522.38,0,1
TXN007098,1042.11,UPI,Bank Decline,1494,21,5,2,15.23,3179.42,1,1
TXN007099,1931.74,UPI,Bank Decline,974,15,2,0,23.16,617.14,0,1
TXN007100,1801.57,Net Banking,Insufficient Funds,971,28,3,0,2.75,1549.94,0,1
TXN007101,1699.87,UPI,Limit Exceeded,311,15,12,0,10.53,1276.01,0,1
TXN007102,1191.87,UPI,Limit Exceeded,320,22,6,1,34.31,1165.76,1,0
TXN007103,2760.69,Wallet,Expired Card,484,19,5,1,6.89,901.35,1,0
TXN007104,3340.97,Card,Bank Decline,802,19,1,2,41.26,3218.08,0,0
TXN007105,2129.39,UPI,Insufficient Funds,889,29,4,3,79.63,603.34,0,0
TXN007106,646.32,UPI,Limit Exceeded,1441,18,5,0,2.7,1418.22,0,1
TXN007107,423.16,UPI,Expired Card,504,18,4,3,2.88,1820.01,0,1
TXN007108,672.13,UPI,Authentication Failed,1387,19,3,0,8.46,238.3,0,0
TXN007109,6363.23,Net Banking,Limit Exceeded,77,18,4,0,14.9,1762.43,0,0
TXN007110,1413.08,UPI,Limit Exceeded,1043,12,7,1,25.91,321.91,1,1
TXN007111,7433.84,Card,Limit Exceeded,412,23,1,1,1.26,1478.57,1,1
TXN007112,984.19,Net Banking,Expired Card,1052,17,4,0,27.39,775.42,0,0
TXN007113,868.76,UPI,Bank Decline,901,14,3,0,3.21,483.16,0,1
TXN007114,1025.92,UPI,Authentication Failed,1339,18,3,0,1.6,744.16,0,1
TXN007115,1009.33,Card,Expired Card,1325,11,7,0,16.62,5602.68,0,0
TXN007116,546.6,Net Banking,Bank Decline,37,14,5,0,1.45,1009.45,1,1
TXN007117,389.96,Net Banking,Insufficient Funds,1092,18,3,0,1.37,673.47,0,1
TXN007118,1721.93,UPI,Bank Decline,1251,19,5,0,17.3,1103.5,1,1
TXN007119,2833.9,Card,Network Error,1389,15,3,0,21.6,534.91,0,1
TXN007120,9901.91,Card,Bank Decline,1413,24,2,1,45.3,721.3,0,0
TXN007121,742.23,Net Banking,Bank Decline,1367,17,6,0,56.84,1566.67,0,1
TXN007122,798.4,UPI,Network Error,168,26,4,0,11.67,1262.27,1,1
TXN007123,547.79,Card,Insufficient Funds,570,16,7,1,18.58,1539.38,1,0
TXN007124,3020.43,Net Banking,Limit Exceeded,164,19,9,3,27.1,1884.77,1,0
TXN007125,2283.55,UPI,Network Error,19,18,5,0,46.18,647.13,1,1
TXN007126,498.08,Card,Network Error,1216,12,5,1,0.4,524.08,0,0
TXN007127,486.88,UPI,Insufficient Funds,740,21,0,3,4.43,1677.56,0,1
TXN007128,2584.44,UPI,Bank Decline,759,16,5,0,13.38,693.33,0,0
TXN007129,1548.24,UPI,Bank Decline,315,16,2,3,4.74,1887.81,0,0
TXN007130,2170.15,Net Banking,Limit Exceeded,154,14,6,0,13.09,1725.99,0,0
TXN007131,495.47,UPI,Limit Exceeded,1027,18,6,0,20.46,764.64,1,0
TXN007132,202.36,Card,Bank Decline,1085,16,8,1,26.42,1094.92,0,0
TXN007133,498.96,Card,Network Error,933,13,3,1,32.53,950.36,1,0
TXN007134,2036.5,UPI,Bank Decline,577,16,6,4,93.83,552.53,1,0
TXN007135,7331.62,Card,Authentication Failed,674,11,5,0,38.11,1835.28,0,0
TXN007136,745.07,Card,Authentication Failed,698,20,2,4,7.68,1550.97,0,0
TXN007137,8503.82,Net Banking,Network Error,516,13,1,2,6.18,1684.96,1,0
TXN007138,2314.24,Card,Expired Card,592,21,3,0,6.47,2081.51,0,1
TXN007139,313.02,Card,Limit Exceeded,943,18,2,0,1.74,1303.59,1,1
TXN007140,1329.6,UPI,Expired Card,51,22,4,0,19.58,2463.29,0,0
TXN007141,2386.48,Net Banking,Expired Card,92,20,3,3,0.19,1101.17,1,1
TXN007142,123.6,UPI,Authentication Failed,1322,20,4,0,6.23,2282.03,0,1
TXN007143,1958.64,Net Banking,Network Error,270,16,5,0,26.23,2013.37,0,0
TXN007144,3150.92,UPI,Expired Card,1298,22,6,1,11.4,1338.38,0,1
TXN007145,1570.24,Net Banking,Limit Exceeded,1014,17,2,0,9.59,1340.07,1,1
TXN007146,1037.38,Card,Expired Card,1255,21,4,0,27.76,1528.5,0,1
TXN007147,938.58,Card,Limit Exceeded,222,21,8,1,9.27,843.66,0,0
TXN007148,890.52,UPI,Bank Decline,237,15,4,0,11.55,940.66,0,1
TXN007149,380.55,Card,Bank Decline,660,18,4,1,12.24,2733.21,0,1
TXN007150,590.65,Card,Insufficient Funds,1207,19,5,0,12.7,1113.6,0,0
TXN007151,753.75,Card,Network Error,708,12,4,1,1.93,1670.62,0,1
TXN007152,1214.57,UPI,Bank Decline,713,11,4,0,13.52,820.97,0,0
TXN007153,664.39,Wallet,Authentication Failed,519,16,3,3,8.81,2055.55,1,0
TXN007154,501.59,Net Banking,Network Error,1134,11,4,2,41.39,1240.88,1,1
TXN007155,2172.85,UPI,Limit Exceeded,1131,28,4,0,0.23,3033.93,0,1
TXN007156,1530.81,Net Banking,Bank Decline,311,12,1,0,13.08,527.31,0,1
TXN007157,674.99,Card,Limit Exceeded,357,20,9,0,66.05,3915.07,1,0
TXN007158,1729.61,Card,Network Error,809,21,5,0,0.28,1481.17,0,1
TXN007159,729.35,UPI,Expired Card,457,28,5,0,21.13,383.53,0,1
TXN007160,1160.68,Card,Bank Decline,1299,20,5,1,0.55,818.61,0,1
TXN007161,2637.38,Card,Network Error,1402,23,2,0,35.71,1608.6,1,1
TXN007162,636.91,UPI,Expired Card,939,15,2,0,3.94,386.39,1,1
TXN007163,381.77,Card,Network Error,1068,16,1,0,31.39,1598.01,0,1
TXN007164,962.35,Card,Authentication Failed,908,23,10,4,44.72,1392.94,1,0
TXN007165,321.46,Card,Authentication Failed,768,20,1,3,2.63,1420.59,1,1
TXN007166,854.31,UPI,Authentication Failed,739,21,5,0,1.86,1438.73,0,0
TXN007167,851.86,Net Banking,Expired Card,69,21,3,0,32.61,310.27,0,0
TXN007168,119.42,Card,Authentication Failed,511,28,0,0,3.47,1268.94,0,1
TXN007169,1767.94,UPI,Limit Exceeded,951,19,3,0,0.99,528.63,0,1
TXN007170,930.37,UPI,Bank Decline,271,16,7,0,4.49,1076.06,1,1
TXN007171,3177.05,Card,Bank Decline,541,18,2,1,4.14,595.4,1,1
TXN007172,1331.39,Net Banking,Bank Decline,1109,14,8,0,20.21,1007.66,0,0
TXN007173,2126.11,UPI,Insufficient Funds,1215,22,3,0,11.5,1314.99,0,0
TXN007174,3200.41,Card,Insufficient Funds,952,18,5,0,26.12,451.7,0,0
TXN007175,974.04,UPI,Insufficient Funds,501,18,3,1,4.84,2030.17,0,1
TXN007176,1095.82,Card,Expired Card,1400,16,3,1,12.15,1950.55,0,1
TXN007177,266.08,Wallet,Bank Decline,909,14,2,2,2.01,812.0,0,1
TXN007178,3346.21,Net Banking,Bank Decline,770,18,0,0,11.5,952.05,0,1
TXN007179,961.86,UPI,Limit Exceeded,861,16,5,0,12.46,2248.34,1,1
TXN007180,443.56,Card,Limit Exceeded,337,11,1,3,43.65,1192.42,0,1
TXN007181,2133.99,UPI,Authentication Failed,1470,17,7,3,53.47,368.25,1,1
TXN007182,154.19,UPI,Expired Card,1268,18,1,2,37.47,1321.06,1,1
TXN007183,745.2,Net Banking,Bank Decline,910,17,5,1,46.02,1846.8,0,0
TXN007184,2483.64,Net Banking,Bank Decline,298,13,4,0,0.86,3798.08,1,0
TXN007185,739.56,UPI,Bank Decline,432,23,3,4,31.56,484.49,1,1
TXN007186,574.71,Net Banking,Insufficient Funds,301,13,3,0,1.24,942.13,0,0
TXN007187,754.05,Card,Bank Decline,839,25,1,0,15.27,707.63,0,1
TXN007188,179.66,UPI,Authentication Failed,506,24,4,1,1.6,1755.42,0,0
TXN007189,2087.93,Card,Insufficient Funds,851,14,7,1,28.18,3472.35,0,0
TXN007190,981.81,Card,Insufficient Funds,659,22,4,4,0.04,1938.04,1,0
TXN007191,858.26,Card,Insufficient Funds,1067,16,8,1,8.72,849.83,0,0
TXN007192,861.09,Card,Expired Card,640,22,2,0,13.57,1486.36,0,1
TXN007193,1110.62,Card,Bank Decline,1427,16,6,1,5.69,1126.33,1,1
TXN007194,1974.55,UPI,Bank Decline,756,12,2,0,12.67,2493.73,0,1
TXN007195,1046.43,Net Banking,Insufficient Funds,402,18,2,1,37.6,1764.32,1,1
TXN007196,321.99,Card,Bank Decline,1052,18,3,0,16.95,1134.41,1,1
TXN007197,1840.82,UPI,Insufficient Funds,1370,24,4,0,14.5,881.32,0,0
TXN007198,1717.65,Card,Network Error,501,11,7,1,71.27,1037.62,0,0
TXN007199,1319.46,Net Banking,Insufficient Funds,1433,19,3,2,8.9,1940.31,1,1
TXN007200,2886.26,Net Banking,Limit Exceeded,1233,21,4,2,38.46,663.86,0,0
TXN007201,1127.03,UPI,Network Error,932,21,2,3,18.73,1104.33,1,1
TXN007202,2981.67,UPI,Expired Card,956,17,4,0,26.86,2383.49,0,1
TXN007203,3891.27,Card,Bank Decline,1376,15,4,1,6.73,272.68,1,1
TXN007204,1852.11,UPI,Bank Decline,1045,23,3,1,16.98,801.92,0,0
TXN007205,559.4,Net Banking,Insufficient Funds,1060,19,3,3,33.97,896.91,0,0
TXN007206,974.86,UPI,Network Error,1059,18,3,2,17.68,2400.52,1,1
TXN007207,3344.16,UPI,Network Error,166,15,5,0,20.29,1883.27,1,0
TXN007208,284.9,UPI,Bank Decline,676,16,1,1,12.88,596.75,0,1
TXN007209,770.66,UPI,Limit Exceeded,626,20,5,3,2.45,641.7,0,0
TXN007210,805.39,Net Banking,Limit Exceeded,633,18,3,4,24.91,1121.03,1,0
TXN007211,503.36,Card,Limit Exceeded,278,12,5,2,21.37,631.15,0,0
TXN007212,2405.69,UPI,Insufficient Funds,426,23,3,0,12.33,3342.06,1,1
TXN007213,1539.38,UPI,Network Error,856,13,2,3,9.29,863.0,1,0
TXN007214,578.27,Card,Insufficient Funds,495,21,2,1,19.79,2069.26,1,1
TXN007215,1891.19,UPI,Expired Card,182,25,5,0,21.68,652.95,0,1
TXN007216,950.92,Card,Bank Decline,1261,17,4,0,8.68,718.33,0,1
TXN007217,492.17,Card,Insufficient Funds,802,18,4,2,6.59,1819.02,1,0
TXN007218,577.31,Card,Authentication Failed,1348,20,3,3,63.05,2593.21,1,0
TXN007219,1623.67,Net Banking,Network Error,768,11,3,1,67.16,335.54,1,0
TXN007220,2553.22,Net Banking,Bank Decline,473,22,3,0,8.43,3072.05,1,1
TXN007221,707.62,Net Banking,Insufficient Funds,446,20,4,4,58.31,796.37,1,0
TXN007222,1790.05,UPI,Network Error,1086,16,7,1,15.82,2742.53,1,0
TXN007223,4553.17,UPI,Authentication Failed,1361,23,3,2,0.26,305.04,0,1
TXN007224,353.19,UPI,Network Error,279,18,3,1,2.11,733.09,0,1
TXN007225,1510.36,Net Banking,Authentication Failed,708,17,3,0,4.48,552.96,0,0
TXN007226,2315.98,Wallet,Insufficient Funds,1051,21,4,3,30.27,1036.22,0,0
TXN007227,1006.63,Net Banking,Network Error,171,17,1,0,23.8,1218.74,0,1
TXN007228,3342.44,UPI,Limit Exceeded,889,17,4,4,31.47,1307.05,0,0
TXN007229,7934.32,Net Banking,Network Error,1448,16,1,4,13.22,2208.71,1,1
TXN007230,1493.71,Card,Insufficient Funds,998,15,9,0,14.85,1235.73,0,0
TXN007231,888.71,UPI,Network Error,962,12,6,0,0.84,750.76,0,1
TXN007232,2641.98,Card,Network Error,1297,18,3,0,4.33,2587.91,0,1
TXN007233,2339.9,UPI,Expired Card,1368,16,7,0,11.11,1682.3,0,1
TXN007234,113.64,Card,Limit Exceeded,891,17,5,1,28.87,1642.46,0,0
TXN007235,1093.94,UPI,Limit Exceeded,194,15,9,0,18.68,930.11,0,1
TXN007236,768.82,Card,Expired Card,214,15,3,3,17.48,1592.86,0,1
TXN007237,1567.18,Card,Insufficient Funds,80,17,3,1,40.32,1079.56,0,0
TXN007238,921.23,Net Banking,Bank Decline,680,19,4,1,16.57,713.71,1,0
TXN007239,1015.71,Card,Limit Exceeded,679,15,6,1,5.76,1119.56,0,1
TXN007240,504.27,Card,Authentication Failed,1424,20,4,0,12.02,632.96,1,1
TXN007241,2124.04,Net Banking,Insufficient Funds,496,20,7,1,22.56,1174.37,1,0
TXN007242,4863.62,Net Banking,Network Error,578,16,5,0,32.05,2221.72,0,0
TXN007243,511.37,UPI,Bank Decline,1056,16,1,1,13.63,760.5,1,1
TXN007244,311.89,Card,Bank Decline,880,24,7,0,29.89,721.2,1,0
TXN007245,1116.55,UPI,Network Error,521,19,2,0,82.21,3060.72,0,1
TXN007246,1068.71,UPI,Network Error,1287,14,3,0,1.15,949.85,1,1
TXN007247,3145.85,Card,Insufficient Funds,286,16,4,2,23.61,735.57,1,0
TXN007248,362.75,Net Banking,Limit Exceeded,824,17,3,0,47.14,691.95,0,0
TXN007249,675.76,UPI,Limit Exceeded,945,20,3,0,12.48,308.93,1,1
TXN007250,158.71,Net Banking,Authentication Failed,766,23,4,0,8.63,4704.43,0,1
TXN007251,3780.02,Net Banking,Insufficient Funds,562,14,4,4,14.44,1454.53,1,0
TXN007252,1374.01,Net Banking,Network Error,1063,19,5,0,42.91,661.66,0,1
TXN007253,722.64,UPI,Bank Decline,1324,17,5,0,34.38,1904.92,0,1
TXN007254,333.6,Net Banking,Bank Decline,1338,14,2,4,16.5,1217.6,1,1
TXN007255,362.34,UPI,Network Error,297,25,4,1,48.33,1029.41,1,1
TXN007256,1592.15,Card,Limit Exceeded,791,22,3,1,23.2,1438.81,1,0
TXN007257,404.77,UPI,Insufficient Funds,832,16,5,2,8.49,2142.43,0,0
TXN007258,1204.24,UPI,Authentication Failed,1334,20,1,1,4.89,879.19,0,1
TXN007259,6895.68,Card,Limit Exceeded,1073,10,8,1,17.95,4023.34,0,0
TXN007260,802.05,Card,Limit Exceeded,977,20,1,4,25.82,633.26,0,0
TXN007261,461.6,UPI,Limit Exceeded,748,19,4,1,19.71,1355.19,1,0
TXN007262,1546.59,UPI,Bank Decline,89,17,4,1,17.16,1542.31,0,1
TXN007263,363.87,Card,Limit Exceeded,1234,16,2,0,1.7,953.68,0,1
TXN007264,5156.36,UPI,Bank Decline,648,20,5,0,16.39,3127.03,0,0
TXN007265,3878.71,Net Banking,Authentication Failed,1168,17,8,1,0.19,2769.97,1,1
TXN007266,946.0,UPI,Insufficient Funds,89,23,6,1,0.74,2854.99,0,0
TXN007267,489.04,UPI,Bank Decline,654,22,2,2,5.21,1083.58,1,1
TXN007268,747.55,UPI,Network Error,625,17,3,2,2.37,1323.6,1,0
TXN007269,840.42,Card,Bank Decline,157,27,3,1,4.67,3012.02,0,0
TXN007270,1548.76,UPI,Bank Decline,950,17,4,0,63.12,660.4,0,1
TXN007271,2795.23,UPI,Network Error,866,25,3,2,48.91,1937.82,0,0
TXN007272,431.44,Wallet,Authentication Failed,325,29,3,2,1.34,3175.2,1,0
TXN007273,2723.9,Card,Network Error,1277,13,2,0,1.59,543.98,1,1
TXN007274,1912.02,UPI,Bank Decline,1067,19,4,0,15.68,278.05,1,1
TXN007275,694.36,Card,Bank Decline,1298,21,2,1,52.3,648.9,0,0
TXN007276,412.39,Net Banking,Bank Decline,121,19,6,4,25.82,665.55,0,0
TXN007277,1217.57,UPI,Network Error,1111,18,1,2,20.99,867.45,1,1
TXN007278,422.58,UPI,Limit Exceeded,711,22,4,2,9.29,1481.22,1,1
TXN007279,2755.39,Card,Insufficient Funds,732,19,4,0,21.96,888.24,0,0
TXN007280,398.82,Card,Bank Decline,1366,18,5,1,16.62,1376.39,1,1
TXN007281,1795.31,Card,Bank Decline,1114,16,4,1,28.22,419.33,0,0
TXN007282,1019.89,UPI,Bank Decline,893,13,5,0,45.35,6162.39,0,1
TXN007283,662.11,UPI,Bank Decline,784,18,2,0,24.14,1439.22,0,1
TXN007284,999.7,Card,Limit Exceeded,816,15,8,0,4.89,1320.55,1,1
TXN007285,2898.6,UPI,Bank Decline,160,18,5,3,11.71,902.07,1,1
TXN007286,375.02,Card,Network Error,259,17,3,2,23.07,378.15,0,1
TXN007287,756.77,Card,Network Error,508,22,2,1,30.52,783.2,1,1
TXN007288,557.48,UPI,Bank Decline,454,16,1,2,4.51,555.22,0,0
TXN007289,1059.17,Net Banking,Expired Card,1303,16,1,1,14.74,373.43,1,1
TXN007290,592.17,Net Banking,Network Error,936,23,6,3,50.46,815.13,1,1
TXN007291,223.35,Card,Bank Decline,831,12,3,0,20.03,907.4,0,1
TXN007292,424.27,UPI,Limit Exceeded,860,19,4,0,14.02,669.06,0,0
TXN007293,4788.53,UPI,Bank Decline,513,21,6,0,21.59,1326.08,0,0
TXN007294,1369.3,Card,Authentication Failed,138,11,2,0,14.87,1576.76,0,1
TXN007295,1327.6,UPI,Network Error,1355,23,5,0,6.18,1500.8,0,0
TXN007296,850.35,Wallet,Network Error,357,12,2,4,9.41,1178.47,0,1
TXN007297,1046.85,UPI,Authentication Failed,1113,17,5,3,32.07,643.88,1,0
TXN007298,744.84,Card,Limit Exceeded,824,21,2,0,15.98,423.83,0,0
TXN007299,1762.05,UPI,Network Error,132,23,0,0,10.03,820.55,0,1
TXN007300,1200.78,Card,Limit Exceeded,1244,19,3,0,2.16,2315.12,0,1
TXN007301,382.17,UPI,Bank Decline,841,16,7,0,2.2,786.59,0,1
TXN007302,1377.95,Card,Network Error,902,16,4,0,2.95,1126.28,0,1
TXN007303,119.96,UPI,Insufficient Funds,961,18,5,2,46.91,692.81,0,0
TXN007304,1591.57,Net Banking,Insufficient Funds,468,17,0,2,56.74,949.1,0,1
TXN007305,308.46,UPI,Limit Exceeded,631,21,4,4,23.79,1139.32,1,1
TXN007306,1005.81,Net Banking,Insufficient Funds,111,27,6,1,0.88,892.44,1,1
TXN007307,374.22,Net Banking,Insufficient Funds,1401,21,1,3,16.6,367.03,0,1
TXN007308,1099.42,UPI,Limit Exceeded,69,30,7,1,17.62,385.15,1,1
TXN007309,1845.4,Net Banking,Insufficient Funds,969,21,6,1,75.2,1898.49,1,1
TXN007310,4240.96,UPI,Bank Decline,757,19,5,0,4.93,496.59,0,1
TXN007311,273.9,Wallet,Network Error,1499,18,6,3,23.11,984.23,0,1
TXN007312,2638.39,Card,Network Error,32,16,5,3,91.03,880.18,0,0
TXN007313,1234.03,UPI,Limit Exceeded,7,20,3,2,50.37,722.11,1,1
TXN007314,730.99,UPI,Network Error,100,20,4,4,7.88,1348.31,0,0
TXN007315,2173.01,UPI,Network Error,889,25,5,2,2.74,2065.21,1,1
TXN007316,886.84,Wallet,Expired Card,458,21,3,0,1.44,1712.48,1,0
TXN007317,2091.79,UPI,Network Error,1042,12,5,1,1.11,2163.41,1,1
TXN007318,448.97,Card,Network Error,304,9,4,0,1.66,1836.76,0,0
TXN007319,620.36,Card,Authentication Failed,1450,25,3,3,70.0,1015.35,0,0
TXN007320,2563.79,Net Banking,Bank Decline,1197,9,3,2,78.08,2534.37,0,1
TXN007321,4174.96,UPI,Bank Decline,260,14,7,2,2.21,2790.89,0,0
TXN007322,1062.6,Card,Insufficient Funds,1324,19,5,0,1.54,508.19,0,1
TXN007323,89.25,Card,Network Error,1174,21,6,1,19.66,3250.05,0,0
TXN007324,916.77,Card,Insufficient Funds,215,23,7,1,30.75,1665.38,0,1
TXN007325,1129.11,UPI,Network Error,1256,14,7,1,25.55,3024.33,0,1
TXN007326,889.36,UPI,Limit Exceeded,1488,20,5,2,0.17,3377.9,0,0
TXN007327,1484.31,UPI,Network Error,913,20,6,0,10.27,1431.48,0,1
TXN007328,713.93,Card,Bank Decline,290,19,3,0,22.92,1293.28,0,1
TXN007329,2333.17,UPI,Limit Exceeded,1141,16,3,2,30.16,1364.16,0,0
TXN007330,383.74,Card,Bank Decline,356,23,3,2,21.33,944.59,0,1
TXN007331,3338.12,UPI,Limit Exceeded,1363,17,3,1,7.2,645.93,0,0
TXN007332,4425.2,Net Banking,Network Error,1110,15,3,0,5.68,1853.03,0,1
TXN007333,482.15,Net Banking,Insufficient Funds,1416,23,4,1,31.79,2511.46,0,1
TXN007334,481.91,Card,Authentication Failed,1434,17,4,0,14.11,2352.67,0,1
TXN007335,1587.04,UPI,Insufficient Funds,1358,21,4,0,5.28,546.84,1,1
TXN007336,376.72,UPI,Authentication Failed,1324,29,3,2,36.36,410.36,0,1
TXN007337,703.91,UPI,Insufficient Funds,190,17,4,0,30.54,1136.8,0,0
TXN007338,2958.02,UPI,Bank Decline,218,17,9,1,12.24,622.93,1,1
TXN007339,2129.93,Card,Insufficient Funds,1281,17,2,1,29.93,939.34,0,1
TXN007340,6517.05,Card,Insufficient Funds,173,19,2,0,1.97,1136.25,0,1
TXN007341,1278.84,Net Banking,Limit Exceeded,1192,20,3,0,42.85,1170.64,0,1
TXN007342,632.86,UPI,Expired Card,1303,19,6,0,68.55,770.54,0,0
TXN007343,1148.39,Card,Limit Exceeded,881,10,4,2,0.2,1908.82,0,0
TXN007344,957.64,Card,Bank Decline,1449,17,6,0,36.29,2989.68,0,0
TXN007345,969.81,Card,Bank Decline,413,14,4,4,25.1,3046.73,0,0
TXN007346,1073.39,UPI,Expired Card,1422,22,4,0,34.77,1104.6,1,1
TXN007347,474.1,Card,Bank Decline,444,12,6,1,6.34,2023.61,0,0
TXN007348,1413.74,Card,Expired Card,1117,14,5,1,55.83,1759.75,0,0
TXN007349,308.65,Card,Expired Card,411,19,3,0,32.21,1163.99,0,0
TXN007350,575.28,Net Banking,Insufficient Funds,281,17,1,3,9.56,752.54,0,0
TXN007351,985.36,UPI,Limit Exceeded,1445,20,6,0,27.96,2381.92,0,1
TXN007352,143.51,UPI,Expired Card,568,13,1,2,9.99,1115.63,0,1
TXN007353,2190.95,Card,Expired Card,1357,17,6,2,7.2,725.47,0,1
TXN007354,172.8,Card,Insufficient Funds,118,18,1,2,2.84,2189.98,0,1
TXN007355,2003.46,UPI,Bank Decline,798,13,5,3,47.28,825.22,0,1
TXN007356,342.57,Card,Bank Decline,308,23,3,1,4.74,706.09,0,1
TXN007357,761.72,Wallet,Bank Decline,142,14,7,1,12.88,937.79,1,1
TXN007358,1749.73,Net Banking,Bank Decline,339,21,9,1,13.53,1884.15,1,1
TXN007359,7929.34,UPI,Limit Exceeded,1033,16,6,1,0.62,978.86,0,1
TXN007360,1217.81,Net Banking,Expired Card,1192,20,2,0,28.67,1690.53,0,1
TXN007361,184.13,Card,Network Error,83,14,6,4,21.28,352.77,0,1
TXN007362,2587.18,Card,Bank Decline,191,21,4,0,6.16,667.68,0,0
TXN007363,890.05,Card,Authentication Failed,576,24,5,0,48.61,1077.6,0,0
TXN007364,1167.85,Net Banking,Insufficient Funds,1193,17,6,1,85.94,1231.61,1,1
TXN007365,1811.8,Card,Limit Exceeded,1051,21,5,0,20.17,836.3,0,1
TXN007366,147.99,UPI,Authentication Failed,959,15,5,0,24.86,1402.01,0,1
TXN007367,1103.1,Card,Expired Card,1328,13,9,3,1.1,2998.61,1,0
TXN007368,758.45,Card,Authentication Failed,305,16,3,1,10.29,680.67,0,1
TXN007369,3293.32,UPI,Expired Card,1312,11,5,0,0.45,2531.69,0,1
TXN007370,2109.91,Net Banking,Insufficient Funds,478,12,5,2,22.85,889.72,1,0
TXN007371,253.58,Card,Insufficient Funds,416,12,6,0,31.98,2871.83,0,1
TXN007372,3416.47,Card,Bank Decline,1422,17,5,1,2.28,1780.09,1,0
TXN007373,1643.48,UPI,Insufficient Funds,693,8,4,2,1.77,715.75,1,1
TXN007374,272.46,Card,Expired Card,171,24,5,1,31.2,1546.21,0,0
TXN007375,1153.06,UPI,Bank Decline,1112,22,6,0,12.73,451.31,0,1
TXN007376,2783.16,UPI,Limit Exceeded,664,22,0,1,33.72,543.28,1,1
TXN007377,367.73,Card,Bank Decline,170,15,1,1,9.07,775.84,0,0
TXN007378,3788.86,UPI,Network Error,110,17,6,1,3.45,1198.69,1,1
TXN007379,281.08,Card,Authentication Failed,1160,16,0,0,8.34,525.36,0,1
TXN007380,538.02,UPI,Bank Decline,602,19,2,1,5.89,288.59,0,1
TXN007381,469.38,Card,Expired Card,126,24,5,0,12.81,835.25,0,0
TXN007382,3786.66,UPI,Limit Exceeded,265,25,3,1,39.86,840.91,1,0
TXN007383,704.92,Wallet,Bank Decline,1134,10,8,0,7.96,400.5,0,0
TXN007384,385.09,Card,Network Error,370,18,2,0,23.92,821.6,0,1
TXN007385,1637.11,Card,Bank Decline,375,12,1,0,18.34,1682.02,0,1
TXN007386,1988.35,UPI,Limit Exceeded,964,23,2,2,4.54,595.54,0,0
TXN007387,1999.76,UPI,Network Error,1356,10,2,0,6.87,1114.79,0,0
TXN007388,859.02,Wallet,Network Error,1215,19,0,1,4.16,885.1,0,1
TXN007389,1378.95,UPI,Limit Exceeded,400,10,5,1,25.56,754.68,0,1
TXN007390,610.81,Card,Bank Decline,1374,19,3,0,2.47,221.32,0,0
TXN007391,4950.88,Card,Limit Exceeded,536,12,5,1,15.55,2226.99,1,1
TXN007392,3071.08,UPI,Authentication Failed,1447,24,5,3,3.38,1418.19,1,1
TXN007393,2906.37,Net Banking,Authentication Failed,1261,20,4,0,3.96,602.59,1,1
TXN007394,2241.06,Card,Limit Exceeded,141,24,6,3,0.09,2765.73,1,1
TXN007395,1750.68,UPI,Bank Decline,51,18,1,1,10.46,1605.53,0,0
TXN007396,357.84,UPI,Authentication Failed,630,20,2,2,29.83,626.53,0,0
TXN007397,1939.08,UPI,Bank Decline,931,10,7,1,1.66,2349.91,1,1
TXN007398,1215.41,Net Banking,Expired Card,601,19,4,0,33.71,772.62,1,0
TXN007399,3418.74,Card,Insufficient Funds,1452,24,2,1,33.38,561.28,1,1
TXN007400,2268.05,UPI,Authentication Failed,772,18,2,0,4.76,1081.48,1,0
TXN007401,1799.64,UPI,Expired Card,1175,18,4,1,37.18,1056.07,0,0
TXN007402,240.86,Card,Limit Exceeded,1347,17,5,1,31.53,1184.78,0,0
TXN007403,1012.22,Card,Insufficient Funds,299,19,3,1,19.12,858.96,1,1
TXN007404,663.74,UPI,Limit Exceeded,542,18,4,1,32.03,1649.59,1,0
TXN007405,1376.27,UPI,Limit Exceeded,640,20,2,1,1.38,457.75,0,1
TXN007406,754.46,UPI,Expired Card,472,21,2,2,6.92,833.16,1,0
TXN007407,855.47,Card,Bank Decline,55,18,3,1,6.13,1184.68,1,0
TXN007408,1657.61,Wallet,Network Error,667,21,4,0,27.39,763.76,1,0
TXN007409,743.28,UPI,Insufficient Funds,465,20,3,3,25.08,1643.57,0,0
TXN007410,1223.45,Card,Network Error,703,26,2,0,39.89,1877.78,1,0
TXN007411,279.37,Card,Bank Decline,768,16,3,1,6.13,1369.82,1,0
TXN007412,518.45,Card,Bank Decline,431,16,1,1,11.56,580.18,1,0
TXN007413,1979.18,UPI,Insufficient Funds,761,16,5,0,0.34,453.64,0,1
TXN007414,362.43,Net Banking,Bank Decline,883,20,5,1,83.17,1020.48,0,0
TXN007415,3364.9,Card,Insufficient Funds,667,21,3,2,9.53,1022.43,1,0
TXN007416,2635.85,Card,Authentication Failed,74,26,5,1,14.69,3203.8,0,0
TXN007417,861.43,UPI,Network Error,515,16,4,0,13.68,872.56,0,1
TXN007418,16299.03,UPI,Bank Decline,742,14,1,0,8.88,1216.05,0,1
TXN007419,3356.97,UPI,Network Error,216,17,4,0,4.77,998.03,0,0
TXN007420,466.68,Card,Network Error,710,15,4,1,24.68,579.43,0,1
TXN007421,2146.42,UPI,Authentication Failed,1330,13,3,1,8.49,1022.44,1,1
TXN007422,1163.6,Card,Insufficient Funds,130,8,4,0,20.09,2459.42,1,1
TXN007423,545.09,UPI,Bank Decline,802,20,8,3,23.59,653.43,0,0
TXN007424,418.67,UPI,Authentication Failed,298,16,2,1,23.3,1527.76,0,1
TXN007425,2684.91,Card,Bank Decline,427,23,1,1,1.53,2341.1,1,1
TXN007426,640.24,UPI,Insufficient Funds,818,17,2,1,66.11,829.5,0,1
TXN007427,1000.56,UPI,Insufficient Funds,56,15,7,1,25.66,1035.17,0,0
TXN007428,478.7,UPI,Insufficient Funds,189,20,5,4,16.37,950.24,1,1
TXN007429,559.28,Card,Authentication Failed,253,17,7,2,6.12,5091.78,0,1
TXN007430,978.25,Card,Bank Decline,1118,16,3,0,2.96,1259.28,0,1
TXN007431,1555.21,UPI,Authentication Failed,656,24,2,0,28.46,997.8,0,0
TXN007432,106.75,Card,Authentication Failed,556,18,7,2,9.03,1154.44,0,1
TXN007433,1113.46,UPI,Network Error,567,18,2,2,43.7,2061.02,1,0
TXN007434,560.31,UPI,Insufficient Funds,78,16,0,1,50.78,1004.04,0,0
TXN007435,3874.32,UPI,Insufficient Funds,776,20,4,3,1.03,1097.98,1,0
TXN007436,15498.17,Net Banking,Network Error,562,14,1,1,15.63,556.86,1,0
TXN007437,793.66,UPI,Bank Decline,1321,19,1,0,8.71,252.62,0,1
TXN007438,232.76,UPI,Network Error,510,11,5,0,9.45,467.81,0,1
TXN007439,1218.27,UPI,Bank Decline,634,22,3,0,17.24,2101.71,1,1
TXN007440,911.52,UPI,Authentication Failed,667,22,2,0,27.04,881.82,0,1
TXN007441,6465.37,Card,Network Error,1343,17,6,1,14.36,752.59,0,0
TXN007442,4914.43,UPI,Expired Card,1318,25,1,2,25.45,1559.59,0,1
TXN007443,2389.5,UPI,Authentication Failed,514,18,3,0,60.45,1702.61,0,0
TXN007444,646.76,Card,Insufficient Funds,1101,15,5,2,9.53,2198.61,0,1
TXN007445,2018.26,UPI,Bank Decline,167,15,7,0,10.58,1128.22,1,0
TXN007446,1392.01,Card,Insufficient Funds,133,18,4,0,20.14,1673.61,1,0
TXN007447,1362.66,Card,Insufficient Funds,1486,21,5,2,0.72,681.41,0,0
TXN007448,269.78,UPI,Network Error,1334,13,3,0,2.25,2250.87,0,1
TXN007449,2851.54,Card,Bank Decline,496,26,5,0,2.94,1809.51,0,1
TXN007450,1208.37,UPI,Bank Decline,245,18,5,2,15.54,1491.32,0,0
TXN007451,1001.49,Card,Authentication Failed,182,15,5,0,14.14,1568.35,0,0
TXN007452,638.97,Card,Insufficient Funds,216,16,3,2,6.57,3499.16,1,0
TXN007453,536.86,UPI,Network Error,365,16,3,0,15.4,3304.62,0,0
TXN007454,1459.04,Card,Insufficient Funds,1219,22,4,0,59.98,1903.43,0,0
TXN007455,227.18,Net Banking,Bank Decline,640,17,5,3,35.65,3849.73,0,0
TXN007456,2231.77,Wallet,Network Error,1063,25,4,0,8.02,820.98,1,1
TXN007457,424.67,Card,Authentication Failed,507,24,1,1,54.4,522.03,1,1
TXN007458,171.95,UPI,Bank Decline,318,13,6,0,7.89,1345.45,1,0
TXN007459,5651.67,UPI,Insufficient Funds,1181,21,1,1,15.34,935.52,0,0
TXN007460,506.6,UPI,Bank Decline,117,14,3,2,20.86,880.67,1,0
TXN007461,572.53,Card,Insufficient Funds,1162,18,3,3,16.9,681.16,0,0
TXN007462,3044.48,UPI,Bank Decline,526,14,2,1,33.57,1884.77,0,0
TXN007463,5819.61,Net Banking,Network Error,1335,10,4,0,15.0,827.92,1,1
TXN007464,275.97,UPI,Insufficient Funds,1059,19,2,0,8.45,1761.94,0,1
TXN007465,463.8,UPI,Bank Decline,856,17,4,0,14.19,2061.3,0,1
TXN007466,495.51,UPI,Network Error,939,22,5,1,49.09,1345.35,0,0
TXN007467,2543.56,Net Banking,Bank Decline,1381,19,0,2,22.3,1298.85,0,0
TXN007468,4794.47,Card,Insufficient Funds,414,12,6,0,5.92,1307.05,1,1
TXN007469,414.79,Card,Authentication Failed,630,18,6,0,0.36,1564.59,0,1
TXN007470,3917.74,UPI,Bank Decline,1135,7,5,0,16.69,2017.9,0,1
TXN007471,579.33,Net Banking,Limit Exceeded,725,21,2,1,2.87,800.25,1,1
TXN007472,1484.02,UPI,Bank Decline,558,6,2,0,12.61,1405.39,0,0
TXN007473,349.22,Net Banking,Network Error,786,13,5,1,5.08,687.81,0,1
TXN007474,982.66,Card,Bank Decline,326,21,6,0,41.0,514.13,1,0
TXN007475,992.27,UPI,Bank Decline,1076,17,4,2,2.5,382.05,1,1
TXN007476,825.8,Card,Insufficient Funds,1271,18,9,1,74.73,325.4,0,1
TXN007477,1550.72,Card,Bank Decline,1300,16,6,1,2.11,691.01,0,1
TXN007478,443.05,UPI,Authentication Failed,673,16,3,0,16.73,219.86,0,1
TXN007479,495.05,Net Banking,Expired Card,634,15,2,3,13.18,1656.97,0,1
TXN007480,1626.34,Card,Insufficient Funds,1067,15,4,3,23.25,637.72,0,1
TXN007481,3669.58,UPI,Network Error,1235,15,1,2,4.59,1384.81,1,1
TXN007482,1074.35,UPI,Authentication Failed,1140,15,6,0,10.07,1637.27,1,1
TXN007483,1725.55,Card,Expired Card,1348,27,2,2,0.08,1435.51,0,0
TXN007484,2169.54,Card,Insufficient Funds,82,21,1,1,19.97,631.7,1,1
TXN007485,2315.67,UPI,Authentication Failed,616,18,5,0,6.93,1052.35,1,1
TXN007486,464.9,Card,Bank Decline,485,21,2,0,57.28,3118.88,0,1
TXN007487,544.95,Card,Bank Decline,1419,18,3,0,11.05,1086.27,1,1
TXN007488,589.3,Wallet,Network Error,594,14,4,2,21.29,810.72,0,0
TXN007489,6221.53,Card,Authentication Failed,599,15,3,0,3.45,796.98,1,1
TXN007490,1732.59,Net Banking,Authentication Failed,370,22,5,2,29.53,1235.63,0,0
TXN007491,1664.01,UPI,Authentication Failed,315,22,3,0,0.27,1930.21,0,1
TXN007492,1524.79,UPI,Insufficient Funds,1093,16,5,1,0.99,848.51,1,0
TXN007493,334.05,UPI,Authentication Failed,273,18,3,3,27.02,1046.08,0,0
TXN007494,6275.27,Card,Insufficient Funds,39,18,4,2,9.33,3562.28,1,0
TXN007495,1687.95,Net Banking,Bank Decline,46,23,3,1,0.99,1055.16,0,1
TXN007496,2102.42,UPI,Network Error,692,16,2,0,8.95,487.9,0,0
TXN007497,223.86,UPI,Network Error,266,8,5,0,3.16,1267.52,0,1
TXN007498,2212.06,Net Banking,Network Error,742,18,4,2,11.35,657.33,0,1
TXN007499,795.85,UPI,Network Error,273,10,4,0,82.09,1601.26,0,1
TXN007500,333.45,Card,Authentication Failed,673,14,2,4,0.23,2502.77,1,0
TXN007501,464.8,Card,Bank Decline,1255,20,4,4,27.16,185.69,1,1
TXN007502,351.28,Net Banking,Bank Decline,1413,16,3,0,8.24,774.97,0,1
TXN007503,345.98,UPI,Authentication Failed,645,17,3,0,27.62,734.01,0,1
TXN007504,1158.05,UPI,Insufficient Funds,1035,13,7,2,10.64,873.73,0,1
TXN007505,774.26,Card,Network Error,1027,21,2,0,25.03,2437.18,0,1
TXN007506,1481.28,Net Banking,Expired Card,452,13,1,2,14.37,1266.7,0,0
TXN007507,4956.12,UPI,Network Error,294,21,6,0,24.59,660.06,0,1
TXN007508,975.98,UPI,Expired Card,1088,21,4,0,12.96,361.45,0,1
TXN007509,145.42,Card,Insufficient Funds,1102,22,8,1,19.99,971.04,0,1
TXN007510,882.04,Net Banking,Authentication Failed,800,19,3,0,11.09,3482.99,0,1
TXN007511,3210.09,Net Banking,Insufficient Funds,1112,24,3,4,4.83,523.27,1,0
TXN007512,1015.01,Wallet,Bank Decline,781,19,3,0,25.48,1148.11,0,0
TXN007513,4343.33,UPI,Insufficient Funds,283,24,6,3,12.44,1487.04,0,1
TXN007514,1648.54,UPI,Network Error,969,11,4,0,8.94,1123.06,1,1
TXN007515,209.67,Card,Expired Card,742,17,4,1,85.28,578.7,1,1
TXN007516,1210.3,Net Banking,Authentication Failed,1166,23,6,4,0.99,800.13,0,0
TXN007517,1432.68,UPI,Limit Exceeded,742,16,6,0,23.25,3975.85,0,0
TXN007518,2899.58,UPI,Network Error,120,21,3,1,9.63,194.28,1,1
TXN007519,5640.19,Net Banking,Authentication Failed,778,15,2,0,7.29,266.96,1,1
TXN007520,2482.33,UPI,Network Error,163,17,3,0,40.6,1773.61,0,1
TXN007521,1630.16,UPI,Network Error,1426,24,4,0,26.92,1585.58,0,1
TXN007522,2015.39,Card,Network Error,1019,21,3,2,0.37,1401.55,1,1
TXN007523,942.74,Card,Bank Decline,1259,14,3,1,23.96,694.63,0,0
TXN007524,293.95,Card,Limit Exceeded,261,16,3,1,0.15,1609.82,1,0
TXN007525,1138.36,UPI,Insufficient Funds,1209,19,4,0,0.87,497.6,0,1
TXN007526,1523.49,Card,Network Error,1259,20,4,0,5.29,1710.91,1,1
TXN007527,371.19,Card,Expired Card,1397,14,4,1,71.16,1124.86,1,0
TXN007528,3619.02,Card,Authentication Failed,1061,26,3,0,8.94,1347.29,0,1
TXN007529,2710.45,Card,Authentication Failed,114,12,3,1,15.16,3815.77,1,0
TXN007530,319.07,UPI,Network Error,288,15,2,0,27.36,606.84,1,1
TXN007531,3749.02,UPI,Expired Card,627,25,7,1,5.47,1799.34,1,1
TXN007532,830.91,UPI,Bank Decline,396,23,1,2,50.3,1234.13,1,1
TXN007533,544.22,UPI,Bank Decline,535,25,1,2,11.14,3168.45,0,0
TXN007534,2896.77,Card,Authentication Failed,1434,19,3,0,37.79,1155.43,0,0
TXN007535,1047.38,Net Banking,Authentication Failed,1200,22,4,1,10.84,721.31,1,1
TXN007536,6058.8,Card,Authentication Failed,884,14,5,1,42.78,1119.58,1,0
TXN007537,508.98,Net Banking,Insufficient Funds,1205,10,8,1,35.45,268.5,0,0
TXN007538,230.79,UPI,Authentication Failed,1104,22,3,0,7.58,974.83,1,1
TXN007539,852.02,UPI,Authentication Failed,460,16,2,2,1.65,2912.45,0,1
TXN007540,2231.21,UPI,Bank Decline,515,14,4,0,1.17,1184.4,0,0
TXN007541,476.07,UPI,Network Error,1270,9,5,1,11.33,610.23,1,1
TXN007542,331.26,UPI,Limit Exceeded,102,21,6,1,0.75,1311.75,1,1
TXN007543,1347.54,Card,Network Error,208,26,2,0,17.51,1005.68,0,1
TXN007544,293.74,Wallet,Authentication Failed,1067,14,5,0,29.72,795.21,0,0
TXN007545,1445.23,UPI,Bank Decline,97,15,3,0,36.31,1210.18,1,0
TXN007546,807.09,UPI,Expired Card,239,17,2,0,52.39,1837.26,0,0
TXN007547,1711.32,Net Banking,Limit Exceeded,665,19,5,1,1.58,2125.48,1,0
TXN007548,315.62,UPI,Network Error,1017,16,1,1,37.61,1737.67,1,1
TXN007549,3527.51,Net Banking,Authentication Failed,815,22,3,1,1.9,320.06,1,1
TXN007550,930.08,Card,Network Error,918,22,4,0,83.81,2535.87,0,1
TXN007551,2180.2,Net Banking,Bank Decline,259,20,0,1,2.07,2972.65,0,0
TXN007552,2601.62,UPI,Insufficient Funds,1401,22,4,1,97.81,571.58,1,0
TXN007553,386.95,Card,Bank Decline,730,17,5,1,9.54,1556.56,0,0
TXN007554,2426.08,Card,Limit Exceeded,1474,18,2,0,24.25,505.01,0,0
TXN007555,304.13,Card,Authentication Failed,447,22,2,1,3.47,625.7,1,1
TXN007556,319.54,Card,Bank Decline,1002,27,5,0,1.55,896.78,1,0
TXN007557,6422.73,UPI,Bank Decline,70,18,4,4,20.09,1040.7,0,0
TXN007558,2982.95,Card,Insufficient Funds,11,19,4,2,14.5,1154.05,0,0
TXN007559,7088.99,Card,Expired Card,78,17,1,0,42.94,340.37,0,1
TXN007560,785.88,Net Banking,Authentication Failed,1427,24,5,2,20.55,1131.36,0,1
TXN007561,1202.53,Card,Expired Card,623,22,8,0,18.23,1190.41,0,0
TXN007562,1762.73,Card,Network Error,336,26,7,0,19.03,1521.55,1,1
TXN007563,1084.66,UPI,Network Error,1177,16,4,0,9.22,1691.88,1,1
TXN007564,560.3,Card,Insufficient Funds,1445,21,6,3,23.02,4384.04,1,0
TXN007565,489.57,Card,Expired Card,355,16,6,2,40.44,896.16,0,1
TXN007566,1329.39,Net Banking,Network Error,371,11,3,3,21.17,1645.34,1,0
TXN007567,419.82,Net Banking,Expired Card,797,23,5,2,2.16,424.03,0,0
TXN007568,409.37,UPI,Authentication Failed,422,17,5,0,10.83,1387.84,0,1
TXN007569,1562.77,Net Banking,Limit Exceeded,631,22,5,0,9.31,1037.24,1,0
TXN007570,1006.62,UPI,Limit Exceeded,513,19,8,3,11.93,440.06,1,0
TXN007571,2549.07,UPI,Authentication Failed,529,23,5,1,6.2,2011.68,0,1
TXN007572,748.13,Card,Authentication Failed,712,17,4,0,14.71,631.42,0,1
TXN007573,649.93,UPI,Network Error,256,12,3,0,29.37,704.11,1,1
TXN007574,1605.51,Card,Insufficient Funds,907,27,4,0,7.35,1242.74,1,1
TXN007575,528.04,UPI,Bank Decline,255,19,4,0,45.63,2141.15,0,1
TXN007576,606.49,UPI,Limit Exceeded,1381,19,6,1,5.82,418.03,0,1
TXN007577,628.53,Card,Insufficient Funds,1299,16,5,0,12.53,1698.16,0,0
TXN007578,908.02,Card,Insufficient Funds,860,18,7,0,19.15,702.41,0,1
TXN007579,5405.61,Net Banking,Insufficient Funds,454,18,2,1,30.82,1284.68,0,1
TXN007580,317.63,Card,Limit Exceeded,89,16,3,2,19.83,814.7,0,0
TXN007581,3519.09,Card,Network Error,1437,17,2,0,38.35,703.12,1,1
TXN007582,2130.28,UPI,Bank Decline,345,21,4,0,32.02,1561.94,0,0
TXN007583,4493.02,UPI,Insufficient Funds,1110,15,5,1,4.11,2212.96,0,1
TXN007584,18453.65,UPI,Limit Exceeded,101,12,6,1,8.34,1090.24,1,1
TXN007585,3977.1,Card,Bank Decline,918,14,6,0,0.53,585.82,0,1
TXN007586,2522.74,Card,Bank Decline,265,23,1,0,6.1,800.13,0,1
TXN007587,336.55,UPI,Expired Card,128,19,3,1,0.27,378.13,0,1
TXN007588,377.06,Card,Network Error,1154,19,4,2,20.9,2653.28,1,1
TXN007589,1516.52,Card,Bank Decline,541,19,7,0,22.28,1112.16,0,0
TXN007590,237.87,UPI,Expired Card,959,19,1,1,27.45,1395.15,0,0
TXN007591,1908.16,UPI,Bank Decline,911,18,6,1,2.76,1705.79,0,0
TXN007592,160.54,Net Banking,Limit Exceeded,953,18,1,1,7.06,839.78,1,1
TXN007593,3093.35,Card,Bank Decline,1319,15,2,2,17.82,1482.55,0,0
TXN007594,820.96,Net Banking,Insufficient Funds,1492,29,4,0,34.54,5931.19,0,0
TXN007595,1228.98,UPI,Limit Exceeded,98,8,3,2,34.05,900.64,0,0
TXN007596,559.18,Wallet,Expired Card,1054,19,6,0,9.3,469.3,1,0
TXN007597,198.61,UPI,Insufficient Funds,1137,13,6,0,7.22,1965.89,1,0
TXN007598,3331.66,UPI,Insufficient Funds,58,21,3,2,11.23,1550.11,0,0
TXN007599,3648.72,Wallet,Limit Exceeded,717,15,5,0,3.13,1196.92,0,0
TXN007600,799.24,UPI,Limit Exceeded,300,16,5,3,4.71,2106.32,0,0
TXN007601,1989.69,Card,Bank Decline,306,25,1,0,0.33,1759.16,1,0
TXN007602,771.39,UPI,Expired Card,351,16,4,2,24.78,1426.56,0,1
TXN007603,1421.75,Card,Insufficient Funds,1412,20,4,0,95.21,997.5,0,0
TXN007604,2171.61,Net Banking,Network Error,200,14,3,0,1.45,1467.66,0,1
TXN007605,1807.28,UPI,Insufficient Funds,442,28,6,1,2.93,1441.4,0,0
TXN007606,3666.06,Card,Bank Decline,391,22,1,0,4.11,2352.0,0,0
TXN007607,1749.34,UPI,Insufficient Funds,861,18,2,0,14.16,858.05,0,1
TXN007608,1124.71,Card,Network Error,757,20,2,3,8.82,1303.24,1,1
TXN007609,552.65,UPI,Bank Decline,1402,22,2,1,1.48,1297.96,0,1
TXN007610,712.9,UPI,Bank Decline,326,16,2,0,0.09,1498.66,0,1
TXN007611,2273.43,UPI,Insufficient Funds,245,25,3,1,7.43,1864.91,1,1
TXN007612,283.82,UPI,Bank Decline,398,22,5,2,10.49,523.83,1,1
TXN007613,2966.76,Net Banking,Limit Exceeded,654,20,6,0,21.06,1682.48,1,1
TXN007614,851.48,UPI,Bank Decline,1315,18,6,2,69.94,3995.42,0,1
TXN007615,524.92,UPI,Expired Card,19,22,3,2,9.6,1159.9,1,0
TXN007616,407.95,Card,Bank Decline,1415,16,5,0,13.24,465.17,1,1
TXN007617,2012.09,UPI,Bank Decline,547,20,2,4,23.76,1820.25,1,1
TXN007618,1082.28,Card,Network Error,696,17,4,0,9.72,4235.16,0,1
TXN007619,4581.99,Wallet,Authentication Failed,1323,6,0,3,16.38,2458.72,0,1
TXN007620,351.86,Card,Insufficient Funds,263,19,4,3,8.27,565.83,0,0
TXN007621,651.74,Net Banking,Insufficient Funds,114,13,3,1,83.64,482.85,1,0
TXN007622,1009.29,Card,Network Error,189,15,4,0,4.53,1681.69,0,1
TXN007623,557.43,UPI,Authentication Failed,373,18,5,1,24.87,775.0,0,0
TXN007624,1102.69,Card,Authentication Failed,1026,20,4,0,1.72,246.75,0,1
TXN007625,1461.99,Card,Network Error,837,13,3,0,5.7,642.07,0,1
TXN007626,1696.01,Card,Bank Decline,868,18,4,0,21.59,963.35,1,1
TXN007627,4253.73,Net Banking,Expired Card,1315,13,5,1,6.59,613.44,0,0
TXN007628,339.3,Card,Network Error,880,24,4,1,6.6,3321.48,0,0
TXN007629,1486.21,Net Banking,Expired Card,1289,19,8,0,4.16,1841.9,1,0
TXN007630,612.62,Card,Authentication Failed,179,24,5,1,1.59,802.4,0,0
TXN007631,1614.87,Card,Limit Exceeded,766,17,5,0,7.89,830.47,0,0
TXN007632,1616.79,Card,Network Error,777,15,5,0,1.8,670.88,0,1
TXN007633,451.14,UPI,Bank Decline,1360,17,6,0,76.54,541.41,0,1
TXN007634,487.34,Wallet,Expired Card,458,17,4,1,6.47,928.25,0,0
TXN007635,1737.98,Card,Bank Decline,477,18,5,1,13.61,1950.4,1,0
TXN007636,1119.98,UPI,Bank Decline,1111,22,7,1,5.74,986.51,0,0
TXN007637,899.95,UPI,Insufficient Funds,327,16,3,2,4.71,612.29,1,1
TXN007638,1982.65,Card,Insufficient Funds,447,24,3,1,22.82,608.21,0,1
TXN007639,2118.68,UPI,Network Error,405,16,4,0,8.09,3365.66,0,0
TXN007640,680.84,UPI,Limit Exceeded,194,20,3,1,3.25,1998.51,0,1
TXN007641,509.36,Card,Bank Decline,1468,16,10,0,4.03,676.84,0,0
TXN007642,352.23,UPI,Network Error,891,17,2,1,37.77,1221.9,0,1
TXN007643,1130.15,Card,Bank Decline,856,17,5,0,14.99,1380.44,0,1
TXN007644,304.65,UPI,Insufficient Funds,1478,12,3,2,19.47,1594.18,0,0
TXN007645,1199.29,UPI,Authentication Failed,749,9,4,0,1.64,399.29,0,0
TXN007646,3278.54,Card,Authentication Failed,868,21,5,0,15.55,4308.14,0,1
TXN007647,797.82,Card,Insufficient Funds,1491,15,3,1,3.71,1764.94,1,0
TXN007648,676.83,UPI,Expired Card,521,14,6,1,2.33,445.73,0,1
TXN007649,6621.39,UPI,Bank Decline,1267,19,5,0,11.95,1420.34,1,0
TXN007650,4267.28,Card,Authentication Failed,187,19,7,0,16.27,415.84,0,1
TXN007651,551.07,UPI,Bank Decline,416,17,1,1,8.11,929.34,0,0
TXN007652,1242.79,UPI,Bank Decline,522,14,2,1,21.05,3356.25,1,1
TXN007653,1474.11,UPI,Network Error,918,17,3,0,31.65,562.05,0,0
TXN007654,1317.24,Net Banking,Limit Exceeded,866,9,4,1,17.29,476.31,0,1
TXN007655,5615.05,Card,Insufficient Funds,1102,21,4,0,27.49,953.04,0,0
TXN007656,1186.2,Card,Expired Card,188,18,5,0,33.95,1393.45,0,1
TXN007657,1357.65,Card,Insufficient Funds,110,18,6,1,82.63,1127.5,0,0
TXN007658,2038.15,Card,Authentication Failed,1302,16,6,2,15.72,5286.53,1,1
TXN007659,3200.07,Card,Insufficient Funds,293,19,4,0,2.12,1669.44,1,1
TXN007660,2548.37,Card,Authentication Failed,93,20,3,2,9.59,901.93,0,0
TXN007661,1779.84,UPI,Network Error,392,14,3,2,24.61,1248.59,1,0
TXN007662,269.66,Card,Bank Decline,1103,22,7,0,36.89,2494.95,1,1
TXN007663,706.75,Net Banking,Authentication Failed,609,22,6,2,4.24,3308.44,0,1
TXN007664,2292.69,Card,Authentication Failed,1340,10,3,4,16.6,613.63,0,0
TXN007665,1373.83,UPI,Expired Card,705,15,4,0,23.57,1117.35,1,1
TXN007666,2306.57,UPI,Insufficient Funds,449,16,3,2,79.89,2100.35,0,0
TXN007667,5993.61,Card,Network Error,1266,19,6,0,8.68,849.08,0,1
TXN007668,380.21,Card,Network Error,591,23,5,1,0.8,735.83,0,0
TXN007669,3053.73,Net Banking,Network Error,1260,15,5,1,58.53,1653.94,0,0
TXN007670,814.58,UPI,Network Error,260,17,2,2,0.85,533.4,1,0
TXN007671,2544.82,Card,Insufficient Funds,958,13,1,0,4.85,2912.55,0,1
TXN007672,1056.69,Card,Expired Card,361,15,8,3,14.44,2149.03,0,0
TXN007673,7437.6,Net Banking,Expired Card,416,14,3,0,1.65,1036.81,0,0
TXN007674,1232.84,Card,Insufficient Funds,1229,11,6,0,51.58,938.67,0,0
TXN007675,616.18,Card,Network Error,435,27,2,2,15.19,1964.35,0,1
TXN007676,1600.21,Card,Network Error,481,16,6,3,8.08,1046.75,0,0
TXN007677,1467.84,Card,Expired Card,594,14,4,4,7.99,1991.82,1,1
TXN007678,3054.24,Wallet,Insufficient Funds,983,22,2,0,0.21,2818.98,0,0
TXN007679,1641.31,UPI,Network Error,923,26,3,0,29.92,848.49,0,1
TXN007680,10173.67,UPI,Bank Decline,348,16,3,0,9.46,697.34,1,1
TXN007681,992.01,Net Banking,Network Error,480,19,5,3,0.18,341.18,1,1
TXN007682,1002.59,Card,Limit Exceeded,403,17,3,2,28.81,768.2,1,0
TXN007683,636.83,Card,Expired Card,1456,11,4,0,44.55,1843.77,1,0
TXN007684,1184.53,Card,Insufficient Funds,1075,13,6,0,18.51,1015.14,1,1
TXN007685,1350.13,UPI,Network Error,1373,20,6,1,72.14,1449.07,1,0
TXN007686,1412.46,Card,Authentication Failed,697,10,7,1,13.81,5381.58,0,1
TXN007687,1164.99,Card,Insufficient Funds,740,23,6,1,1.59,2959.97,0,1
TXN007688,633.44,UPI,Authentication Failed,1047,23,3,0,61.28,1257.72,0,0
TXN007689,495.96,UPI,Expired Card,225,15,2,2,6.36,502.94,1,0
TXN007690,782.38,Net Banking,Limit Exceeded,602,18,2,0,22.63,2811.15,0,1
TXN007691,3063.72,UPI,Bank Decline,197,16,6,4,12.58,699.73,1,1
TXN007692,3718.66,Net Banking,Bank Decline,1421,20,4,3,3.48,1205.06,0,1
TXN007693,1023.24,UPI,Authentication Failed,1469,13,4,4,8.89,637.11,0,1
TXN007694,469.93,Card,Bank Decline,650,22,1,1,9.3,1858.4,0,1
TXN007695,1019.37,Net Banking,Insufficient Funds,100,15,5,1,25.32,714.24,1,0
TXN007696,7204.77,Card,Network Error,1125,16,4,0,5.89,1006.01,1,1
TXN007697,2694.78,UPI,Insufficient Funds,1112,12,2,0,88.49,838.48,0,0
TXN007698,1800.23,Card,Limit Exceeded,346,24,5,2,31.5,1794.26,0,1
TXN007699,2608.2,UPI,Expired Card,814,22,5,1,17.46,1336.77,1,0
TXN007700,4387.48,UPI,Authentication Failed,366,22,8,0,13.28,1117.77,1,1
TXN007701,388.55,Wallet,Limit Exceeded,118,20,1,2,24.42,1164.04,0,1
TXN007702,770.6,Card,Insufficient Funds,309,14,3,0,55.25,1043.29,0,1
TXN007703,681.4,Card,Bank Decline,57,11,4,1,110.24,780.77,0,1
TXN007704,1860.13,UPI,Limit Exceeded,812,17,6,1,36.48,886.41,1,1
TXN007705,1266.61,UPI,Bank Decline,707,23,1,0,0.56,1499.7,1,0
TXN007706,2166.09,UPI,Authentication Failed,667,26,1,1,60.89,798.39,0,0
TXN007707,694.92,Card,Limit Exceeded,1311,19,4,0,23.78,423.36,1,0
TXN007708,3769.72,Card,Insufficient Funds,1143,13,2,2,17.1,664.48,0,1
TXN007709,1030.29,Card,Authentication Failed,42,15,4,2,3.53,1066.49,1,0
TXN007710,2048.97,Net Banking,Insufficient Funds,629,13,4,0,2.43,919.45,0,1
TXN007711,3215.91,UPI,Insufficient Funds,689,16,4,1,11.03,4061.56,1,1
TXN007712,2991.74,UPI,Limit Exceeded,1108,15,4,2,23.0,984.68,0,1
TXN007713,1517.39,UPI,Authentication Failed,855,15,6,0,24.68,1642.81,0,0
TXN007714,2292.53,Card,Network Error,966,11,4,1,14.31,813.85,0,1
TXN007715,5257.94,UPI,Bank Decline,51,23,5,0,29.5,4162.35,0,1
TXN007716,1741.05,Wallet,Bank Decline,879,20,3,1,15.55,935.11,0,0
TXN007717,568.68,UPI,Bank Decline,958,16,1,3,10.14,637.71,0,1
TXN007718,1853.34,Net Banking,Bank Decline,1334,20,2,0,8.21,1052.34,1,1
TXN007719,1060.45,Card,Bank Decline,1422,16,3,0,6.14,3754.8,0,1
TXN007720,132.53,Wallet,Network Error,660,27,4,4,30.98,832.92,1,1
TXN007721,1662.04,Card,Authentication Failed,21,11,6,1,4.45,1461.55,0,0
TXN007722,1218.02,Net Banking,Bank Decline,646,15,4,0,41.36,2144.23,0,1
TXN007723,3105.02,UPI,Insufficient Funds,173,20,5,4,6.63,525.81,0,1
TXN007724,558.31,Card,Limit Exceeded,69,17,1,1,10.01,1587.51,0,1
TXN007725,282.83,Net Banking,Limit Exceeded,209,25,7,1,2.9,1345.75,0,1
TXN007726,1276.42,UPI,Authentication Failed,1187,18,4,1,2.13,779.95,0,0
TXN007727,1544.04,UPI,Insufficient Funds,284,21,2,2,2.73,3187.95,0,0
TXN007728,1193.27,Card,Insufficient Funds,1131,17,4,0,23.68,1482.12,0,0
TXN007729,1117.26,Net Banking,Network Error,901,20,1,0,20.92,957.06,0,1
TXN007730,419.12,Card,Network Error,1199,19,4,0,21.8,1122.3,0,1
TXN007731,967.75,Card,Network Error,409,21,7,0,34.13,1869.2,0,0
TXN007732,801.46,UPI,Network Error,1171,13,5,2,4.11,2917.83,1,1
TXN007733,2879.69,UPI,Insufficient Funds,353,20,5,0,5.39,1717.85,0,1
TXN007734,1542.86,Net Banking,Network Error,793,18,7,1,58.64,776.38,0,1
TXN007735,853.89,UPI,Expired Card,982,15,5,0,2.03,942.29,1,0
TXN007736,5174.49,Card,Bank Decline,840,13,2,4,5.9,1008.18,1,1
TXN007737,860.9,Net Banking,Expired Card,199,17,6,0,58.74,542.55,1,1
TXN007738,1811.68,UPI,Bank Decline,905,10,5,1,14.27,2395.55,0,1
TXN007739,943.66,Card,Bank Decline,158,19,1,1,47.33,867.45,1,1
TXN007740,4760.16,UPI,Bank Decline,392,19,3,1,29.52,859.24,1,0
TXN007741,1185.8,Card,Bank Decline,1238,23,1,0,53.77,998.18,0,1
TXN007742,1217.77,UPI,Insufficient Funds,995,14,4,0,24.16,343.96,0,1
TXN007743,966.92,Card,Expired Card,1418,20,9,0,5.46,4038.45,0,0
TXN007744,1308.79,UPI,Limit Exceeded,1108,23,4,1,25.64,944.13,0,1
TXN007745,3227.89,Card,Bank Decline,178,19,3,0,8.95,2660.05,1,1
TXN007746,2347.86,Card,Insufficient Funds,343,18,1,2,3.14,1134.88,1,1
TXN007747,1124.7,UPI,Authentication Failed,898,14,7,0,5.12,1205.27,0,1
TXN007748,5070.49,Card,Bank Decline,1461,18,5,1,6.24,2166.66,0,0
TXN007749,2405.92,UPI,Insufficient Funds,611,17,6,0,1.96,549.59,0,1
TXN007750,739.25,Card,Bank Decline,495,29,5,1,9.26,1574.86,0,0
TXN007751,316.61,UPI,Limit Exceeded,672,20,4,0,51.37,690.3,0,1
TXN007752,754.83,Card,Bank Decline,112,20,2,2,3.9,1135.91,0,1
TXN007753,1590.83,UPI,Network Error,876,18,2,0,68.74,1809.12,1,1
TXN007754,1877.09,Card,Bank Decline,1239,14,5,0,11.99,1074.2,1,1
TXN007755,3726.5,UPI,Insufficient Funds,1378,14,6,0,25.57,402.5,1,1
TXN007756,409.49,Card,Bank Decline,358,23,3,0,2.14,556.87,0,0
TXN007757,738.6,UPI,Expired Card,854,21,1,1,35.66,326.89,0,0
TXN007758,379.98,Net Banking,Network Error,54,20,2,2,15.53,1716.62,1,1
TXN007759,328.68,Net Banking,Insufficient Funds,1276,18,5,0,2.5,3598.06,1,0
TXN007760,623.26,UPI,Insufficient Funds,37,20,5,0,12.43,1427.63,1,1
TXN007761,1525.31,Card,Expired Card,481,13,6,2,20.45,793.94,1,0
TXN007762,2195.7,UPI,Limit Exceeded,483,18,4,1,9.58,1274.83,1,0
TXN007763,467.07,UPI,Bank Decline,1287,12,3,3,7.06,1137.12,0,1
TXN007764,529.35,Card,Network Error,1156,23,5,2,6.51,1467.42,0,0
TXN007765,221.0,Card,Insufficient Funds,225,20,1,2,13.75,556.9,1,1
TXN007766,1329.98,Card,Bank Decline,251,17,3,0,10.41,1127.64,1,1
TXN007767,567.41,UPI,Insufficient Funds,449,19,7,1,24.34,859.44,0,1
TXN007768,4898.72,UPI,Limit Exceeded,507,21,1,2,53.5,1130.09,0,1
TXN007769,1585.77,UPI,Bank Decline,1257,24,5,2,3.57,1168.07,0,1
TXN007770,939.83,Card,Limit Exceeded,904,16,5,1,12.79,2845.77,0,0
TXN007771,615.85,Card,Expired Card,775,20,3,4,12.11,967.88,0,1
TXN007772,285.66,Card,Limit Exceeded,261,12,5,3,9.21,3561.84,0,1
TXN007773,320.19,UPI,Bank Decline,76,18,2,0,24.77,1379.43,1,0
TXN007774,626.45,UPI,Insufficient Funds,461,18,4,0,11.0,3207.06,1,0
TXN007775,584.63,UPI,Authentication Failed,584,18,3,0,1.78,257.87,1,0
TXN007776,446.19,UPI,Expired Card,1032,13,5,0,12.55,1597.05,1,0
TXN007777,1539.77,UPI,Limit Exceeded,501,19,3,1,25.27,2049.36,1,1
TXN007778,1742.09,Net Banking,Insufficient Funds,331,17,2,1,57.31,662.65,0,1
TXN007779,725.77,Net Banking,Bank Decline,787,24,1,0,2.18,1573.93,0,1
TXN007780,6258.13,Card,Limit Exceeded,409,18,6,0,18.09,1325.53,0,1
TXN007781,227.68,Card,Insufficient Funds,857,19,1,3,7.84,2504.92,0,1
TXN007782,1155.57,UPI,Network Error,135,11,6,1,4.65,455.89,1,1
TXN007783,900.8,Net Banking,Bank Decline,152,22,2,1,16.4,777.61,1,1
TXN007784,668.05,UPI,Insufficient Funds,1126,17,3,0,9.03,1408.05,0,0
TXN007785,585.29,Net Banking,Bank Decline,507,20,3,0,1.36,1161.26,1,1
TXN007786,1089.79,Card,Bank Decline,1486,17,7,3,40.69,1309.27,1,0
TXN007787,895.18,UPI,Insufficient Funds,1434,16,3,2,10.21,1126.35,0,1
TXN007788,770.71,Net Banking,Expired Card,14,24,6,2,59.69,862.38,0,0
TXN007789,340.75,UPI,Bank Decline,226,18,5,3,4.53,735.17,1,1
TXN007790,255.62,Card,Bank Decline,731,22,9,0,1.03,670.91,0,1
TXN007791,845.84,Card,Authentication Failed,108,18,6,4,0.55,1003.97,1,0
TXN007792,763.65,UPI,Bank Decline,780,20,7,0,17.21,691.71,1,0
TXN007793,918.43,Card,Bank Decline,8,24,3,2,32.69,1759.28,0,0
TXN007794,994.5,Card,Expired Card,701,17,4,0,18.37,787.88,0,1
TXN007795,685.23,Card,Authentication Failed,777,18,4,1,31.24,595.14,0,1
TXN007796,905.81,UPI,Insufficient Funds,840,15,7,0,13.12,1010.57,1,0
TXN007797,508.68,Net Banking,Bank Decline,746,19,6,3,2.17,1590.02,0,0
TXN007798,4322.34,UPI,Network Error,206,15,6,0,29.47,1152.38,0,0
TXN007799,533.91,UPI,Bank Decline,32,17,4,1,8.12,1611.68,0,0
TXN007800,785.34,UPI,Limit Exceeded,950,18,2,0,21.24,807.96,0,1
TXN007801,571.69,UPI,Authentication Failed,1380,13,4,1,2.18,1719.13,0,0
TXN007802,563.11,UPI,Authentication Failed,108,27,3,0,5.96,1791.03,1,1
TXN007803,1121.23,Wallet,Bank Decline,969,19,3,0,9.64,1766.28,0,0
TXN007804,1000.23,UPI,Bank Decline,1361,16,4,1,62.12,432.86,1,1
TXN007805,725.23,UPI,Authentication Failed,863,18,4,0,18.27,1072.58,1,1
TXN007806,849.69,UPI,Bank Decline,378,12,2,0,21.27,625.63,0,1
TXN007807,573.74,Card,Insufficient Funds,203,24,4,0,27.06,1113.32,1,0
TXN007808,1574.28,Net Banking,Expired Card,516,22,6,0,12.22,1885.96,1,0
TXN007809,6972.11,UPI,Bank Decline,1021,23,1,0,3.04,929.74,1,1
TXN007810,499.02,UPI,Bank Decline,1060,22,5,0,6.6,1343.64,1,0
TXN007811,1563.32,UPI,Authentication Failed,929,14,5,3,5.1,1298.63,0,1
TXN007812,1141.91,UPI,Insufficient Funds,305,14,2,0,40.88,1221.4,0,1
TXN007813,2001.73,UPI,Insufficient Funds,1163,16,3,1,23.46,340.92,0,0
TXN007814,2053.12,Card,Bank Decline,1338,18,2,1,14.48,1033.94,0,0
TXN007815,1319.32,UPI,Network Error,27,16,4,0,5.03,1927.67,1,1
TXN007816,1058.03,Card,Insufficient Funds,1071,15,6,0,3.05,985.63,0,1
TXN007817,741.74,UPI,Network Error,970,15,4,0,16.11,1078.26,0,1
TXN007818,550.89,Net Banking,Network Error,973,22,2,1,2.48,1658.32,1,1
TXN007819,1005.1,Net Banking,Limit Exceeded,1338,18,5,1,10.85,2543.46,1,1
TXN007820,345.11,Card,Bank Decline,465,13,2,1,15.67,1703.13,1,1
TXN007821,642.6,UPI,Limit Exceeded,520,17,5,3,7.92,2208.33,0,0
TXN007822,2969.56,UPI,Bank Decline,1074,16,4,0,47.12,837.96,1,1
TXN007823,1198.3,UPI,Expired Card,47,15,7,1,1.73,1150.24,0,1
TXN007824,2448.91,Card,Bank Decline,844,17,7,2,9.88,1184.5,1,1
TXN007825,4116.17,Card,Insufficient Funds,269,24,2,1,40.89,2119.3,1,0
TXN007826,935.12,Net Banking,Expired Card,1324,20,4,2,3.5,679.19,1,1
TXN007827,1321.59,Net Banking,Insufficient Funds,691,16,5,1,17.8,921.28,0,0
TXN007828,835.76,UPI,Insufficient Funds,1039,14,3,2,15.67,2193.75,1,1
TXN007829,527.77,Card,Bank Decline,1083,22,4,0,42.27,1381.03,1,0
TXN007830,465.14,UPI,Expired Card,1029,22,1,1,38.94,771.06,0,1
TXN007831,2342.18,UPI,Bank Decline,134,22,7,3,44.29,3727.24,1,1
TXN007832,1323.14,UPI,Insufficient Funds,537,12,3,1,15.65,573.97,0,0
TXN007833,5778.75,UPI,Insufficient Funds,650,27,4,0,3.55,1103.06,0,1
TXN007834,2630.28,Net Banking,Network Error,531,18,5,0,2.65,2395.13,0,0
TXN007835,567.88,UPI,Bank Decline,763,17,5,2,26.49,3197.16,0,1
TXN007836,2336.26,Card,Bank Decline,972,17,3,0,9.78,1792.35,0,0
TXN007837,833.33,Card,Insufficient Funds,1170,21,3,1,5.13,1193.38,0,0
TXN007838,3278.61,Card,Bank Decline,900,19,3,2,19.85,2011.94,0,1
TXN007839,707.9,UPI,Limit Exceeded,765,16,3,2,26.84,864.34,1,0
TXN007840,425.31,Net Banking,Expired Card,238,21,3,1,43.17,434.95,1,1
TXN007841,535.83,Card,Authentication Failed,939,16,4,1,0.8,1405.84,0,0
TXN007842,561.05,Card,Insufficient Funds,94,24,3,0,2.03,999.4,0,0
TXN007843,514.8,UPI,Authentication Failed,772,17,6,3,20.49,1039.75,0,0
TXN007844,655.01,Card,Bank Decline,643,25,1,0,2.9,594.9,0,1
TXN007845,2370.89,Net Banking,Authentication Failed,207,16,0,0,2.46,1098.73,0,1
TXN007846,5521.69,Card,Bank Decline,992,18,6,0,3.67,1343.5,0,0
TXN007847,331.24,Net Banking,Network Error,1418,29,7,2,6.4,3782.09,0,0
TXN007848,3419.2,Card,Bank Decline,367,19,9,1,39.08,674.27,1,1
TXN007849,713.42,UPI,Bank Decline,138,17,6,2,29.22,1566.13,0,0
TXN007850,1499.81,UPI,Limit Exceeded,183,15,4,0,7.34,826.73,0,0
TXN007851,247.46,UPI,Limit Exceeded,1082,21,1,0,17.69,212.69,0,1
TXN007852,1757.47,Card,Authentication Failed,28,22,1,0,21.0,696.7,1,1
TXN007853,180.41,Net Banking,Network Error,659,14,5,0,78.1,3488.3,0,1
TXN007854,1454.68,UPI,Bank Decline,1349,21,0,0,1.52,680.74,0,0
TXN007855,1382.34,Card,Insufficient Funds,789,16,4,0,8.02,1219.74,0,0
TXN007856,1302.33,Card,Authentication Failed,174,14,2,1,52.54,4413.61,1,1
TXN007857,565.99,UPI,Network Error,1068,21,2,0,13.67,2127.45,0,1
TXN007858,1798.26,UPI,Expired Card,879,19,0,1,27.53,1305.1,0,0
TXN007859,1559.27,UPI,Bank Decline,946,19,7,0,4.71,1168.71,1,0
TXN007860,907.82,UPI,Network Error,1403,23,5,0,6.04,2702.43,1,1
TXN007861,2007.54,UPI,Authentication Failed,638,19,5,0,40.48,1048.69,0,0
TXN007862,1006.22,UPI,Insufficient Funds,840,16,2,1,20.12,1786.85,0,0
TXN007863,1764.99,UPI,Bank Decline,1457,21,7,0,32.45,626.38,0,1
TXN007864,979.17,Card,Insufficient Funds,1196,21,4,3,4.34,801.59,0,1
TXN007865,1332.79,UPI,Limit Exceeded,728,16,6,3,4.97,1732.02,0,1
TXN007866,1839.5,Wallet,Insufficient Funds,1105,15,8,1,6.23,538.15,1,0
TXN007867,766.53,UPI,Insufficient Funds,446,19,3,0,31.4,557.64,0,0
TXN007868,361.24,UPI,Bank Decline,1295,24,1,0,4.41,1262.31,0,1
TXN007869,1405.95,UPI,Network Error,1436,16,5,0,19.96,500.75,1,1
TXN007870,3198.55,UPI,Bank Decline,249,16,3,1,7.05,1043.5,0,1
TXN007871,1435.45,Net Banking,Insufficient Funds,607,14,1,1,16.97,426.16,0,1
TXN007872,1460.2,UPI,Authentication Failed,768,23,2,0,10.07,772.44,0,1
TXN007873,1055.79,Net Banking,Authentication Failed,549,22,6,1,5.39,2284.46,0,1
TXN007874,2132.83,Net Banking,Bank Decline,283,26,4,0,19.56,1071.78,0,1
TXN007875,927.65,Card,Limit Exceeded,556,14,5,1,21.33,468.35,0,1
TXN007876,728.87,Card,Network Error,1338,19,4,1,25.46,1093.47,0,1
TXN007877,2965.4,Card,Bank Decline,409,19,6,1,31.1,1900.1,0,0
TXN007878,680.29,UPI,Bank Decline,656,18,3,0,5.65,1408.66,0,1
TXN007879,2441.88,Card,Network Error,1460,33,1,2,8.84,2083.64,1,0
TXN007880,2967.1,UPI,Bank Decline,1003,22,4,1,18.99,1059.24,1,0
TXN007881,1826.46,UPI,Bank Decline,82,19,3,0,20.29,850.37,0,1
TXN007882,356.27,Card,Limit Exceeded,345,16,5,1,87.09,1312.38,0,1
TXN007883,1123.76,Card,Network Error,771,20,2,0,4.18,1675.8,0,1
TXN007884,914.34,Net Banking,Expired Card,1480,10,4,0,15.62,979.94,0,0
TXN007885,701.77,UPI,Insufficient Funds,1109,22,5,2,2.26,1682.41,0,0
TXN007886,1246.98,Net Banking,Network Error,44,11,4,1,2.41,1021.88,1,1
TXN007887,2191.38,UPI,Bank Decline,324,23,2,0,10.08,599.56,0,1
TXN007888,725.82,UPI,Network Error,1358,19,4,1,14.67,976.34,0,0
TXN007889,939.88,UPI,Limit Exceeded,1460,25,4,3,4.18,1272.23,1,1
TXN007890,882.75,UPI,Limit Exceeded,1193,14,3,0,1.03,1070.1,0,0
TXN007891,3125.92,UPI,Bank Decline,1388,18,4,0,7.51,622.63,0,0
TXN007892,870.1,Card,Expired Card,646,15,6,2,4.45,844.52,0,0
TXN007893,361.06,Net Banking,Authentication Failed,676,20,4,0,1.67,562.54,1,0
TXN007894,266.11,Card,Network Error,335,21,5,0,31.41,1221.59,0,0
TXN007895,1519.99,Card,Insufficient Funds,1444,17,7,0,15.82,1791.13,1,0
TXN007896,553.02,Net Banking,Expired Card,482,19,4,2,23.07,1370.82,1,1
TXN007897,2001.9,Card,Insufficient Funds,1486,8,3,0,25.81,395.69,0,1
TXN007898,330.93,Card,Authentication Failed,1182,26,3,2,2.93,1197.68,1,0
TXN007899,675.18,UPI,Network Error,544,20,10,0,5.65,582.3,0,1
TXN007900,331.12,Net Banking,Bank Decline,1445,16,6,0,1.03,405.73,1,1
TXN007901,1621.57,Card,Insufficient Funds,349,21,3,1,39.5,3805.84,1,1
TXN007902,1966.41,UPI,Bank Decline,1416,24,1,0,28.14,1495.43,1,0
TXN007903,1487.37,UPI,Authentication Failed,1197,17,0,3,5.83,553.4,0,1
TXN007904,412.67,Net Banking,Insufficient Funds,146,20,5,0,6.68,1203.24,1,1
TXN007905,560.49,UPI,Network Error,1259,23,4,2,15.84,1320.0,0,1
TXN007906,1354.09,Wallet,Authentication Failed,79,20,7,2,16.34,808.69,1,1
TXN007907,240.09,UPI,Bank Decline,434,12,3,2,36.79,1360.06,0,1
TXN007908,882.69,Net Banking,Bank Decline,1329,21,4,0,0.54,1394.02,1,1
TXN007909,4295.03,UPI,Network Error,1266,16,2,0,46.36,412.24,0,1
TXN007910,932.66,Card,Bank Decline,989,15,5,1,36.53,270.71,1,1
TXN007911,287.24,Net Banking,Insufficient Funds,606,15,4,0,12.73,564.29,1,1
TXN007912,634.81,UPI,Insufficient Funds,103,14,1,0,2.21,696.95,0,1
TXN007913,621.65,Card,Network Error,484,10,2,0,17.44,1583.89,1,1
TXN007914,7527.2,UPI,Authentication Failed,1028,17,5,0,17.43,2386.92,0,0
TXN007915,4910.4,UPI,Insufficient Funds,497,7,5,2,1.68,1449.4,1,1
TXN007916,2117.18,UPI,Insufficient Funds,1326,21,3,0,48.53,665.89,0,1
TXN007917,805.31,Card,Bank Decline,412,15,4,0,17.78,863.76,1,1
TXN007918,3231.06,UPI,Limit Exceeded,721,25,2,3,14.08,473.36,0,0
TXN007919,395.4,UPI,Bank Decline,453,17,5,2,15.54,951.75,0,1
TXN007920,2889.73,UPI,Authentication Failed,705,22,4,0,13.53,1055.56,0,0
TXN007921,2527.98,Card,Insufficient Funds,1305,20,8,0,1.73,3790.78,1,0
TXN007922,956.99,Card,Authentication Failed,1050,23,8,1,26.25,752.3,0,0
TXN007923,3057.24,UPI,Network Error,591,17,9,1,0.08,1740.97,0,1
TXN007924,733.26,UPI,Expired Card,433,24,4,2,31.31,1297.93,0,0
TXN007925,351.22,Net Banking,Bank Decline,960,14,5,0,2.82,503.42,0,0
TXN007926,2644.32,UPI,Limit Exceeded,856,17,5,0,6.65,961.07,1,0
TXN007927,1015.65,Net Banking,Insufficient Funds,1391,30,5,2,8.26,580.57,0,1
TXN007928,1884.85,Net Banking,Insufficient Funds,1340,17,6,0,10.43,3012.46,1,1
TXN007929,5646.54,Net Banking,Bank Decline,600,25,3,1,11.33,1454.08,1,0
TXN007930,572.48,UPI,Authentication Failed,362,27,1,0,18.11,533.02,0,1
TXN007931,963.87,Net Banking,Limit Exceeded,33,22,8,1,10.88,1966.07,0,0
TXN007932,4503.77,Card,Network Error,1077,17,3,0,25.22,2254.97,0,1
TXN007933,2001.91,Card,Network Error,462,17,2,2,2.15,2614.54,0,0
TXN007934,584.17,UPI,Insufficient Funds,118,15,7,1,6.76,1480.8,1,0
TXN007935,464.28,UPI,Limit Exceeded,753,18,5,0,5.09,1102.04,0,0
TXN007936,681.79,UPI,Limit Exceeded,381,20,5,0,6.76,1286.05,0,1
TXN007937,564.21,Card,Expired Card,1345,21,0,1,4.02,1156.81,0,0
TXN007938,1357.79,Card,Bank Decline,851,19,4,0,36.83,1433.81,0,1
TXN007939,1176.84,UPI,Authentication Failed,132,25,5,0,12.17,566.5,0,0
TXN007940,1409.96,Card,Authentication Failed,1037,16,2,0,17.59,2168.64,0,0
TXN007941,514.54,UPI,Expired Card,568,20,3,0,25.2,901.07,0,1
TXN007942,1028.9,Card,Bank Decline,1390,14,4,1,6.56,2071.87,1,1
TXN007943,172.41,Net Banking,Network Error,584,20,5,1,37.2,863.52,0,0
TXN007944,1249.51,UPI,Network Error,368,18,3,1,10.74,1669.56,1,1
TXN007945,3158.64,UPI,Bank Decline,685,10,4,1,18.3,2679.66,0,1
TXN007946,304.21,UPI,Bank Decline,989,21,3,0,0.49,1464.2,0,1
TXN007947,1694.4,Card,Bank Decline,770,21,3,1,9.87,1677.05,1,1
TXN007948,632.76,Card,Network Error,781,24,5,0,6.25,1664.93,0,0
TXN007949,2258.04,Net Banking,Bank Decline,1294,19,4,0,0.64,777.84,0,0
TXN007950,1264.94,UPI,Bank Decline,806,25,4,0,7.78,501.69,1,1
TXN007951,1578.51,Wallet,Limit Exceeded,281,21,3,2,32.81,3461.41,1,0
TXN007952,1162.52,UPI,Network Error,402,21,8,4,40.13,1190.22,0,1
TXN007953,3624.6,Card,Insufficient Funds,1343,14,7,1,15.2,2353.92,0,1
TXN007954,1499.17,UPI,Bank Decline,912,29,2,0,73.67,2379.65,1,1
TXN007955,581.21,Net Banking,Authentication Failed,498,13,5,1,46.27,596.65,0,1
TXN007956,1198.52,Card,Limit Exceeded,1434,20,2,0,19.94,485.95,0,1
TXN007957,786.83,Card,Bank Decline,383,18,8,0,4.04,1342.85,0,1
TXN007958,1269.22,Net Banking,Authentication Failed,665,13,4,0,2.32,937.43,0,0
TXN007959,751.6,UPI,Insufficient Funds,547,18,5,0,19.42,583.23,0,1
TXN007960,596.38,UPI,Authentication Failed,845,20,4,0,9.41,221.98,0,0
TXN007961,1312.05,Net Banking,Bank Decline,326,18,1,0,0.9,1604.25,0,1
TXN007962,1153.1,UPI,Insufficient Funds,231,21,6,2,41.75,883.42,0,0
TXN007963,2857.09,UPI,Bank Decline,462,17,3,2,0.94,4099.15,1,1
TXN007964,754.87,Card,Bank Decline,657,20,7,2,28.21,1656.29,0,0
TXN007965,184.42,Card,Network Error,1319,27,2,1,14.11,1322.45,1,1
TXN007966,790.38,UPI,Limit Exceeded,1311,10,2,0,9.97,1067.07,0,1
TXN007967,253.72,UPI,Limit Exceeded,423,15,7,3,20.46,540.49,0,1
TXN007968,1594.16,UPI,Bank Decline,810,18,6,3,11.9,2622.49,0,1
TXN007969,243.1,Card,Bank Decline,785,24,3,1,16.12,2174.98,0,0
TXN007970,450.55,Net Banking,Insufficient Funds,804,21,3,3,15.59,1250.61,1,1
TXN007971,791.48,Wallet,Insufficient Funds,1343,16,2,0,16.55,272.52,0,1
TXN007972,4400.86,Card,Expired Card,615,24,3,1,85.18,1861.89,0,0
TXN007973,417.55,UPI,Insufficient Funds,799,14,5,1,6.24,113.41,0,1
TXN007974,1108.95,Net Banking,Limit Exceeded,1021,15,9,1,6.61,471.87,1,0
TXN007975,1848.22,Card,Network Error,1087,12,4,2,8.09,1493.5,0,0
TXN007976,4169.93,UPI,Insufficient Funds,1153,21,2,1,41.88,813.45,0,0
TXN007977,2208.38,Net Banking,Network Error,1320,27,6,0,14.51,2077.61,0,1
TXN007978,2935.16,Card,Insufficient Funds,604,17,7,2,47.4,815.19,0,1
TXN007979,2387.2,Card,Bank Decline,979,13,4,1,25.5,761.69,1,0
TXN007980,369.37,Card,Limit Exceeded,1340,14,4,1,5.21,539.59,0,0
TXN007981,1515.84,UPI,Bank Decline,1258,21,2,1,15.22,446.45,0,0
TXN007982,2353.82,UPI,Insufficient Funds,12,20,7,1,1.52,2354.42,0,0
TXN007983,463.66,Card,Expired Card,1473,19,3,1,14.73,1876.88,1,0
TXN007984,650.81,UPI,Insufficient Funds,316,18,3,0,3.81,1029.99,0,1
TXN007985,532.26,Card,Limit Exceeded,791,14,5,2,9.54,521.77,1,1
TXN007986,2198.13,Net Banking,Network Error,862,15,7,2,15.46,741.33,1,0
TXN007987,1030.34,Net Banking,Bank Decline,911,17,6,0,3.85,413.56,1,0
TXN007988,821.59,Card,Authentication Failed,1032,17,6,0,25.12,1138.62,0,0
TXN007989,346.02,Net Banking,Expired Card,780,18,2,0,11.75,1863.17,0,0
TXN007990,1032.09,Net Banking,Insufficient Funds,760,21,4,0,37.23,651.16,1,1
TXN007991,657.98,Card,Bank Decline,1405,21,3,0,6.68,431.36,1,1
TXN007992,1365.13,UPI,Authentication Failed,1276,15,7,2,26.14,893.08,1,1
TXN007993,392.03,UPI,Insufficient Funds,829,21,4,0,0.44,599.43,0,1
TXN007994,1287.06,UPI,Network Error,1334,17,7,1,14.47,736.52,0,0
TXN007995,738.74,UPI,Expired Card,64,11,1,0,33.69,1839.71,1,0
TXN007996,356.25,UPI,Network Error,1255,12,4,1,32.0,637.25,0,1
TXN007997,332.1,UPI,Limit Exceeded,1456,16,4,1,15.02,1086.43,0,0
TXN007998,380.19,Card,Expired Card,1232,11,5,1,17.46,1152.21,0,0
TXN007999,910.72,Net Banking,Expired Card,524,17,5,2,26.19,1214.76,0,0
TXN008000,1222.8,UPI,Limit Exceeded,36,17,1,0,14.08,712.84,0,1
TXN008001,1398.06,Card,Expired Card,157,14,4,0,29.1,1243.57,0,1
TXN008002,1446.35,Card,Bank Decline,554,21,5,0,16.57,832.9,1,0
TXN008003,554.09,UPI,Network Error,116,17,2,1,2.95,657.58,0,0
TXN008004,2842.85,Net Banking,Expired Card,1151,23,4,0,26.22,1474.39,0,0
TXN008005,736.56,Card,Authentication Failed,247,23,4,2,7.98,656.4,1,1
TXN008006,1644.41,UPI,Bank Decline,1060,20,4,1,38.8,1930.3,1,1
TXN008007,946.02,Card,Bank Decline,472,15,3,0,8.75,744.61,0,1
TXN008008,1537.72,UPI,Authentication Failed,471,15,6,0,5.01,986.84,0,0
TXN008009,904.25,Card,Network Error,243,18,0,1,6.5,347.45,0,0
TXN008010,1562.86,UPI,Insufficient Funds,1401,13,0,1,3.63,732.41,1,1
TXN008011,1089.36,Net Banking,Expired Card,1179,5,2,0,10.71,455.64,0,1
TXN008012,2281.2,Card,Authentication Failed,380,16,4,0,24.82,1855.14,0,1
TXN008013,524.89,Card,Limit Exceeded,606,25,2,0,19.43,412.29,1,1
TXN008014,222.98,UPI,Limit Exceeded,522,10,3,0,36.93,1966.75,0,0
TXN008015,456.68,Card,Insufficient Funds,1463,14,5,0,0.37,1819.32,1,1
TXN008016,2869.88,Net Banking,Authentication Failed,258,21,3,0,25.67,631.05,1,1
TXN008017,954.22,Card,Network Error,569,9,3,1,16.88,569.11,1,0
TXN008018,1191.37,Card,Authentication Failed,542,16,5,1,60.21,709.32,0,1
TXN008019,424.85,Card,Bank Decline,1076,13,2,2,32.01,652.14,1,0
TXN008020,1163.28,Net Banking,Insufficient Funds,634,16,4,1,5.93,1069.4,0,1
TXN008021,436.8,Card,Network Error,613,16,3,1,35.93,776.76,0,1
TXN008022,498.6,Net Banking,Bank Decline,441,22,4,2,37.49,1122.51,1,1
TXN008023,763.39,Net Banking,Expired Card,617,19,2,3,31.34,915.22,1,0
TXN008024,1636.95,UPI,Authentication Failed,282,16,4,0,13.42,2409.11,0,1
TXN008025,1802.02,UPI,Expired Card,854,22,3,1,34.08,1705.39,0,0
TXN008026,1846.67,UPI,Authentication Failed,1125,18,5,0,6.82,680.36,0,0
TXN008027,262.62,Net Banking,Bank Decline,1176,24,5,4,7.72,1526.63,1,0
TXN008028,1090.08,UPI,Limit Exceeded,910,16,1,2,18.8,622.96,0,0
TXN008029,918.64,Card,Limit Exceeded,673,10,3,0,0.5,560.62,0,0
TXN008030,276.18,Net Banking,Expired Card,788,11,5,1,18.95,1445.3,0,1
TXN008031,1112.52,UPI,Network Error,1432,18,4,1,6.95,2283.23,1,0
TXN008032,875.34,Card,Network Error,839,18,5,2,40.71,1680.79,1,1
TXN008033,1737.8,UPI,Expired Card,510,15,3,1,9.59,1523.37,0,1
TXN008034,1179.83,UPI,Bank Decline,1445,22,4,0,24.85,2647.79,0,1
TXN008035,668.88,Net Banking,Limit Exceeded,282,18,3,1,5.73,1375.47,1,1
TXN008036,2522.96,UPI,Authentication Failed,332,23,4,0,7.19,987.46,0,1
TXN008037,148.55,UPI,Bank Decline,1286,14,0,2,3.69,1178.0,0,1
TXN008038,1035.0,Net Banking,Expired Card,563,12,4,0,4.97,611.06,1,0
TXN008039,224.32,UPI,Limit Exceeded,519,15,6,0,2.06,995.2,1,1
TXN008040,482.52,Wallet,Expired Card,1177,27,5,0,17.27,2030.6,0,0
TXN008041,1758.7,Wallet,Network Error,301,22,7,0,33.01,872.74,0,0
TXN008042,348.36,UPI,Authentication Failed,381,16,2,4,6.01,1792.76,1,1
TXN008043,304.49,UPI,Bank Decline,62,22,1,3,6.47,4286.0,0,1
TXN008044,9355.79,Card,Insufficient Funds,918,13,1,1,43.15,483.16,0,1
TXN008045,322.67,Card,Limit Exceeded,1256,23,6,1,1.71,518.06,0,1
TXN008046,4843.87,UPI,Expired Card,26,25,9,0,1.73,3151.97,1,0
TXN008047,939.19,Card,Limit Exceeded,1189,9,0,0,26.5,4748.72,1,0
TXN008048,683.79,UPI,Insufficient Funds,858,11,6,0,5.2,651.23,0,0
TXN008049,1826.41,Net Banking,Insufficient Funds,597,16,8,0,13.63,847.43,0,1
TXN008050,3651.65,UPI,Authentication Failed,927,17,7,0,11.02,2062.71,0,1
TXN008051,390.93,UPI,Insufficient Funds,372,18,3,0,14.58,3004.8,1,1
TXN008052,692.82,UPI,Limit Exceeded,7,16,5,0,1.61,1382.77,0,0
TXN008053,2350.03,Wallet,Limit Exceeded,919,20,5,2,8.59,1209.04,1,0
TXN008054,1421.11,Card,Expired Card,854,19,6,0,18.41,420.75,1,0
TXN008055,2956.4,Net Banking,Insufficient Funds,1259,22,3,0,4.56,783.48,0,0
TXN008056,1743.41,UPI,Expired Card,731,18,6,1,2.93,705.56,0,0
TXN008057,5582.55,UPI,Authentication Failed,1313,15,4,0,10.4,1022.65,1,1
TXN008058,1287.85,UPI,Bank Decline,766,13,7,0,51.77,2199.41,0,0
TXN008059,1338.94,Card,Bank Decline,1149,15,2,2,53.38,1580.33,0,1
TXN008060,1464.91,Card,Bank Decline,233,18,5,0,34.14,945.33,1,1
TXN008061,964.64,Card,Insufficient Funds,1054,14,5,0,5.36,549.58,0,1
TXN008062,2352.6,UPI,Authentication Failed,708,15,2,0,21.3,1431.67,0,1
TXN008063,1357.41,Net Banking,Authentication Failed,314,27,5,1,58.87,748.02,1,1
TXN008064,2229.12,UPI,Authentication Failed,1337,12,5,0,20.48,2052.34,0,0
TXN008065,2565.86,Wallet,Network Error,968,15,3,1,17.0,1178.18,1,1
TXN008066,1612.61,UPI,Limit Exceeded,575,14,4,0,2.25,2274.9,0,1
TXN008067,1722.52,Card,Insufficient Funds,1341,25,5,1,24.82,2246.74,0,0
TXN008068,441.73,UPI,Expired Card,1119,11,6,3,26.27,2108.94,0,0
TXN008069,668.26,Card,Expired Card,1305,13,5,0,3.38,1782.14,1,1
TXN008070,2342.67,Card,Authentication Failed,627,19,2,1,9.15,668.25,0,0
TXN008071,3949.2,Card,Limit Exceeded,659,21,4,3,15.1,746.91,1,1
TXN008072,191.26,UPI,Authentication Failed,803,25,4,0,5.12,914.94,0,1
TXN008073,657.81,Card,Authentication Failed,486,22,5,0,73.21,911.18,1,0
TXN008074,1120.2,Card,Authentication Failed,908,21,3,0,3.28,933.76,0,0
TXN008075,497.03,Net Banking,Insufficient Funds,1487,15,4,3,60.32,1713.27,0,0
TXN008076,523.08,UPI,Limit Exceeded,903,17,2,1,3.25,2936.84,1,1
TXN008077,1681.48,Card,Network Error,926,14,4,3,12.3,676.33,0,1
TXN008078,4551.62,Card,Bank Decline,592,17,4,0,78.35,1701.94,1,0
TXN008079,176.15,UPI,Insufficient Funds,1385,14,3,1,3.91,1776.22,0,0
TXN008080,940.65,Card,Expired Card,268,16,7,0,24.08,740.03,0,0
TXN008081,1663.95,UPI,Bank Decline,1206,30,5,1,12.85,725.3,0,1
TXN008082,2213.2,UPI,Bank Decline,410,12,4,3,9.87,1571.92,1,1
TXN008083,1461.49,UPI,Expired Card,1260,18,4,0,9.7,680.9,0,1
TXN008084,5352.2,UPI,Authentication Failed,1353,30,8,0,14.68,2188.58,1,0
TXN008085,1125.54,Card,Limit Exceeded,701,15,3,0,26.21,1033.54,0,1
TXN008086,3571.69,Card,Bank Decline,792,18,4,0,7.1,2175.27,1,0
TXN008087,612.94,Wallet,Bank Decline,283,24,11,0,98.47,3932.84,0,0
TXN008088,1155.38,Card,Bank Decline,683,15,2,0,42.73,1359.5,1,1
TXN008089,368.17,UPI,Bank Decline,1305,21,7,0,12.18,1259.24,0,1
TXN008090,2467.05,Net Banking,Insufficient Funds,223,18,5,0,13.77,489.79,0,0
TXN008091,983.98,Net Banking,Authentication Failed,196,13,1,0,23.18,1610.01,1,1
TXN008092,1513.29,Card,Network Error,1048,18,6,0,6.28,798.06,0,0
TXN008093,827.14,Card,Insufficient Funds,750,17,3,0,12.43,521.45,1,0
TXN008094,1858.98,Wallet,Bank Decline,1444,9,3,0,7.59,901.75,1,0
TXN008095,1568.21,Card,Network Error,1214,15,4,0,9.96,2152.7,1,1
TXN008096,448.01,Net Banking,Network Error,249,17,2,1,29.16,581.43,1,1
TXN008097,471.97,UPI,Insufficient Funds,1456,15,0,3,12.72,2656.05,0,1
TXN008098,1069.57,UPI,Authentication Failed,59,15,8,1,32.4,3260.38,1,0
TXN008099,1985.48,Card,Bank Decline,1256,17,1,0,3.85,2995.77,0,1
TXN008100,5864.11,Card,Insufficient Funds,568,13,6,1,19.6,730.49,0,0
TXN008101,1440.42,Net Banking,Insufficient Funds,778,18,4,3,35.63,1873.39,1,0
TXN008102,2715.63,Wallet,Network Error,325,18,6,0,3.72,2010.51,0,1
TXN008103,256.84,UPI,Insufficient Funds,713,27,4,0,11.76,718.58,0,0
TXN008104,6712.05,UPI,Insufficient Funds,1399,16,6,0,42.47,1926.77,0,1
TXN008105,1891.49,Net Banking,Bank Decline,254,16,4,0,54.51,928.1,0,0
TXN008106,1048.75,Card,Network Error,183,13,2,2,26.03,1683.16,0,0
TXN008107,945.56,UPI,Insufficient Funds,19,14,4,0,19.32,1969.35,1,1
TXN008108,404.85,Card,Bank Decline,1391,23,2,2,3.43,482.09,0,1
TXN008109,523.66,Card,Bank Decline,295,19,6,1,67.35,1982.76,0,0
TXN008110,6120.46,Net Banking,Insufficient Funds,437,17,4,0,0.28,1049.34,0,1
TXN008111,450.29,Card,Network Error,582,15,4,1,13.97,1250.66,1,1
TXN008112,442.55,UPI,Insufficient Funds,1369,13,2,1,3.71,1330.44,1,1
TXN008113,582.89,Wallet,Insufficient Funds,40,11,9,0,52.5,1039.68,0,0
TXN008114,373.02,Card,Network Error,1354,16,2,0,19.49,371.02,0,1
TXN008115,1111.84,UPI,Bank Decline,1486,11,5,2,37.91,1245.54,0,1
TXN008116,2921.99,UPI,Insufficient Funds,1255,23,7,4,10.21,584.93,0,1
TXN008117,633.05,Card,Bank Decline,647,14,2,1,24.11,3893.63,1,0
TXN008118,318.62,UPI,Authentication Failed,139,23,6,0,21.93,681.4,0,1
TXN008119,1426.07,UPI,Expired Card,903,12,3,0,35.63,3666.24,1,0
TXN008120,1042.94,Card,Limit Exceeded,988,13,3,1,0.81,1949.25,1,0
TXN008121,2703.9,UPI,Authentication Failed,1251,15,4,3,13.89,1220.34,0,1
TXN008122,728.47,Card,Authentication Failed,407,19,4,0,25.28,768.49,0,0
TXN008123,867.71,UPI,Limit Exceeded,612,21,1,0,73.86,1264.97,1,0
TXN008124,958.55,Card,Network Error,617,17,5,1,22.1,1118.92,0,1
TXN008125,1188.09,UPI,Bank Decline,1090,17,6,1,16.4,968.48,1,1
TXN008126,770.23,UPI,Insufficient Funds,647,17,4,3,13.02,726.12,0,1
TXN008127,665.69,UPI,Expired Card,138,12,5,0,6.87,905.89,0,0
TXN008128,207.4,Net Banking,Authentication Failed,399,18,5,0,2.63,2256.73,1,1
TXN008129,659.28,Net Banking,Bank Decline,819,21,4,0,46.03,796.73,0,0
TXN008130,2087.46,UPI,Expired Card,934,24,3,2,3.68,3609.44,0,0
TXN008131,2357.18,Net Banking,Network Error,587,22,6,0,22.82,3707.37,1,1
TXN008132,717.66,Card,Bank Decline,20,17,3,0,28.03,1116.36,0,0
TXN008133,3531.71,Wallet,Bank Decline,441,11,3,0,35.19,1182.25,0,1
TXN008134,1068.67,UPI,Network Error,480,16,1,0,6.92,403.3,1,1
TXN008135,328.96,Card,Bank Decline,157,17,2,1,39.04,584.6,0,1
TXN008136,247.86,UPI,Limit Exceeded,476,13,1,0,12.71,1535.64,0,1
TXN008137,3282.73,UPI,Authentication Failed,417,16,2,0,3.49,740.13,0,1
TXN008138,783.91,Wallet,Authentication Failed,351,19,4,1,1.96,234.19,1,0
TXN008139,367.73,Card,Bank Decline,810,12,5,1,1.74,869.14,0,1
TXN008140,143.55,UPI,Authentication Failed,1226,16,4,1,18.96,1195.85,0,0
TXN008141,768.05,UPI,Bank Decline,550,14,5,0,23.08,5815.84,0,1
TXN008142,1578.57,Card,Bank Decline,1103,14,2,1,11.1,714.17,0,0
TXN008143,585.27,Card,Expired Card,200,17,4,0,3.56,905.1,0,1
TXN008144,425.0,UPI,Bank Decline,944,17,9,0,53.56,1437.25,1,0
TXN008145,668.85,Wallet,Insufficient Funds,635,18,5,0,9.7,2032.77,0,1
TXN008146,3357.23,UPI,Bank Decline,1222,22,2,0,1.44,962.76,0,0
TXN008147,313.04,UPI,Expired Card,436,21,4,3,5.0,1631.19,0,1
TXN008148,615.52,Net Banking,Bank Decline,223,11,5,0,16.65,961.38,0,0
TXN008149,3260.65,UPI,Network Error,1027,19,6,1,11.6,2275.7,0,1
TXN008150,1710.87,UPI,Expired Card,976,21,3,2,12.61,1917.6,1,1
TXN008151,1288.48,Card,Limit Exceeded,491,19,7,1,5.72,2436.66,1,0
TXN008152,611.8,Net Banking,Authentication Failed,607,17,3,1,0.03,1788.17,1,0
TXN008153,1127.16,UPI,Bank Decline,366,24,2,0,2.74,1156.74,0,1
TXN008154,675.84,Net Banking,Insufficient Funds,1339,22,4,0,50.38,2604.53,0,1
TXN008155,506.01,Net Banking,Bank Decline,675,13,2,3,15.97,389.66,0,0
TXN008156,414.86,UPI,Bank Decline,427,23,1,1,3.25,338.55,1,1
TXN008157,2220.94,Card,Expired Card,587,26,5,0,3.73,3048.51,0,1
TXN008158,1038.61,UPI,Insufficient Funds,788,16,4,2,44.66,1865.28,0,1
TXN008159,1455.44,UPI,Bank Decline,1441,24,3,0,4.35,548.25,0,1
TXN008160,1257.03,Net Banking,Limit Exceeded,523,20,4,1,1.62,1774.47,0,0
TXN008161,1630.8,Wallet,Expired Card,249,27,3,0,50.72,3059.15,0,1
TXN008162,871.97,UPI,Limit Exceeded,636,17,4,1,5.02,5111.06,1,1
TXN008163,710.88,Card,Limit Exceeded,1023,19,2,1,36.69,824.03,1,0
TXN008164,526.5,Card,Limit Exceeded,178,16,2,1,27.35,473.4,0,0
TXN008165,307.18,UPI,Expired Card,661,17,4,0,7.19,1929.11,1,1
TXN008166,399.48,UPI,Bank Decline,775,16,2,0,68.05,1251.9,1,0
TXN008167,789.28,UPI,Authentication Failed,466,10,3,0,49.01,487.01,0,0
TXN008168,259.11,Card,Network Error,1395,25,3,1,6.56,659.14,1,1
TXN008169,316.06,Card,Insufficient Funds,1108,14,3,0,4.53,1258.81,1,1
TXN008170,2801.54,UPI,Bank Decline,538,23,2,0,0.95,648.59,1,1
TXN008171,1341.79,Net Banking,Expired Card,1236,32,3,2,45.59,657.46,1,0
TXN008172,730.22,Net Banking,Authentication Failed,297,18,1,1,38.38,1657.37,1,1
TXN008173,8471.11,Card,Insufficient Funds,665,10,7,2,20.76,1395.16,1,0
TXN008174,248.78,UPI,Insufficient Funds,858,20,4,1,44.51,1164.77,0,0
TXN008175,2638.72,Card,Authentication Failed,560,18,5,3,6.12,1924.7,1,0
TXN008176,991.96,UPI,Authentication Failed,434,21,6,0,2.0,3160.8,0,0
TXN008177,2222.84,UPI,Bank Decline,477,17,5,0,27.3,1235.99,0,1
TXN008178,1209.62,Card,Bank Decline,872,12,6,0,67.59,127.22,0,1
TXN008179,203.36,UPI,Expired Card,519,18,2,0,5.28,980.57,0,1
TXN008180,1195.02,UPI,Bank Decline,330,21,2,0,4.51,2770.54,0,1
TXN008181,1483.26,UPI,Authentication Failed,261,17,4,0,50.53,2594.47,0,1
TXN008182,152.51,UPI,Insufficient Funds,727,16,2,2,22.89,1113.48,0,0
TXN008183,6308.44,UPI,Insufficient Funds,596,14,5,0,5.99,736.52,0,1
TXN008184,1451.11,Wallet,Insufficient Funds,57,15,8,2,14.81,755.42,0,0
TXN008185,2007.79,UPI,Bank Decline,806,21,3,0,11.69,1431.84,0,1
TXN008186,384.15,UPI,Insufficient Funds,106,19,1,0,23.84,324.85,0,1
TXN008187,2041.74,UPI,Insufficient Funds,470,16,3,2,9.93,2367.9,0,0
TXN008188,2923.55,Net Banking,Limit Exceeded,505,15,2,1,9.39,1522.26,1,1
TXN008189,1377.76,Card,Insufficient Funds,921,10,2,0,34.25,511.01,0,0
TXN008190,1087.42,UPI,Authentication Failed,243,17,4,0,22.1,742.11,0,1
TXN008191,490.67,Net Banking,Bank Decline,478,21,3,2,22.88,499.68,1,1
TXN008192,902.72,UPI,Expired Card,1428,15,5,0,5.71,888.99,0,1
TXN008193,691.71,UPI,Bank Decline,163,14,4,2,10.95,927.67,0,0
TXN008194,1834.99,UPI,Bank Decline,304,19,4,2,16.25,1003.44,0,1
TXN008195,510.36,UPI,Network Error,1044,16,16,0,5.4,1451.19,1,0
TXN008196,1822.9,UPI,Network Error,122,22,5,0,89.42,986.51,0,0
TXN008197,515.38,Card,Limit Exceeded,145,15,3,0,10.71,544.86,0,0
TXN008198,866.0,UPI,Limit Exceeded,81,19,3,0,8.29,1067.54,1,1
TXN008199,1909.2,Card,Expired Card,821,17,8,2,34.31,748.46,0,0
TXN008200,582.07,UPI,Bank Decline,1390,18,1,1,5.12,666.37,0,1
TXN008201,1969.4,UPI,Authentication Failed,1054,20,5,0,29.18,930.63,0,0
TXN008202,1803.88,UPI,Network Error,412,10,2,1,51.54,1788.77,1,1
TXN008203,859.32,Net Banking,Authentication Failed,957,23,3,0,22.94,1004.69,0,0
TXN008204,3120.05,UPI,Limit Exceeded,573,21,4,4,12.4,2256.76,0,0
TXN008205,1176.15,Card,Insufficient Funds,332,20,5,0,2.38,1322.69,0,1
TXN008206,2957.35,UPI,Bank Decline,1364,28,4,2,21.71,1484.28,1,0
TXN008207,5508.89,UPI,Network Error,335,14,1,0,32.42,707.27,1,0
TXN008208,882.56,UPI,Expired Card,1330,22,3,3,9.64,425.85,1,1
TXN008209,1959.53,UPI,Network Error,95,22,4,0,26.09,584.51,0,1
TXN008210,617.81,UPI,Limit Exceeded,21,23,6,1,13.98,1809.1,0,1
TXN008211,432.88,UPI,Bank Decline,1331,21,3,1,26.94,1715.86,0,1
TXN008212,919.74,Card,Insufficient Funds,640,11,2,1,5.62,3588.83,0,0
TXN008213,321.71,UPI,Insufficient Funds,1348,11,4,0,0.1,2520.25,1,1
TXN008214,471.61,Card,Network Error,184,24,5,2,99.77,542.73,0,1
TXN008215,1867.38,UPI,Expired Card,1492,20,7,0,3.3,3414.06,1,1
TXN008216,690.71,Card,Bank Decline,275,17,7,0,38.0,1318.33,1,1
TXN008217,2078.63,Card,Network Error,1135,17,3,0,1.67,446.78,1,1
TXN008218,1435.79,UPI,Insufficient Funds,345,13,2,2,19.02,763.28,1,1
TXN008219,5802.47,UPI,Insufficient Funds,398,18,5,0,1.04,471.83,1,1
TXN008220,1757.95,Card,Expired Card,147,22,6,3,19.99,1972.0,1,1
TXN008221,2989.31,Net Banking,Bank Decline,175,16,0,1,2.02,2050.92,1,1
TXN008222,1574.5,UPI,Expired Card,1047,14,4,0,16.7,602.4,0,0
TXN008223,1451.36,UPI,Limit Exceeded,11,11,9,0,8.08,1122.96,0,1
TXN008224,3128.35,Net Banking,Authentication Failed,1167,16,5,0,13.41,2167.76,0,1
TXN008225,2002.03,UPI,Insufficient Funds,625,16,3,0,0.92,4564.21,0,0
TXN008226,1324.85,Card,Network Error,1192,23,5,0,7.85,2684.03,1,1
TXN008227,1319.61,UPI,Limit Exceeded,775,23,6,1,27.27,1132.63,1,1
TXN008228,1780.07,UPI,Limit Exceeded,686,25,2,0,26.88,3627.36,1,0
TXN008229,599.3,Card,Limit Exceeded,469,13,1,0,19.47,1587.27,1,1
TXN008230,576.85,Card,Bank Decline,1468,24,5,0,54.01,775.72,1,1
TXN008231,3955.51,UPI,Insufficient Funds,1412,13,3,0,19.58,443.22,1,0
TXN008232,5872.13,Card,Network Error,388,23,4,0,7.62,1920.9,0,1
TXN008233,475.33,Net Banking,Limit Exceeded,488,7,2,0,20.23,567.12,0,0
TXN008234,600.59,Card,Bank Decline,1385,14,1,4,7.92,768.44,1,0
TXN008235,3066.43,UPI,Insufficient Funds,1275,17,9,0,16.7,900.29,1,1
TXN008236,1772.54,Card,Expired Card,631,21,4,2,19.92,1757.87,0,1
TXN008237,2015.83,Card,Bank Decline,482,15,5,1,10.94,868.93,1,1
TXN008238,2457.6,Net Banking,Insufficient Funds,471,19,8,0,73.88,358.26,0,0
TXN008239,883.01,Card,Insufficient Funds,1220,18,4,2,1.87,1102.74,0,0
TXN008240,1475.83,UPI,Bank Decline,500,20,7,1,12.73,1244.98,0,0
TXN008241,1376.05,Card,Network Error,541,21,6,0,40.72,1158.8,1,1
TXN008242,506.42,Card,Bank Decline,637,11,4,2,10.42,896.02,1,1
TXN008243,1456.19,UPI,Insufficient Funds,288,20,10,1,17.09,652.12,0,0
TXN008244,3340.71,UPI,Insufficient Funds,837,20,2,0,9.51,1164.02,1,1
TXN008245,811.82,UPI,Bank Decline,436,15,1,0,56.48,705.97,0,1
TXN008246,1258.04,Card,Expired Card,587,24,4,1,67.57,1074.13,0,1
TXN008247,1320.86,UPI,Insufficient Funds,864,15,9,0,3.75,248.17,1,1
TXN008248,848.78,Card,Network Error,259,16,2,1,48.81,1890.35,1,0
TXN008249,2016.69,Net Banking,Insufficient Funds,569,13,4,0,12.96,982.45,0,1
TXN008250,594.63,Net Banking,Insufficient Funds,1073,24,5,0,15.36,261.98,0,1
TXN008251,3638.7,Net Banking,Insufficient Funds,1171,12,4,0,51.76,3518.26,0,0
TXN008252,1926.74,Wallet,Insufficient Funds,543,17,4,0,24.01,1477.17,0,1
TXN008253,471.97,UPI,Expired Card,904,25,6,1,17.89,484.12,0,1
TXN008254,5055.38,Card,Bank Decline,276,14,3,1,37.9,756.92,0,1
TXN008255,1275.75,UPI,Limit Exceeded,1391,18,7,0,19.32,378.96,0,1
TXN008256,572.12,Net Banking,Insufficient Funds,622,20,4,2,1.43,732.73,1,0
TXN008257,2963.42,UPI,Insufficient Funds,942,15,2,2,21.43,1062.78,0,1
TXN008258,1711.64,Wallet,Bank Decline,301,24,3,0,51.41,1112.94,0,0
TXN008259,222.57,Card,Limit Exceeded,889,15,7,1,13.68,697.23,0,0
TXN008260,683.28,Net Banking,Bank Decline,478,20,4,1,13.93,895.99,0,0
TXN008261,1409.78,UPI,Bank Decline,823,18,4,0,5.86,1433.05,1,1
TXN008262,157.02,UPI,Bank Decline,1191,16,4,0,14.88,1204.96,0,1
TXN008263,1183.89,Card,Insufficient Funds,51,17,3,0,49.99,3634.64,0,1
TXN008264,1264.18,UPI,Authentication Failed,805,13,6,2,5.99,407.57,0,0
TXN008265,377.99,Net Banking,Network Error,886,7,2,0,62.02,1013.68,0,0
TXN008266,1399.09,UPI,Limit Exceeded,684,13,5,0,22.21,2502.28,0,1
TXN008267,1104.02,Card,Expired Card,213,19,4,2,4.44,5778.23,0,0
TXN008268,375.34,UPI,Network Error,1138,17,4,2,21.94,592.32,0,1
TXN008269,2508.91,Card,Insufficient Funds,942,13,4,3,9.91,1356.56,1,1
TXN008270,2331.04,Card,Expired Card,448,14,2,2,15.9,1172.76,0,0
TXN008271,844.92,UPI,Insufficient Funds,1095,20,6,1,35.54,310.32,0,1
TXN008272,917.16,UPI,Bank Decline,273,13,7,0,4.36,784.42,1,1
TXN008273,2108.3,UPI,Network Error,405,20,4,1,10.7,2048.82,0,1
TXN008274,915.44,Card,Limit Exceeded,230,16,2,0,10.38,468.09,0,0
TXN008275,192.9,Card,Expired Card,671,20,6,0,21.07,2423.79,0,1
TXN008276,1699.76,Card,Expired Card,941,15,1,1,1.27,1022.97,0,1
TXN008277,527.46,Card,Insufficient Funds,1319,18,5,1,3.72,912.6,1,1
TXN008278,772.12,Card,Bank Decline,1315,23,2,0,10.45,1848.64,0,0
TXN008279,4072.79,UPI,Insufficient Funds,1216,10,2,1,14.16,2798.44,1,1
TXN008280,972.06,UPI,Expired Card,232,11,5,0,0.8,9279.84,1,1
TXN008281,1098.35,UPI,Authentication Failed,206,18,6,0,10.55,818.34,1,1
TXN008282,1734.89,Wallet,Bank Decline,510,18,5,4,17.45,1255.23,0,1
TXN008283,1728.14,Net Banking,Insufficient Funds,17,15,4,0,2.63,805.0,1,1
TXN008284,479.49,UPI,Network Error,915,17,5,3,10.49,1518.83,1,1
TXN008285,1038.71,Card,Authentication Failed,843,23,5,0,24.2,5023.9,0,1
TXN008286,1132.9,Net Banking,Network Error,985,17,7,1,1.69,610.07,0,1
TXN008287,1400.84,Card,Insufficient Funds,283,22,8,1,17.42,665.29,1,1
TXN008288,1422.68,UPI,Authentication Failed,1033,19,5,1,8.7,1064.79,0,1
TXN008289,11256.46,UPI,Limit Exceeded,935,20,5,4,10.78,622.11,0,0
TXN008290,380.59,Card,Insufficient Funds,796,21,7,0,8.05,284.61,1,1
TXN008291,2649.38,Wallet,Authentication Failed,11,13,3,2,1.58,1466.41,1,1
TXN008292,3181.28,Card,Bank Decline,527,12,4,3,16.42,1089.74,0,0
TXN008293,1708.73,UPI,Bank Decline,286,22,5,0,9.96,3686.53,1,1
TXN008294,610.77,UPI,Bank Decline,1453,12,5,0,33.0,466.37,0,1
TXN008295,4905.94,Net Banking,Limit Exceeded,978,13,1,2,23.73,914.4,1,0
TXN008296,152.51,Net Banking,Expired Card,1268,24,2,3,15.6,851.47,1,1
TXN008297,592.92,Card,Insufficient Funds,323,18,5,1,4.87,1067.93,0,0
TXN008298,3147.97,Card,Authentication Failed,133,20,0,2,11.96,681.61,1,0
TXN008299,785.96,UPI,Insufficient Funds,310,22,5,0,27.07,1875.74,0,0
TXN008300,4613.85,Net Banking,Limit Exceeded,755,21,4,2,2.25,1099.26,0,0
TXN008301,281.29,Net Banking,Expired Card,737,19,8,1,2.27,553.69,0,0
TXN008302,403.07,UPI,Insufficient Funds,1208,23,1,1,4.45,1739.18,1,1
TXN008303,679.61,Card,Insufficient Funds,496,19,11,0,39.14,819.0,1,0
TXN008304,1596.64,UPI,Authentication Failed,443,21,5,0,12.8,1264.48,1,1
TXN008305,898.01,UPI,Bank Decline,1068,16,5,1,67.18,1509.57,0,1
TXN008306,705.31,UPI,Expired Card,489,17,4,1,39.05,655.92,0,1
TXN008307,3937.72,UPI,Network Error,998,17,3,2,4.72,1293.71,0,0
TXN008308,4281.68,UPI,Expired Card,321,13,2,2,76.71,409.29,0,0
TXN008309,755.26,UPI,Network Error,1127,19,4,0,12.13,338.26,0,0
TXN008310,235.38,Card,Bank Decline,945,14,1,0,36.77,1541.18,0,1
TXN008311,157.32,Card,Bank Decline,23,18,4,3,11.63,1134.4,0,1
TXN008312,1360.16,UPI,Authentication Failed,946,15,4,0,52.59,1963.38,1,1
TXN008313,1979.03,UPI,Bank Decline,986,22,5,1,24.5,254.1,1,1
TXN008314,1160.61,Card,Insufficient Funds,453,16,6,0,13.51,2038.99,0,1
TXN008315,1028.84,UPI,Authentication Failed,285,16,4,1,21.66,900.45,0,0
TXN008316,531.61,UPI,Limit Exceeded,458,15,7,1,4.63,843.87,1,0
TXN008317,1977.29,Net Banking,Insufficient Funds,672,23,2,0,34.75,3616.36,1,0
TXN008318,4965.98,Card,Authentication Failed,612,26,7,0,5.74,944.48,1,1
TXN008319,149.13,Net Banking,Expired Card,35,19,4,2,16.21,806.59,0,1
TXN008320,1022.75,Card,Insufficient Funds,1040,10,4,1,85.3,842.67,0,0
TXN008321,457.92,UPI,Bank Decline,808,13,1,2,0.98,541.46,0,0
TXN008322,286.74,Card,Expired Card,107,19,6,2,3.41,1139.94,0,0
TXN008323,396.64,UPI,Limit Exceeded,659,10,6,0,20.9,3549.84,1,1
TXN008324,1543.34,Card,Bank Decline,93,13,6,2,18.23,311.91,1,1
TXN008325,1578.87,UPI,Bank Decline,476,13,7,3,23.19,2019.92,0,1
TXN008326,4081.66,Net Banking,Bank Decline,1331,19,3,0,0.35,1077.77,1,0
TXN008327,1105.33,UPI,Network Error,646,11,4,1,20.65,554.45,0,1
TXN008328,225.34,Net Banking,Insufficient Funds,1236,22,4,0,51.04,1407.13,0,1
TXN008329,885.05,Net Banking,Insufficient Funds,1112,19,1,0,9.22,1144.33,1,0
TXN008330,314.9,Card,Expired Card,1242,17,1,1,12.13,851.81,1,0
TXN008331,370.14,Card,Limit Exceeded,125,19,2,0,21.7,1418.16,1,0
TXN008332,1849.19,Card,Network Error,1166,18,8,2,38.23,1170.85,1,1
TXN008333,1306.05,Net Banking,Bank Decline,794,15,3,1,25.21,1523.78,0,0
TXN008334,1860.89,Card,Bank Decline,383,16,3,3,58.78,1236.82,0,1
TXN008335,794.93,Net Banking,Bank Decline,434,17,7,2,24.2,378.43,1,0
TXN008336,2233.84,Card,Authentication Failed,726,16,4,0,6.08,389.56,1,1
TXN008337,755.92,Net Banking,Limit Exceeded,320,20,4,0,40.67,826.89,1,1
TXN008338,2995.94,Card,Insufficient Funds,1434,14,5,1,12.77,747.59,0,1
TXN008339,1495.44,Card,Bank Decline,249,19,2,0,45.1,1213.05,1,1
TXN008340,910.24,Net Banking,Network Error,991,23,4,1,1.22,622.21,1,0
TXN008341,1327.28,Net Banking,Network Error,1375,20,5,2,18.76,803.13,0,0
TXN008342,1079.15,Card,Bank Decline,633,20,1,0,0.24,1599.09,0,1
TXN008343,4612.36,UPI,Limit Exceeded,1454,18,2,0,2.92,456.19,0,0
TXN008344,1367.71,Card,Limit Exceeded,22,16,2,1,6.5,1318.19,0,1
TXN008345,1095.04,Wallet,Network Error,522,20,2,3,24.21,452.69,0,1
TXN008346,884.8,Card,Authentication Failed,272,20,0,1,9.79,866.11,0,1
TXN008347,2342.25,Net Banking,Limit Exceeded,566,10,6,1,10.54,978.24,0,0
TXN008348,2073.77,UPI,Limit Exceeded,741,16,2,0,6.3,641.79,0,1
TXN008349,857.09,Card,Authentication Failed,722,17,4,2,33.37,1886.12,0,0
TXN008350,387.58,Card,Bank Decline,26,14,2,1,59.62,3642.13,0,1
TXN008351,486.98,Net Banking,Bank Decline,834,16,1,3,73.57,150.26,0,0
TXN008352,929.13,UPI,Authentication Failed,17,16,5,0,13.28,2121.15,0,1
TXN008353,3692.41,Net Banking,Limit Exceeded,1050,15,6,0,0.81,2186.63,0,1
TXN008354,875.54,Card,Authentication Failed,285,23,5,1,1.86,1106.66,0,1
TXN008355,642.45,UPI,Insufficient Funds,901,21,5,1,37.08,1072.09,0,0
TXN008356,224.83,UPI,Network Error,339,21,2,1,16.35,794.7,0,1
TXN008357,4282.05,UPI,Insufficient Funds,1431,14,3,0,3.59,1141.68,1,1
TXN008358,1830.1,Card,Network Error,784,18,4,0,13.85,2181.77,0,1
TXN008359,2244.88,UPI,Insufficient Funds,750,21,5,0,17.2,689.83,0,1
TXN008360,2605.86,UPI,Insufficient Funds,44,11,3,0,35.05,674.46,0,0
TXN008361,945.53,Net Banking,Insufficient Funds,980,18,5,0,19.43,2390.44,0,1
TXN008362,1183.38,UPI,Expired Card,1113,16,3,0,11.9,1582.97,0,1
TXN008363,4187.01,UPI,Bank Decline,38,20,3,0,16.63,1114.9,0,0
TXN008364,1289.0,Card,Insufficient Funds,1084,16,4,0,2.59,2355.86,1,1
TXN008365,1860.82,Card,Bank Decline,743,21,4,0,5.04,765.46,0,1
TXN008366,2400.65,Card,Insufficient Funds,625,17,3,0,13.57,1757.86,0,1
TXN008367,1955.96,Card,Authentication Failed,991,21,1,1,4.33,2720.68,0,1
TXN008368,977.16,Net Banking,Bank Decline,916,19,5,1,76.06,1372.39,0,0
TXN008369,1063.7,Card,Bank Decline,51,19,2,2,14.32,611.77,0,0
TXN008370,2208.08,UPI,Limit Exceeded,636,19,7,0,2.78,512.33,1,0
TXN008371,2204.82,UPI,Expired Card,300,13,4,1,46.1,759.36,1,1
TXN008372,3138.21,Card,Expired Card,1155,25,2,3,22.25,1656.2,0,0
TXN008373,1800.8,UPI,Expired Card,350,18,5,1,0.71,1551.29,0,0
TXN008374,1876.09,Card,Authentication Failed,1007,13,7,2,8.13,1079.17,0,1
TXN008375,733.91,Card,Insufficient Funds,898,25,4,1,9.99,1251.44,0,0
TXN008376,650.0,UPI,Authentication Failed,429,20,5,2,13.57,1950.72,0,0
TXN008377,2214.03,UPI,Limit Exceeded,173,20,3,0,6.84,787.22,0,1
TXN008378,654.08,UPI,Network Error,275,14,6,0,23.03,262.11,0,1
TXN008379,1076.39,Card,Expired Card,1224,17,4,0,14.22,4501.78,0,1
TXN008380,3793.79,Card,Expired Card,936,25,5,3,0.87,2150.33,0,1
TXN008381,3289.57,Card,Insufficient Funds,1154,19,8,1,1.48,1777.46,1,0
TXN008382,1438.87,UPI,Insufficient Funds,1301,12,4,0,7.18,3166.13,0,0
TXN008383,840.06,Card,Authentication Failed,1088,12,4,1,18.96,1809.53,0,1
TXN008384,981.38,Net Banking,Network Error,886,16,3,0,18.8,794.64,0,1
TXN008385,2394.41,UPI,Bank Decline,65,14,6,1,3.72,3369.53,1,1
TXN008386,1061.19,Card,Limit Exceeded,456,17,3,0,40.18,400.05,0,1
TXN008387,663.51,Wallet,Network Error,223,19,4,0,12.99,564.33,0,0
TXN008388,3275.41,UPI,Insufficient Funds,250,25,3,0,15.63,1291.41,1,1
TXN008389,1291.35,Card,Limit Exceeded,109,14,4,0,28.04,1841.47,0,1
TXN008390,652.28,UPI,Limit Exceeded,523,22,5,1,2.2,967.95,0,1
TXN008391,1687.57,Card,Insufficient Funds,270,20,1,1,13.36,1199.41,0,0
TXN008392,2628.31,UPI,Authentication Failed,247,22,4,1,21.4,903.29,0,0
TXN008393,442.79,Wallet,Bank Decline,867,17,7,0,4.12,809.69,0,0
TXN008394,915.61,Card,Bank Decline,740,14,2,2,3.42,1094.41,0,1
TXN008395,878.3,Net Banking,Insufficient Funds,1259,19,1,4,49.54,228.98,1,0
TXN008396,1647.57,Card,Network Error,1482,21,4,1,27.21,839.58,1,1
TXN008397,1936.83,Card,Bank Decline,937,14,7,1,0.49,507.15,0,0
TXN008398,667.59,Card,Bank Decline,461,19,3,0,9.27,1562.3,0,1
TXN008399,286.15,Net Banking,Limit Exceeded,992,16,6,0,3.65,2365.4,0,1
TXN008400,2775.59,Wallet,Insufficient Funds,550,13,5,0,6.85,359.81,0,0
TXN008401,400.23,Card,Limit Exceeded,871,19,3,1,6.09,647.62,0,1
TXN008402,1399.77,Net Banking,Network Error,380,21,3,0,131.54,2049.5,0,1
TXN008403,973.81,Card,Authentication Failed,1054,18,1,4,66.8,907.02,0,1
TXN008404,1269.27,Card,Network Error,1336,15,5,1,1.68,3496.15,0,1
TXN008405,4846.98,Card,Insufficient Funds,380,22,4,0,4.96,7174.97,0,1
TXN008406,16889.6,UPI,Insufficient Funds,1217,20,4,2,27.23,2297.53,1,1
TXN008407,252.12,UPI,Authentication Failed,967,22,5,0,18.05,769.33,0,1
TXN008408,2658.5,UPI,Limit Exceeded,646,17,4,3,1.47,643.63,1,1
TXN008409,952.77,Card,Bank Decline,118,22,7,1,0.92,896.57,0,0
TXN008410,2815.99,UPI,Network Error,499,19,2,1,3.24,2738.43,1,1
TXN008411,2595.51,Card,Network Error,300,25,6,0,10.22,675.73,0,1
TXN008412,3900.15,Wallet,Authentication Failed,428,24,0,0,36.07,926.71,1,1
TXN008413,1417.24,UPI,Authentication Failed,155,19,5,4,8.38,1245.75,0,0
TXN008414,492.44,Card,Authentication Failed,157,13,4,2,6.01,468.96,0,0
TXN008415,2527.24,UPI,Authentication Failed,1204,14,5,2,6.41,1449.07,0,0
TXN008416,1219.5,UPI,Authentication Failed,1227,23,6,0,17.8,1084.37,0,0
TXN008417,888.51,Net Banking,Insufficient Funds,1285,16,4,1,8.3,778.45,1,0
TXN008418,714.37,Card,Limit Exceeded,1444,15,2,0,10.96,745.48,0,0
TXN008419,2712.71,Card,Expired Card,174,16,3,0,9.43,621.16,0,1
TXN008420,4642.61,UPI,Authentication Failed,1112,26,2,2,8.73,3097.77,0,1
TXN008421,373.97,Card,Network Error,76,16,2,0,3.23,911.11,0,1
TXN008422,1919.38,UPI,Insufficient Funds,432,24,6,1,46.74,1008.28,1,0
TXN008423,784.35,UPI,Network Error,1432,24,6,1,2.63,1988.19,0,0
TXN008424,292.79,UPI,Expired Card,531,21,2,0,16.11,1401.32,1,1
TXN008425,1252.55,UPI,Bank Decline,218,16,6,0,1.1,1071.99,0,0
TXN008426,518.1,UPI,Bank Decline,108,17,3,1,3.6,1400.97,1,0
TXN008427,265.08,UPI,Network Error,1368,27,3,1,7.14,504.65,0,0
TXN008428,542.63,Wallet,Bank Decline,339,14,5,0,3.94,1527.96,0,1
TXN008429,434.85,UPI,Bank Decline,211,21,6,0,8.71,669.17,0,0
TXN008430,612.77,UPI,Insufficient Funds,235,17,4,1,21.29,2210.67,1,0
TXN008431,332.52,UPI,Authentication Failed,1219,20,3,4,18.77,1236.78,1,1
TXN008432,768.45,Card,Limit Exceeded,1129,17,7,1,14.36,1242.82,1,1
TXN008433,577.13,UPI,Insufficient Funds,1441,17,5,2,6.51,1298.56,0,1
TXN008434,1537.71,Net Banking,Limit Exceeded,960,13,5,0,33.57,670.52,0,1
TXN008435,1870.92,Wallet,Limit Exceeded,466,18,2,0,35.23,1165.52,0,0
TXN008436,1385.94,UPI,Insufficient Funds,1224,16,2,0,4.47,2473.99,1,1
TXN008437,887.23,Card,Bank Decline,561,22,4,0,62.04,600.2,1,0
TXN008438,865.94,UPI,Network Error,896,14,7,1,3.23,1738.48,0,1
TXN008439,516.27,Card,Bank Decline,642,15,6,0,5.39,2641.52,0,1
TXN008440,527.58,UPI,Limit Exceeded,1050,27,7,0,23.39,3157.79,0,0
TXN008441,2065.74,UPI,Bank Decline,937,11,5,0,23.09,1370.09,1,1
TXN008442,225.04,UPI,Insufficient Funds,317,16,1,0,4.85,972.44,0,1
TXN008443,1019.79,Card,Authentication Failed,848,21,6,1,13.17,3352.75,0,0
TXN008444,819.61,UPI,Bank Decline,686,28,9,0,0.49,739.24,0,0
TXN008445,1880.36,UPI,Expired Card,1002,23,3,0,15.41,1154.43,0,1
TXN008446,304.14,Card,Insufficient Funds,85,16,6,0,46.57,1219.15,0,0
TXN008447,1109.02,Card,Bank Decline,1200,17,7,3,3.5,1225.0,0,1
TXN008448,1493.21,Net Banking,Bank Decline,252,19,1,1,0.26,511.14,1,1
TXN008449,197.5,UPI,Insufficient Funds,789,16,5,2,27.29,1244.07,0,1
TXN008450,417.01,Net Banking,Bank Decline,478,11,7,1,51.92,915.39,0,1
TXN008451,1009.68,Card,Insufficient Funds,1129,18,4,0,5.81,828.66,0,0
TXN008452,1741.9,UPI,Network Error,328,13,5,0,39.46,1014.47,0,0
TXN008453,1292.39,Card,Expired Card,147,15,5,3,10.94,991.99,1,0
TXN008454,1816.03,Card,Insufficient Funds,1139,13,1,0,28.22,1070.49,0,1
TXN008455,415.12,Net Banking,Authentication Failed,319,8,7,3,6.46,2661.51,1,0
TXN008456,262.47,UPI,Insufficient Funds,1151,24,3,3,47.66,752.66,1,0
TXN008457,1183.29,Card,Bank Decline,105,17,2,1,1.35,942.2,0,1
TXN008458,362.7,UPI,Expired Card,500,15,3,0,37.87,1009.91,1,1
TXN008459,503.31,Wallet,Bank Decline,1174,19,3,1,7.35,452.31,1,1
TXN008460,2537.79,UPI,Network Error,116,27,6,1,0.08,479.5,0,1
TXN008461,1300.09,Wallet,Insufficient Funds,490,12,6,4,6.35,719.73,0,1
TXN008462,657.65,Net Banking,Limit Exceeded,136,16,2,0,30.01,1061.49,0,1
TXN008463,585.09,UPI,Network Error,1430,20,8,1,1.81,1114.49,0,1
TXN008464,1917.6,Net Banking,Insufficient Funds,846,16,4,1,19.64,407.75,1,0
TXN008465,1327.13,Wallet,Bank Decline,512,22,5,0,34.65,458.51,0,1
TXN008466,367.56,UPI,Limit Exceeded,775,15,3,2,6.65,1076.61,0,1
TXN008467,189.99,Card,Network Error,216,18,5,0,10.38,457.9,1,1
TXN008468,5964.75,Card,Insufficient Funds,367,22,4,1,0.22,390.99,0,0
TXN008469,364.95,UPI,Bank Decline,160,17,5,0,4.41,2726.99,1,1
TXN008470,1763.27,UPI,Bank Decline,539,24,4,2,3.98,1686.69,0,0
TXN008471,4271.09,UPI,Network Error,1390,16,4,2,32.57,727.28,0,1
TXN008472,1252.43,UPI,Limit Exceeded,316,15,7,0,40.09,3916.99,0,0
TXN008473,638.81,Card,Bank Decline,480,12,2,3,13.91,996.32,1,1
TXN008474,303.86,UPI,Bank Decline,742,18,6,0,15.71,1425.8,0,0
TXN008475,300.06,Net Banking,Authentication Failed,642,13,4,1,1.24,1211.3,1,1
TXN008476,1539.21,Card,Network Error,882,13,5,1,14.58,1555.51,1,1
TXN008477,4047.6,UPI,Network Error,306,17,2,0,5.33,3740.69,0,1
TXN008478,768.23,Card,Bank Decline,347,21,4,1,8.66,731.68,0,1
TXN008479,665.04,Card,Network Error,1034,17,2,4,11.38,3013.62,1,1
TXN008480,2054.39,Wallet,Network Error,641,24,2,0,15.78,2106.5,0,1
TXN008481,591.49,UPI,Bank Decline,560,26,3,2,12.97,1110.76,0,0
TXN008482,1403.94,UPI,Authentication Failed,1199,23,5,1,2.38,1646.72,1,0
TXN008483,1138.68,Net Banking,Authentication Failed,426,26,2,3,12.06,1176.22,0,1
TXN008484,758.6,Net Banking,Limit Exceeded,1310,14,6,0,5.85,2167.01,1,0
TXN008485,1081.4,Card,Network Error,743,17,3,0,37.49,1336.27,0,0
TXN008486,5360.63,Card,Bank Decline,395,20,3,2,3.18,2349.77,0,0
TXN008487,1889.52,UPI,Insufficient Funds,1215,16,1,2,19.07,696.57,0,0
TXN008488,2931.44,Card,Bank Decline,1353,19,5,1,29.13,742.71,0,0
TXN008489,479.71,UPI,Limit Exceeded,17,10,2,0,1.53,521.77,0,0
TXN008490,2940.52,UPI,Bank Decline,614,23,2,0,14.65,609.84,1,1
TXN008491,1949.09,Net Banking,Authentication Failed,284,15,3,0,4.85,3159.04,0,1
TXN008492,284.39,UPI,Insufficient Funds,1169,19,5,2,3.68,649.98,0,1
TXN008493,1782.57,Card,Network Error,1024,16,2,3,4.9,1015.89,1,1
TXN008494,690.94,Net Banking,Expired Card,1116,15,3,1,7.38,1189.96,0,0
TXN008495,272.81,UPI,Network Error,237,16,5,0,32.7,3746.26,0,0
TXN008496,1232.5,Wallet,Authentication Failed,1481,20,3,2,6.7,1831.14,1,1
TXN008497,1781.37,Wallet,Authentication Failed,144,20,3,0,77.3,677.81,1,0
TXN008498,1256.95,Card,Insufficient Funds,1003,24,7,0,0.16,1146.7,0,0
TXN008499,994.04,UPI,Insufficient Funds,537,18,5,1,31.04,441.37,1,1
TXN008500,814.42,UPI,Insufficient Funds,1368,16,3,0,2.97,2279.76,0,1
TXN008501,10096.35,Card,Expired Card,1186,10,2,1,26.5,887.39,1,0
TXN008502,378.3,UPI,Bank Decline,613,18,3,4,18.07,402.38,0,1
TXN008503,2405.78,UPI,Limit Exceeded,1047,24,2,1,16.13,1421.53,1,0
TXN008504,1111.96,Wallet,Bank Decline,798,19,3,2,4.27,3469.1,1,0
TXN008505,508.25,UPI,Network Error,1291,20,5,2,22.02,701.19,1,0
TXN008506,1049.89,Card,Limit Exceeded,1190,13,1,0,12.37,788.8,1,1
TXN008507,313.05,UPI,Network Error,1339,15,2,1,46.0,920.74,0,1
TXN008508,641.66,Card,Network Error,87,19,6,1,4.38,1035.99,1,1
TXN008509,1051.28,Net Banking,Insufficient Funds,703,16,1,0,36.2,868.3,0,1
TXN008510,271.51,UPI,Bank Decline,219,15,8,0,24.44,1681.19,1,0
TXN008511,1729.77,UPI,Network Error,1457,16,6,0,1.79,1366.45,1,1
TXN008512,460.64,Card,Bank Decline,1372,18,5,1,13.62,1615.34,1,1
TXN008513,296.92,Card,Authentication Failed,1389,20,3,0,21.56,1180.0,0,1
TXN008514,414.73,Card,Authentication Failed,212,15,0,0,1.51,1661.68,0,0
TXN008515,7772.59,UPI,Limit Exceeded,1366,11,3,0,8.22,720.13,1,1
TXN008516,184.89,UPI,Bank Decline,1291,20,6,0,25.61,1540.45,0,1
TXN008517,1623.78,Wallet,Expired Card,906,12,4,4,10.51,1499.95,0,0
TXN008518,557.54,Net Banking,Bank Decline,754,20,6,0,4.24,4017.37,0,1
TXN008519,800.22,Card,Bank Decline,1273,22,5,1,3.05,400.43,1,0
TXN008520,1888.5,Net Banking,Bank Decline,883,13,3,0,31.67,997.22,0,1
TXN008521,1806.84,Card,Insufficient Funds,588,12,10,0,1.25,1236.25,0,0
TXN008522,594.29,Card,Bank Decline,401,14,7,1,2.33,3930.41,0,1
TXN008523,323.1,UPI,Bank Decline,343,16,4,0,32.61,2090.78,1,0
TXN008524,1919.71,Card,Authentication Failed,805,17,5,1,20.03,748.4,0,1
TXN008525,1802.88,Card,Bank Decline,787,25,5,0,4.83,4160.42,1,1
TXN008526,848.55,UPI,Authentication Failed,285,28,4,1,3.27,2347.92,1,1
TXN008527,1632.31,Card,Bank Decline,255,22,3,3,2.14,4488.51,1,1
TXN008528,734.18,Net Banking,Insufficient Funds,839,22,7,1,0.89,2468.1,0,1
TXN008529,520.96,Card,Network Error,1060,21,3,1,4.27,1350.49,1,0
TXN008530,1100.55,Card,Expired Card,918,21,7,3,26.27,4046.68,1,0
TXN008531,1749.58,Net Banking,Insufficient Funds,945,20,8,1,17.17,294.92,1,0
TXN008532,1448.56,UPI,Bank Decline,1161,24,7,1,22.84,1351.37,0,0
TXN008533,1734.1,Card,Bank Decline,530,19,2,2,65.54,752.56,1,0
TXN008534,553.07,Net Banking,Bank Decline,466,23,6,1,10.01,1072.55,0,0
TXN008535,4553.69,Card,Expired Card,401,24,4,1,46.75,1126.9,1,0
TXN008536,805.82,UPI,Network Error,419,14,1,0,1.44,484.86,0,1
TXN008537,985.33,UPI,Insufficient Funds,123,16,1,0,27.94,2144.97,0,1
TXN008538,334.69,Net Banking,Authentication Failed,1179,16,9,0,17.5,966.89,0,0
TXN008539,921.06,Card,Bank Decline,115,15,1,2,18.35,2232.03,0,0
TXN008540,1770.49,Net Banking,Limit Exceeded,242,19,6,1,0.03,583.8,0,1
TXN008541,2178.21,Card,Limit Exceeded,832,21,3,0,4.09,321.52,0,1
TXN008542,4472.7,Card,Authentication Failed,1457,17,0,0,55.35,493.73,1,0
TXN008543,1751.47,Net Banking,Network Error,1016,18,4,1,18.96,1602.88,0,0
TXN008544,1407.01,Card,Network Error,1210,25,5,0,44.37,772.3,0,0
TXN008545,733.87,UPI,Bank Decline,915,22,2,0,2.75,804.62,0,0
TXN008546,604.52,Card,Expired Card,402,13,3,1,14.12,1563.37,0,0
TXN008547,2626.02,Net Banking,Bank Decline,983,24,6,0,5.27,861.97,0,1
TXN008548,2581.08,UPI,Bank Decline,7,23,6,0,62.17,829.39,0,1
TXN008549,416.0,UPI,Authentication Failed,14,20,7,2,26.16,1232.49,0,0
TXN008550,2102.3,UPI,Insufficient Funds,150,24,3,1,60.8,1477.33,1,1
TXN008551,1969.13,Net Banking,Authentication Failed,281,23,4,0,0.6,632.95,0,1
TXN008552,402.45,UPI,Authentication Failed,293,14,7,1,4.59,1482.2,0,1
TXN008553,1783.64,Card,Network Error,496,13,4,0,44.44,2103.99,1,0
TXN008554,426.41,UPI,Network Error,639,20,3,0,3.11,1347.29,1,1
TXN008555,123.18,UPI,Bank Decline,735,20,3,0,20.1,775.89,0,1
TXN008556,949.47,Card,Authentication Failed,37,32,3,0,46.53,1270.64,1,0
TXN008557,1383.03,UPI,Insufficient Funds,970,19,4,0,0.22,3352.81,0,0
TXN008558,988.74,Card,Network Error,1482,24,5,4,13.79,770.16,0,0
TXN008559,14478.15,Net Banking,Expired Card,250,19,2,0,16.85,931.07,0,1
TXN008560,1542.2,Net Banking,Authentication Failed,146,17,4,3,26.83,681.91,1,0
TXN008561,1251.91,UPI,Limit Exceeded,407,21,3,1,26.87,1848.13,1,1
TXN008562,1614.26,Net Banking,Expired Card,731,18,3,0,14.38,1525.16,0,1
TXN008563,737.17,Card,Insufficient Funds,988,18,3,2,39.08,2154.29,0,0
TXN008564,2531.41,Net Banking,Bank Decline,170,15,5,0,5.51,1444.21,0,1
TXN008565,1517.62,Card,Insufficient Funds,110,18,8,0,9.58,1569.8,1,1
TXN008566,1456.3,Card,Authentication Failed,69,17,4,0,19.61,1246.5,1,0
TXN008567,625.34,Net Banking,Limit Exceeded,21,22,4,0,29.47,982.07,1,1
TXN008568,268.3,Net Banking,Limit Exceeded,185,13,5,1,7.4,735.95,0,0
TXN008569,698.37,Card,Expired Card,447,14,3,4,7.63,644.25,1,0
TXN008570,1414.27,UPI,Network Error,531,20,4,0,11.26,646.17,0,1
TXN008571,734.93,UPI,Insufficient Funds,733,21,2,0,6.11,567.66,0,0
TXN008572,1425.89,UPI,Bank Decline,317,17,6,4,7.38,566.15,1,0
TXN008573,889.69,UPI,Insufficient Funds,744,21,1,0,17.84,3591.62,0,0
TXN008574,1615.7,UPI,Expired Card,136,20,6,0,4.46,2090.62,1,1
TXN008575,455.26,Net Banking,Insufficient Funds,974,19,8,4,13.03,725.07,1,1
TXN008576,1304.53,UPI,Expired Card,1496,14,0,1,59.83,830.1,1,0
TXN008577,615.93,Card,Expired Card,1293,15,1,0,44.31,367.92,1,1
TXN008578,274.66,UPI,Bank Decline,1201,24,4,0,8.84,700.49,0,0
TXN008579,945.17,UPI,Insufficient Funds,933,17,4,1,5.49,2170.65,1,1
TXN008580,4370.73,UPI,Bank Decline,1436,19,2,0,84.93,871.99,1,0
TXN008581,295.09,UPI,Bank Decline,1055,15,3,0,4.41,1528.87,1,1
TXN008582,1221.03,Card,Expired Card,1018,17,5,0,30.78,746.25,1,1
TXN008583,2248.05,Net Banking,Insufficient Funds,455,18,4,1,56.08,855.87,1,0
TXN008584,8690.86,UPI,Limit Exceeded,166,24,4,0,123.12,1651.63,1,1
TXN008585,703.71,Card,Limit Exceeded,1247,16,5,3,10.23,1307.47,0,1
TXN008586,620.92,Card,Insufficient Funds,694,20,5,1,9.93,498.51,1,1
TXN008587,383.74,Net Banking,Expired Card,854,21,4,4,20.05,952.6,0,1
TXN008588,3060.9,Card,Expired Card,496,13,5,2,9.11,402.56,1,0
TXN008589,502.37,Card,Limit Exceeded,286,16,3,0,4.83,4200.82,1,1
TXN008590,785.61,Card,Insufficient Funds,87,18,2,2,6.53,1185.65,1,1
TXN008591,207.67,Net Banking,Insufficient Funds,1155,12,5,1,1.6,397.07,0,1
TXN008592,2429.83,UPI,Bank Decline,176,13,5,1,4.78,2449.07,0,1
TXN008593,3110.17,UPI,Bank Decline,1120,21,5,1,3.68,645.67,0,1
TXN008594,2347.71,Net Banking,Limit Exceeded,386,16,7,1,11.17,1141.58,0,0
TXN008595,258.58,Card,Limit Exceeded,866,20,4,0,69.34,1414.9,1,0
TXN008596,1893.98,Card,Authentication Failed,117,18,4,2,20.43,1132.18,0,1
TXN008597,243.37,Card,Insufficient Funds,170,18,6,0,3.78,2175.27,0,1
TXN008598,1155.44,UPI,Insufficient Funds,421,10,6,0,42.97,1236.65,0,0
TXN008599,1318.92,Card,Expired Card,646,15,6,1,3.08,1243.82,0,1
TXN008600,1449.78,Card,Bank Decline,161,12,7,2,13.43,747.02,1,1
TXN008601,1774.32,UPI,Bank Decline,200,16,2,2,18.33,365.95,1,1
TXN008602,1088.73,Card,Network Error,691,17,4,0,8.09,855.22,1,1
TXN008603,187.51,Net Banking,Insufficient Funds,831,20,3,0,28.73,636.65,0,0
TXN008604,1775.09,UPI,Expired Card,27,20,3,0,2.6,878.4,1,1
TXN008605,1197.33,Card,Bank Decline,829,27,8,1,13.45,1705.54,0,1
TXN008606,486.7,UPI,Expired Card,1029,16,7,0,7.43,601.53,0,0
TXN008607,267.08,Card,Limit Exceeded,115,22,1,3,0.2,1402.94,1,1
TXN008608,4385.33,UPI,Insufficient Funds,405,20,4,0,11.41,861.08,0,0
TXN008609,3321.5,Card,Authentication Failed,936,19,5,1,9.19,759.43,0,1
TXN008610,2070.12,Net Banking,Network Error,878,18,2,1,3.57,412.97,0,0
TXN008611,596.65,UPI,Authentication Failed,135,19,2,1,8.6,556.98,0,0
TXN008612,113.83,Net Banking,Insufficient Funds,286,18,3,0,3.31,500.18,0,1
TXN008613,2182.47,Wallet,Network Error,433,24,1,0,10.47,1620.8,1,1
TXN008614,1525.41,UPI,Bank Decline,1057,12,9,1,9.9,1897.27,0,1
TXN008615,782.74,UPI,Limit Exceeded,911,16,2,0,17.13,394.64,0,0
TXN008616,3017.93,Wallet,Network Error,350,13,5,0,5.81,481.02,0,1
TXN008617,2352.42,Wallet,Network Error,1431,16,6,3,3.98,2419.52,0,0
TXN008618,1284.96,UPI,Authentication Failed,610,28,3,1,22.57,2230.47,0,1
TXN008619,1131.79,UPI,Bank Decline,1325,22,6,0,27.74,3406.04,0,0
TXN008620,1148.11,UPI,Insufficient Funds,202,16,4,0,0.95,3162.95,1,1
TXN008621,2022.21,Wallet,Network Error,899,15,4,0,13.31,872.95,1,0
TXN008622,506.88,UPI,Network Error,739,13,2,4,11.77,1929.63,1,1
TXN008623,1609.03,Card,Bank Decline,162,16,4,0,10.37,1386.61,1,1
TXN008624,478.89,Net Banking,Network Error,446,21,3,1,0.41,2119.83,0,1
TXN008625,3651.52,UPI,Authentication Failed,107,15,5,0,14.08,960.05,0,0
TXN008626,1770.32,Card,Limit Exceeded,754,10,5,0,18.31,2989.52,0,1
TXN008627,590.28,UPI,Insufficient Funds,506,13,4,0,30.95,364.15,1,0
TXN008628,1179.13,Net Banking,Insufficient Funds,1315,15,2,2,26.97,2012.75,1,1
TXN008629,508.56,UPI,Authentication Failed,1099,28,1,4,4.37,467.59,0,1
TXN008630,4245.87,Card,Expired Card,392,15,4,0,48.48,1222.36,0,0
TXN008631,4724.84,Card,Authentication Failed,1482,17,2,0,1.51,452.98,1,1
TXN008632,2052.06,UPI,Bank Decline,144,14,9,0,14.4,572.88,0,0
TXN008633,4451.48,UPI,Limit Exceeded,254,22,5,0,4.53,534.89,0,1
TXN008634,1257.17,UPI,Expired Card,109,16,4,0,20.62,835.52,1,1
TXN008635,2180.18,UPI,Bank Decline,516,16,3,1,30.21,1736.66,0,0
TXN008636,3301.9,Net Banking,Network Error,1405,26,4,1,30.24,1913.08,1,1
TXN008637,1090.98,Net Banking,Network Error,733,29,2,1,5.59,1059.19,0,1
TXN008638,1169.1,Card,Network Error,1185,19,3,0,9.45,2619.37,1,1
TXN008639,2540.94,Card,Limit Exceeded,93,22,2,1,8.08,679.05,1,0
TXN008640,1962.25,Card,Limit Exceeded,886,21,6,1,1.72,1432.47,0,1
TXN008641,555.62,Net Banking,Authentication Failed,937,19,5,1,28.91,1704.82,0,0
TXN008642,153.22,Card,Limit Exceeded,1239,21,3,1,7.66,1201.81,0,1
TXN008643,936.38,UPI,Network Error,1013,18,4,1,9.8,1974.0,1,0
TXN008644,166.13,UPI,Bank Decline,1208,15,4,0,20.5,400.85,1,1
TXN008645,449.48,Card,Limit Exceeded,1020,15,1,1,17.76,689.35,1,1
TXN008646,499.27,Card,Network Error,264,24,3,0,32.62,575.95,1,1
TXN008647,657.35,Card,Bank Decline,279,19,6,1,10.45,1472.22,0,0
TXN008648,2294.78,UPI,Network Error,869,18,4,1,39.54,1356.85,0,1
TXN008649,2790.32,Card,Insufficient Funds,854,20,3,0,80.21,943.17,0,0
TXN008650,1733.45,UPI,Expired Card,1054,15,4,1,7.83,1130.92,0,1
TXN008651,1937.7,UPI,Bank Decline,831,18,4,0,3.22,763.18,0,1
TXN008652,1979.32,UPI,Bank Decline,601,19,5,0,3.3,2778.34,0,1
TXN008653,115.91,UPI,Authentication Failed,406,18,4,2,8.81,801.87,0,1
TXN008654,1106.74,Card,Limit Exceeded,359,14,5,2,9.6,1373.47,1,0
TXN008655,217.72,UPI,Limit Exceeded,810,16,9,3,58.96,413.09,0,1
TXN008656,1734.07,Card,Network Error,1331,9,3,1,34.93,2729.99,1,1
TXN008657,166.7,Card,Limit Exceeded,16,10,4,1,66.05,1111.14,0,0
TXN008658,932.25,UPI,Limit Exceeded,1073,18,4,1,15.46,892.93,1,1
TXN008659,1795.42,UPI,Network Error,1081,11,5,2,0.67,1754.94,1,1
TXN008660,401.02,Net Banking,Authentication Failed,725,17,2,1,7.4,1214.74,1,1
TXN008661,2605.93,Card,Insufficient Funds,113,12,4,2,35.45,1266.76,0,0
TXN008662,1730.14,UPI,Authentication Failed,777,16,0,0,13.87,1489.25,1,1
TXN008663,1544.94,UPI,Bank Decline,1265,17,6,0,17.43,888.16,0,0
TXN008664,2055.35,Card,Network Error,496,16,5,0,17.27,1038.51,0,1
TXN008665,793.71,Card,Insufficient Funds,681,23,3,0,65.53,682.49,0,0
TXN008666,1257.31,Card,Network Error,481,13,7,1,13.76,3014.28,0,1
TXN008667,1106.6,Card,Network Error,587,16,6,1,21.68,548.1,1,1
TXN008668,1084.32,UPI,Authentication Failed,853,22,6,1,1.84,475.14,1,0
TXN008669,598.95,UPI,Authentication Failed,1322,20,5,1,10.65,594.22,0,0
TXN008670,358.43,Net Banking,Authentication Failed,466,11,6,1,39.87,2586.14,0,1
TXN008671,809.83,Net Banking,Bank Decline,431,20,5,1,22.94,1019.92,1,1
TXN008672,770.66,UPI,Authentication Failed,335,13,5,1,11.49,935.3,0,1
TXN008673,565.07,Card,Bank Decline,1215,15,3,1,23.91,902.93,0,1
TXN008674,2361.02,UPI,Authentication Failed,773,17,9,0,2.4,1236.46,1,0
TXN008675,381.84,UPI,Insufficient Funds,512,13,3,1,29.41,932.53,0,1
TXN008676,939.78,UPI,Network Error,634,16,3,0,29.46,547.78,0,0
TXN008677,3132.87,UPI,Authentication Failed,484,19,2,1,27.28,1027.09,1,1
TXN008678,2485.47,Card,Authentication Failed,20,13,4,0,14.3,1098.86,0,1
TXN008679,3276.94,Card,Expired Card,896,13,4,0,0.67,561.24,0,1
TXN008680,644.39,UPI,Limit Exceeded,733,14,7,0,29.93,587.76,0,1
TXN008681,2221.33,UPI,Insufficient Funds,1123,23,6,0,0.94,952.96,1,0
TXN008682,421.29,Net Banking,Expired Card,1017,15,1,0,59.94,1107.55,1,1
TXN008683,855.52,UPI,Network Error,752,14,8,1,18.54,308.38,1,1
TXN008684,931.15,Card,Insufficient Funds,186,21,7,2,0.29,751.03,1,1
TXN008685,653.11,UPI,Insufficient Funds,572,16,4,3,2.03,286.79,0,0
TXN008686,791.85,Card,Insufficient Funds,311,21,0,1,18.0,2011.69,0,0
TXN008687,703.43,UPI,Expired Card,481,16,4,1,110.1,1544.58,0,1
TXN008688,452.98,UPI,Insufficient Funds,905,21,4,1,1.69,719.66,0,0
TXN008689,2370.3,UPI,Bank Decline,530,18,4,0,1.26,1215.19,0,1
TXN008690,930.57,UPI,Bank Decline,1141,19,3,0,20.32,593.33,0,0
TXN008691,1314.61,Card,Network Error,1445,16,5,3,17.47,1431.83,1,0
TXN008692,1270.8,Card,Expired Card,427,18,2,0,36.52,810.6,0,0
TXN008693,1152.0,UPI,Expired Card,417,17,9,1,35.71,3805.01,1,0
TXN008694,1192.16,UPI,Network Error,687,16,3,1,17.98,916.84,0,1
TXN008695,833.08,Card,Bank Decline,622,15,3,0,6.42,878.9,0,1
TXN008696,3930.64,Card,Bank Decline,529,24,1,2,21.14,965.67,0,1
TXN008697,2174.75,Wallet,Authentication Failed,335,18,4,0,3.67,599.41,0,1
TXN008698,1114.93,Card,Bank Decline,278,15,2,0,1.94,322.22,0,1
TXN008699,733.37,Card,Bank Decline,20,16,4,1,21.33,646.66,1,1
TXN008700,985.41,Card,Limit Exceeded,181,17,7,1,9.94,1983.82,1,0
TXN008701,1596.96,Net Banking,Bank Decline,164,12,2,2,25.15,511.38,1,0
TXN008702,4229.95,Net Banking,Limit Exceeded,628,12,5,3,1.47,696.04,0,1
TXN008703,318.7,UPI,Bank Decline,240,22,4,0,86.24,1000.58,0,0
TXN008704,1985.84,UPI,Expired Card,147,24,4,0,13.0,3068.75,0,0
TXN008705,3023.14,UPI,Insufficient Funds,125,18,5,0,40.12,2858.46,0,0
TXN008706,287.71,Card,Bank Decline,388,25,7,2,11.81,1079.73,1,0
TXN008707,931.66,Card,Bank Decline,695,19,5,2,5.08,1083.79,0,1
TXN008708,420.71,Card,Limit Exceeded,1440,16,2,1,6.99,177.66,0,1
TXN008709,1615.62,UPI,Authentication Failed,55,14,1,1,41.07,688.61,1,0
TXN008710,794.32,Card,Bank Decline,1400,22,2,0,21.71,1760.29,0,1
TXN008711,975.43,Net Banking,Limit Exceeded,1363,19,5,0,3.83,1244.24,0,0
TXN008712,757.52,UPI,Expired Card,155,12,4,0,7.78,1725.66,0,1
TXN008713,2096.76,Card,Authentication Failed,163,19,5,0,0.6,1359.15,1,0
TXN008714,1347.67,Card,Limit Exceeded,610,18,2,0,18.47,1180.67,0,1
TXN008715,1349.97,Net Banking,Insufficient Funds,158,27,5,3,8.39,607.94,0,0
TXN008716,1267.19,Net Banking,Expired Card,1491,14,4,0,1.01,1358.6,1,0
TXN008717,1835.81,Card,Network Error,382,13,0,0,31.33,3113.18,0,0
TXN008718,866.29,Card,Insufficient Funds,688,21,7,1,10.19,408.73,1,1
TXN008719,5067.98,Net Banking,Bank Decline,602,11,5,0,24.76,858.63,0,0
TXN008720,360.93,Card,Authentication Failed,1455,16,0,0,16.52,569.87,1,1
TXN008721,231.99,UPI,Authentication Failed,1078,20,3,4,11.44,3240.78,1,1
TXN008722,215.33,Card,Limit Exceeded,1365,21,2,0,1.99,1282.99,1,0
TXN008723,168.74,UPI,Authentication Failed,595,13,6,0,17.87,766.67,0,0
TXN008724,2009.93,UPI,Limit Exceeded,1029,11,7,1,14.64,976.09,0,0
TXN008725,1801.24,Net Banking,Insufficient Funds,782,19,3,0,79.97,2487.21,0,0
TXN008726,3251.91,Card,Bank Decline,1499,29,6,0,15.73,1121.64,0,1
TXN008727,423.7,UPI,Insufficient Funds,1275,21,4,2,14.07,1767.73,1,1
TXN008728,2145.04,UPI,Insufficient Funds,638,26,3,1,50.91,1204.06,0,1
TXN008729,1154.18,UPI,Insufficient Funds,268,17,2,0,11.75,4305.59,1,0
TXN008730,1274.01,UPI,Network Error,848,18,2,2,3.98,4441.15,0,0
TXN008731,1925.73,UPI,Limit Exceeded,1280,7,2,0,8.99,2440.64,1,0
TXN008732,555.21,Card,Authentication Failed,1082,11,6,0,6.19,597.14,0,1
TXN008733,11254.51,UPI,Network Error,495,23,2,2,12.74,618.14,1,1
TXN008734,3636.19,Card,Authentication Failed,1172,18,7,0,38.6,1076.34,0,1
TXN008735,679.57,UPI,Network Error,1402,10,6,3,0.15,1210.36,1,0
TXN008736,410.89,Wallet,Authentication Failed,257,17,9,0,13.54,1200.55,1,1
TXN008737,1013.22,UPI,Bank Decline,320,32,2,0,15.19,1221.82,0,0
TXN008738,1292.11,UPI,Bank Decline,1255,15,5,0,5.95,2378.95,0,1
TXN008739,2861.36,UPI,Authentication Failed,1086,18,2,1,13.95,1812.45,0,1
TXN008740,383.04,Card,Bank Decline,1369,21,3,1,40.5,820.57,0,0
TXN008741,1417.91,Card,Network Error,759,15,4,4,35.89,1422.47,1,0
TXN008742,276.96,UPI,Bank Decline,1013,16,4,1,3.98,3986.78,0,1
TXN008743,1624.12,Card,Expired Card,170,12,6,2,13.29,3503.74,1,0
TXN008744,995.5,UPI,Authentication Failed,1471,17,3,1,23.67,1022.32,0,1
TXN008745,6266.74,Card,Insufficient Funds,981,14,3,1,54.58,1137.32,0,0
TXN008746,272.76,Card,Authentication Failed,139,16,4,0,25.01,726.96,0,0
TXN008747,3765.17,UPI,Insufficient Funds,87,25,3,2,19.48,521.68,0,0
TXN008748,236.64,UPI,Bank Decline,356,18,3,1,5.04,1003.17,0,1
TXN008749,332.12,UPI,Insufficient Funds,140,17,7,1,12.73,335.53,0,0
TXN008750,242.41,UPI,Limit Exceeded,981,14,7,0,9.11,556.31,0,0
TXN008751,1373.77,Card,Insufficient Funds,1082,16,4,0,9.31,794.54,0,1
TXN008752,381.33,UPI,Network Error,500,16,5,0,5.23,1535.56,0,1
TXN008753,325.87,UPI,Bank Decline,208,22,2,1,7.32,1884.06,0,1
TXN008754,1316.18,UPI,Insufficient Funds,716,21,3,4,24.54,1665.53,0,1
TXN008755,1646.81,Wallet,Limit Exceeded,624,27,6,0,9.14,1245.88,0,0
TXN008756,1136.68,Net Banking,Insufficient Funds,762,11,6,0,1.17,905.87,0,1
TXN008757,947.67,UPI,Bank Decline,979,11,3,0,0.92,1296.14,0,1
TXN008758,5687.46,UPI,Bank Decline,1044,18,10,1,4.07,962.83,1,0
TXN008759,1250.44,UPI,Network Error,1415,17,9,1,4.57,3152.49,1,1
TXN008760,2264.53,Card,Expired Card,1231,21,2,1,51.11,618.58,0,0
TXN008761,1247.17,UPI,Insufficient Funds,171,24,2,4,15.61,1140.8,1,0
TXN008762,408.26,Card,Bank Decline,567,19,4,2,28.93,3012.84,0,1
TXN008763,1798.84,Card,Bank Decline,1163,24,4,0,1.84,350.95,1,1
TXN008764,607.76,Net Banking,Bank Decline,588,15,8,0,2.34,361.6,1,1
TXN008765,1010.41,UPI,Authentication Failed,125,11,2,2,1.37,891.71,1,0
TXN008766,1443.55,Net Banking,Limit Exceeded,699,24,5,2,18.03,3648.08,0,0
TXN008767,191.09,Net Banking,Network Error,1213,14,5,1,15.56,1125.23,0,1
TXN008768,257.61,UPI,Bank Decline,1488,13,7,1,8.74,388.95,0,0
TXN008769,2486.21,UPI,Expired Card,341,20,2,0,1.45,1502.65,0,0
TXN008770,603.43,UPI,Limit Exceeded,643,19,6,0,10.26,1602.11,0,0
TXN008771,629.74,UPI,Network Error,237,23,2,1,8.89,1141.66,0,1
TXN008772,1273.84,UPI,Limit Exceeded,317,19,2,0,1.88,555.2,0,1
TXN008773,775.02,Card,Limit Exceeded,9,18,4,1,7.81,407.53,0,0
TXN008774,1596.92,UPI,Network Error,691,23,4,0,32.7,918.38,0,1
TXN008775,1047.32,Net Banking,Bank Decline,87,30,4,0,40.69,1687.13,0,1
TXN008776,1311.26,UPI,Limit Exceeded,1305,16,1,0,5.17,1301.08,1,1
TXN008777,583.08,Wallet,Insufficient Funds,394,21,6,1,6.03,1851.2,0,0
TXN008778,1305.36,UPI,Limit Exceeded,833,19,4,1,6.05,1202.28,0,1
TXN008779,2964.85,Net Banking,Limit Exceeded,1375,18,4,0,17.72,915.87,1,1
TXN008780,657.88,UPI,Limit Exceeded,225,21,4,0,8.44,2302.18,0,1
TXN008781,2499.35,UPI,Network Error,658,21,3,0,19.95,1051.26,0,1
TXN008782,1046.91,Net Banking,Insufficient Funds,69,9,1,1,0.13,724.58,0,1
TXN008783,2123.95,UPI,Insufficient Funds,446,16,7,0,17.26,262.9,0,0
TXN008784,1231.38,Card,Limit Exceeded,1057,27,6,2,8.75,667.09,0,0
TXN008785,1064.15,Card,Authentication Failed,714,13,5,0,17.77,1066.94,0,0
TXN008786,1502.31,Card,Expired Card,1411,19,3,1,44.56,405.11,0,1
TXN008787,3268.99,Card,Insufficient Funds,1278,21,2,1,59.05,1149.82,0,0
TXN008788,1356.26,Card,Authentication Failed,1184,15,8,3,14.41,3149.27,1,1
TXN008789,1686.95,UPI,Authentication Failed,216,19,4,0,3.5,634.52,0,1
TXN008790,787.11,Card,Bank Decline,1052,17,3,1,46.95,858.57,1,1
TXN008791,4508.85,Net Banking,Network Error,1049,15,3,1,11.78,1883.1,0,1
TXN008792,1951.4,UPI,Limit Exceeded,515,19,4,1,8.07,1415.61,0,0
TXN008793,1176.07,UPI,Limit Exceeded,680,19,3,2,2.77,533.73,0,0
TXN008794,982.02,Card,Authentication Failed,657,14,2,1,44.1,1107.84,1,0
TXN008795,2644.18,Card,Insufficient Funds,894,16,2,1,60.66,1789.64,0,0
TXN008796,635.5,UPI,Network Error,1459,19,5,0,59.62,582.53,1,0
TXN008797,220.39,UPI,Expired Card,43,19,6,4,11.22,1117.15,1,1
TXN008798,1170.47,Card,Authentication Failed,413,17,3,1,34.38,527.67,0,0
TXN008799,3200.31,UPI,Authentication Failed,430,20,1,2,21.83,926.14,1,0
TXN008800,4592.49,Card,Authentication Failed,689,13,8,0,11.37,479.98,0,0
TXN008801,995.69,Card,Network Error,344,16,3,0,31.86,506.42,0,1
TXN008802,1140.51,UPI,Limit Exceeded,1301,14,7,0,11.42,2895.37,0,0
TXN008803,1750.36,Card,Bank Decline,925,17,4,3,27.82,901.96,0,1
TXN008804,864.44,Wallet,Bank Decline,773,21,3,3,55.3,4163.28,0,0
TXN008805,1745.45,Card,Bank Decline,658,18,3,0,19.56,778.07,1,1
TXN008806,1015.5,Net Banking,Limit Exceeded,954,22,2,0,49.19,1407.31,1,0
TXN008807,2725.02,UPI,Authentication Failed,1492,14,4,1,13.75,1949.62,0,1
TXN008808,2102.08,Card,Bank Decline,1345,11,4,0,4.66,1359.74,0,0
TXN008809,2273.79,UPI,Insufficient Funds,1088,18,2,1,14.96,715.18,0,1
TXN008810,911.61,UPI,Limit Exceeded,382,17,3,0,14.23,1621.87,0,1
TXN008811,6206.39,UPI,Network Error,1486,17,7,1,5.48,346.59,0,0
TXN008812,1695.14,UPI,Authentication Failed,413,26,3,0,20.85,1107.32,1,1
TXN008813,1370.0,Net Banking,Bank Decline,1415,11,3,0,3.04,1806.31,0,1
TXN008814,552.89,UPI,Insufficient Funds,62,21,4,1,11.99,897.25,1,0
TXN008815,1004.89,Card,Network Error,1489,20,1,1,5.1,290.7,0,1
TXN008816,1215.54,Card,Insufficient Funds,481,21,5,1,70.37,940.11,1,0
TXN008817,539.74,Card,Bank Decline,23,20,4,0,4.04,1837.51,1,0
TXN008818,842.96,UPI,Insufficient Funds,439,18,5,1,53.57,343.52,0,1
TXN008819,944.62,Card,Bank Decline,243,17,5,0,47.69,1178.1,1,0
TXN008820,1153.24,UPI,Insufficient Funds,313,9,1,3,7.93,1092.24,0,1
TXN008821,224.43,UPI,Authentication Failed,439,22,1,0,0.34,1234.15,1,0
TXN008822,970.93,Wallet,Bank Decline,30,15,6,1,23.58,586.05,0,0
TXN008823,780.85,UPI,Bank Decline,1330,19,6,1,3.08,3292.1,0,1
TXN008824,1076.21,UPI,Authentication Failed,1268,16,4,0,18.3,1207.87,0,1
TXN008825,2784.29,Net Banking,Expired Card,1020,17,4,1,4.0,1507.26,0,1
TXN008826,6954.58,UPI,Network Error,687,13,3,0,0.4,1398.11,0,1
TXN008827,2019.37,Card,Expired Card,958,15,1,0,0.65,649.1,0,0
TXN008828,361.05,UPI,Limit Exceeded,1318,14,4,3,18.41,2708.75,1,0
TXN008829,803.63,UPI,Authentication Failed,421,17,4,0,31.76,170.72,0,0
TXN008830,1875.01,UPI,Expired Card,759,15,5,1,36.67,1195.39,1,0
TXN008831,1694.19,UPI,Authentication Failed,1430,19,3,2,17.38,2028.7,0,1
TXN008832,2666.69,UPI,Network Error,422,17,6,2,7.43,1229.12,1,1
TXN008833,1004.64,Card,Bank Decline,882,18,2,0,15.28,1521.72,0,0
TXN008834,790.65,Card,Authentication Failed,816,20,5,2,19.95,758.47,0,0
TXN008835,5309.12,Net Banking,Network Error,896,21,2,2,17.38,1157.06,0,1
TXN008836,1156.1,UPI,Authentication Failed,1281,15,3,1,4.86,1256.75,1,1
TXN008837,439.22,Card,Insufficient Funds,683,21,4,0,17.0,698.69,1,1
TXN008838,4136.56,Card,Bank Decline,406,18,4,0,9.63,2779.36,0,0
TXN008839,285.29,Net Banking,Authentication Failed,859,13,4,0,10.84,3366.84,0,0
TXN008840,50.0,UPI,Bank Decline,147,6,3,1,21.35,1147.28,0,0
TXN008841,2191.73,Card,Authentication Failed,384,9,7,0,19.24,795.79,1,0
TXN008842,2488.99,Net Banking,Authentication Failed,1150,19,5,0,4.02,1124.8,1,0
TXN008843,1591.79,UPI,Authentication Failed,1368,20,3,0,0.02,1481.54,1,0
TXN008844,339.61,Net Banking,Network Error,456,14,1,3,34.75,1193.05,0,1
TXN008845,1040.04,UPI,Expired Card,894,13,2,0,21.64,1623.71,0,0
TXN008846,853.76,Card,Authentication Failed,1191,20,3,1,40.11,1351.81,0,0
TXN008847,676.17,Net Banking,Limit Exceeded,1135,17,3,0,5.65,1147.21,0,1
TXN008848,3908.32,Card,Expired Card,856,13,4,1,77.76,419.14,0,0
TXN008849,427.52,Card,Authentication Failed,98,18,3,1,10.21,3912.51,1,1
TXN008850,1457.52,UPI,Expired Card,491,19,4,3,44.66,601.19,0,0
TXN008851,3211.98,Net Banking,Authentication Failed,1449,15,3,1,18.51,966.35,0,0
TXN008852,1545.8,Card,Insufficient Funds,427,15,3,0,5.81,528.55,0,0
TXN008853,3350.97,UPI,Insufficient Funds,722,12,3,3,7.33,1299.93,0,0
TXN008854,1821.37,Card,Bank Decline,558,19,2,0,18.08,3801.25,0,0
TXN008855,1613.91,Card,Bank Decline,910,21,3,0,20.49,1175.44,0,0
TXN008856,1525.61,UPI,Limit Exceeded,1084,19,2,2,14.4,552.75,0,1
TXN008857,1904.74,UPI,Insufficient Funds,607,18,2,1,53.22,1909.32,0,0
TXN008858,775.12,UPI,Authentication Failed,1127,25,3,1,19.1,2427.18,0,0
TXN008859,339.79,Card,Bank Decline,191,15,3,0,3.25,734.23,0,1
TXN008860,2588.0,Card,Bank Decline,1463,18,5,0,0.99,2326.35,0,1
TXN008861,3119.94,Card,Bank Decline,971,21,3,1,31.63,1496.93,0,1
TXN008862,1375.79,Net Banking,Network Error,1155,14,4,0,6.22,2649.06,0,0
TXN008863,669.45,Net Banking,Insufficient Funds,1364,15,6,0,67.75,897.64,0,0
TXN008864,269.9,Card,Insufficient Funds,1294,29,2,0,23.77,3247.38,0,0
TXN008865,1184.68,UPI,Limit Exceeded,858,19,8,0,6.28,1605.56,0,0
TXN008866,325.69,Card,Insufficient Funds,197,23,3,3,54.53,1722.15,0,1
TXN008867,287.12,UPI,Bank Decline,1251,14,4,3,1.12,683.42,0,1
TXN008868,1076.36,Card,Limit Exceeded,205,19,3,3,12.48,947.73,0,1
TXN008869,551.48,Card,Insufficient Funds,350,18,4,0,3.21,1805.45,1,1
TXN008870,1496.34,UPI,Bank Decline,180,15,5,1,46.4,1437.58,1,1
TXN008871,950.16,Net Banking,Insufficient Funds,223,25,2,1,0.6,1550.29,1,0
TXN008872,635.26,UPI,Bank Decline,1236,10,1,1,23.82,3630.02,0,0
TXN008873,236.41,Card,Expired Card,1403,11,2,1,35.69,529.22,1,1
TXN008874,508.98,UPI,Insufficient Funds,180,13,1,0,5.85,1203.44,1,1
TXN008875,526.09,Net Banking,Authentication Failed,84,18,2,3,23.51,768.16,1,0
TXN008876,364.03,UPI,Authentication Failed,1353,27,5,0,1.65,805.99,1,0
TXN008877,815.55,UPI,Insufficient Funds,582,18,2,2,3.13,1800.2,1,1
TXN008878,390.52,UPI,Authentication Failed,1414,12,6,0,57.53,223.24,0,0
TXN008879,946.37,UPI,Bank Decline,847,22,4,0,4.61,333.23,1,1
TXN008880,1361.54,UPI,Insufficient Funds,443,19,0,0,6.2,1105.22,1,1
TXN008881,521.36,Card,Insufficient Funds,205,12,2,0,40.28,1427.08,0,1
TXN008882,1608.2,Card,Bank Decline,608,15,6,1,6.23,482.39,0,1
TXN008883,322.07,UPI,Network Error,1037,26,2,3,13.07,718.8,0,0
TXN008884,403.04,UPI,Bank Decline,1293,20,2,2,6.35,916.92,0,1
TXN008885,990.4,Net Banking,Limit Exceeded,1010,19,2,0,22.53,2604.17,1,1
TXN008886,2035.17,Card,Expired Card,640,21,5,1,64.09,1462.91,0,0
TXN008887,2393.85,Card,Bank Decline,634,24,5,0,2.22,986.54,0,1
TXN008888,4680.46,Card,Limit Exceeded,531,19,7,0,29.07,826.86,1,1
TXN008889,781.39,UPI,Authentication Failed,969,15,6,0,15.22,1629.1,0,1
TXN008890,977.74,UPI,Insufficient Funds,1050,27,4,0,14.05,590.41,1,1
TXN008891,432.94,UPI,Bank Decline,260,16,2,1,17.41,1036.88,0,0
TXN008892,354.82,Net Banking,Bank Decline,604,18,5,0,31.05,1172.55,0,0
TXN008893,1347.11,Wallet,Network Error,1210,10,4,1,22.16,973.49,1,1
TXN008894,545.51,Card,Network Error,1383,23,1,0,12.61,1384.61,0,1
TXN008895,3324.72,UPI,Bank Decline,579,21,3,2,0.53,727.98,0,1
TXN008896,294.08,UPI,Expired Card,899,16,4,0,9.25,2415.74,0,1
TXN008897,1698.87,UPI,Expired Card,221,23,1,1,41.18,2758.55,0,0
TXN008898,443.56,Card,Network Error,1388,20,4,0,15.5,4755.96,0,1
TXN008899,524.05,UPI,Insufficient Funds,890,28,3,1,8.68,3132.01,0,1
TXN008900,1781.48,Net Banking,Network Error,608,17,5,0,1.24,1507.59,0,0
TXN008901,596.87,UPI,Bank Decline,574,25,3,1,62.08,1346.69,0,0
TXN008902,689.38,Net Banking,Network Error,1250,10,2,3,4.73,2679.24,0,1
TXN008903,527.98,Net Banking,Authentication Failed,612,18,6,1,19.71,1534.95,1,0
TXN008904,5467.23,Card,Network Error,558,20,11,0,16.18,291.69,0,0
TXN008905,629.08,Card,Insufficient Funds,343,21,4,1,3.27,1328.15,1,1
TXN008906,1148.71,Card,Bank Decline,325,17,4,0,4.23,756.64,0,0
TXN008907,914.41,Card,Limit Exceeded,472,22,11,0,50.7,485.61,0,1
TXN008908,1338.46,Card,Limit Exceeded,735,26,4,0,101.64,2286.77,0,0
TXN008909,630.64,Card,Network Error,906,20,4,0,8.23,474.65,0,1
TXN008910,915.31,Wallet,Bank Decline,1184,25,3,1,12.49,924.76,0,1
TXN008911,1563.3,Card,Bank Decline,357,19,5,0,13.2,1668.67,0,1
TXN008912,504.36,Net Banking,Network Error,1092,25,1,0,2.43,970.61,0,0
TXN008913,2923.07,Net Banking,Authentication Failed,1490,17,4,1,65.5,504.45,1,1
TXN008914,3187.31,UPI,Expired Card,956,19,5,2,6.57,762.72,0,1
TXN008915,1892.86,UPI,Expired Card,1270,13,4,2,10.4,1113.51,1,0
TXN008916,1167.81,Card,Network Error,196,12,5,1,38.38,355.17,0,0
TXN008917,74.33,Card,Bank Decline,1176,17,2,1,21.83,604.94,0,1
TXN008918,1606.58,Net Banking,Limit Exceeded,1322,16,3,1,6.31,1057.38,0,0
TXN008919,771.09,Card,Network Error,1090,17,6,0,1.18,915.2,0,1
TXN008920,878.62,Card,Authentication Failed,693,11,3,1,2.62,836.86,0,1
TXN008921,198.81,Card,Bank Decline,79,18,6,0,8.92,867.59,0,1
TXN008922,1709.97,UPI,Insufficient Funds,1269,13,2,1,10.56,3293.51,0,1
TXN008923,297.76,Card,Expired Card,422,13,3,0,11.78,1382.11,0,1
TXN008924,1219.97,Net Banking,Insufficient Funds,185,15,1,0,1.23,675.09,0,1
TXN008925,2475.49,UPI,Bank Decline,1097,24,6,0,0.73,1120.27,0,0
TXN008926,718.82,Card,Bank Decline,83,14,5,2,17.58,983.79,1,0
TXN008927,3276.22,Card,Limit Exceeded,254,16,5,0,3.18,840.26,0,1
TXN008928,559.87,UPI,Network Error,713,16,5,1,19.2,1001.52,0,1
TXN008929,1882.56,UPI,Insufficient Funds,994,20,4,2,2.93,1378.59,1,1
TXN008930,338.9,Wallet,Network Error,74,23,3,0,14.34,775.01,0,1
TXN008931,2773.92,UPI,Bank Decline,856,19,4,3,5.77,640.14,0,1
TXN008932,2412.43,UPI,Authentication Failed,1129,18,3,0,4.05,601.73,0,1
TXN008933,1671.58,UPI,Network Error,594,16,6,1,4.49,495.67,0,1
TXN008934,769.73,Card,Expired Card,849,18,4,3,10.05,1065.13,0,0
TXN008935,310.5,Card,Insufficient Funds,787,19,1,0,13.99,1034.69,0,1
TXN008936,771.57,Card,Limit Exceeded,888,11,5,0,31.36,1376.66,1,1
TXN008937,2978.8,UPI,Expired Card,728,27,6,0,23.38,666.35,1,0
TXN008938,1232.7,Net Banking,Authentication Failed,330,22,5,2,4.29,1029.73,1,1
TXN008939,271.04,UPI,Insufficient Funds,1153,20,4,2,10.27,2702.39,0,1
TXN008940,398.51,UPI,Bank Decline,1063,19,5,3,0.58,1305.68,0,1
TXN008941,3387.46,Card,Expired Card,661,10,3,1,15.2,504.54,1,0
TXN008942,1701.25,UPI,Insufficient Funds,151,12,3,3,21.91,913.74,0,1
TXN008943,361.19,Net Banking,Bank Decline,780,22,1,0,24.42,1073.26,0,1
TXN008944,223.8,Net Banking,Authentication Failed,316,20,3,1,2.39,1025.61,0,1
TXN008945,624.82,UPI,Bank Decline,150,19,3,0,12.48,648.63,1,1
TXN008946,207.22,Net Banking,Authentication Failed,948,13,4,0,38.58,1023.86,1,0
TXN008947,953.13,Net Banking,Insufficient Funds,670,12,4,2,3.69,1222.97,0,1
TXN008948,9961.3,Net Banking,Expired Card,899,17,5,2,1.35,1522.11,0,0
TXN008949,260.54,UPI,Network Error,523,24,4,2,5.41,4137.64,0,0
TXN008950,927.58,Card,Network Error,201,21,1,1,1.98,1625.72,0,1
TXN008951,3571.47,UPI,Authentication Failed,824,15,1,0,1.09,1392.76,0,1
TXN008952,2152.06,Net Banking,Insufficient Funds,1199,19,3,1,4.58,768.07,1,1
TXN008953,959.23,UPI,Authentication Failed,735,26,1,0,8.25,1904.99,1,0
TXN008954,961.3,Card,Expired Card,1213,16,6,0,24.5,682.27,1,0
TXN008955,387.49,UPI,Bank Decline,1143,16,1,3,1.38,932.21,0,1
TXN008956,861.87,UPI,Authentication Failed,1306,20,3,1,65.96,2472.77,0,0
TXN008957,1365.26,Card,Bank Decline,482,22,1,1,0.21,422.49,0,0
TXN008958,2964.91,Net Banking,Limit Exceeded,1208,17,4,1,29.58,945.4,1,1
TXN008959,627.56,Card,Bank Decline,1321,18,1,0,0.09,655.91,1,1
TXN008960,924.4,Net Banking,Authentication Failed,440,17,2,1,5.22,1216.67,0,1
TXN008961,466.71,UPI,Expired Card,1493,21,6,1,48.63,637.88,1,1
TXN008962,1343.18,Card,Insufficient Funds,423,14,1,0,10.24,781.59,1,0
TXN008963,2220.31,Card,Expired Card,717,19,3,0,7.51,1368.88,1,1
TXN008964,1932.72,UPI,Insufficient Funds,144,14,4,0,19.26,1679.45,0,1
TXN008965,382.54,Card,Bank Decline,815,15,6,3,26.24,1812.98,1,1
TXN008966,1251.6,Card,Insufficient Funds,1198,15,4,0,45.1,1694.37,0,0
TXN008967,596.11,Card,Insufficient Funds,140,24,3,2,43.73,527.16,1,0
TXN008968,2724.24,Card,Insufficient Funds,1191,16,4,0,21.58,1581.38,0,1
TXN008969,948.44,Card,Network Error,790,19,4,0,0.83,1027.02,0,0
TXN008970,279.34,UPI,Network Error,798,13,3,0,6.67,1740.1,0,1
TXN008971,899.8,UPI,Network Error,740,13,5,4,6.47,451.76,0,1
TXN008972,1656.77,Card,Bank Decline,383,12,2,0,6.98,615.22,0,1
TXN008973,1365.95,UPI,Expired Card,1360,12,7,0,2.02,685.46,0,1
TXN008974,691.86,UPI,Expired Card,401,15,5,3,0.75,4223.49,0,0
TXN008975,647.59,Card,Bank Decline,1202,15,6,0,4.75,1535.15,0,0
TXN008976,450.9,Card,Authentication Failed,476,17,5,2,15.77,729.37,0,1
TXN008977,768.72,UPI,Expired Card,777,16,4,0,0.05,875.35,0,1
TXN008978,507.7,Card,Expired Card,1452,22,2,1,39.34,536.01,0,0
TXN008979,2625.63,Card,Bank Decline,1286,26,5,0,45.75,749.91,1,1
TXN008980,487.35,UPI,Insufficient Funds,1150,21,3,0,17.13,1160.0,1,0
TXN008981,1224.22,Card,Authentication Failed,25,19,2,1,0.95,826.91,0,0
TXN008982,1151.56,Card,Limit Exceeded,814,21,4,0,70.12,1253.14,1,1
TXN008983,2568.56,Card,Insufficient Funds,253,11,3,4,17.37,1051.49,0,0
TXN008984,2923.19,Card,Bank Decline,1235,18,4,1,13.61,803.35,0,0
TXN008985,2051.6,UPI,Expired Card,1450,16,4,0,11.67,300.17,1,0
TXN008986,1506.64,Card,Expired Card,1097,20,1,0,2.53,871.6,0,0
TXN008987,426.76,UPI,Authentication Failed,348,20,5,3,28.75,665.33,0,1
TXN008988,419.06,Net Banking,Insufficient Funds,351,19,3,0,12.32,977.25,0,1
TXN008989,512.28,Net Banking,Bank Decline,930,19,2,1,0.36,2700.04,0,0
TXN008990,2157.55,Card,Insufficient Funds,393,14,2,0,2.98,1706.06,1,1
TXN008991,1171.45,UPI,Bank Decline,348,21,5,1,6.07,758.8,0,1
TXN008992,2396.56,UPI,Insufficient Funds,114,16,3,0,44.26,786.01,1,0
TXN008993,2704.09,UPI,Authentication Failed,683,14,3,0,11.08,1072.06,1,0
TXN008994,570.57,Card,Network Error,639,19,5,0,50.85,772.95,0,1
TXN008995,1128.75,UPI,Limit Exceeded,1004,15,8,0,5.78,2258.18,0,1
TXN008996,1083.88,Card,Insufficient Funds,1432,22,2,1,74.61,2069.29,1,1
TXN008997,816.47,UPI,Bank Decline,602,9,4,4,55.89,566.11,1,0
TXN008998,677.66,Wallet,Bank Decline,1332,11,2,1,22.39,2802.26,0,0
TXN008999,3185.23,UPI,Bank Decline,1137,19,5,3,25.44,1838.93,0,0
TXN009000,1149.15,Net Banking,Limit Exceeded,591,20,5,0,0.44,954.38,0,1
TXN009001,1109.68,Net Banking,Bank Decline,483,18,5,0,4.7,1650.08,1,1
TXN009002,532.46,Card,Insufficient Funds,343,19,3,0,3.9,859.21,1,1
TXN009003,2013.62,Card,Insufficient Funds,1490,19,5,2,57.68,821.89,0,0
TXN009004,443.81,Card,Insufficient Funds,319,16,2,4,9.46,615.31,0,1
TXN009005,1651.46,Card,Limit Exceeded,1184,20,9,2,16.57,3741.88,0,0
TXN009006,1692.58,UPI,Bank Decline,615,19,3,1,5.66,497.38,0,1
TXN009007,756.53,UPI,Expired Card,1379,19,4,1,5.29,737.85,0,1
TXN009008,1459.55,Card,Expired Card,796,10,8,2,9.77,1432.53,0,0
TXN009009,1296.08,Card,Insufficient Funds,600,14,5,0,6.88,369.85,0,1
TXN009010,1058.47,Card,Insufficient Funds,306,23,2,2,25.06,470.04,0,1
TXN009011,1109.48,UPI,Limit Exceeded,698,22,6,2,17.52,818.1,1,1
TXN009012,1159.34,UPI,Expired Card,734,12,3,0,21.3,332.46,1,0
TXN009013,1232.65,UPI,Bank Decline,242,18,2,0,13.97,1438.93,0,1
TXN009014,1157.73,UPI,Insufficient Funds,971,18,3,0,41.96,3252.65,0,0
TXN009015,406.07,UPI,Insufficient Funds,903,20,2,1,1.2,10803.58,0,1
TXN009016,956.24,UPI,Bank Decline,217,24,6,3,24.94,1974.11,1,1
TXN009017,1391.94,UPI,Insufficient Funds,292,22,2,0,4.94,1479.17,0,1
TXN009018,1196.98,Net Banking,Bank Decline,429,14,9,1,17.57,3440.88,1,1
TXN009019,2587.31,UPI,Bank Decline,500,22,6,1,46.8,1113.58,0,0
TXN009020,1916.16,Card,Insufficient Funds,1024,21,3,0,6.7,3686.85,0,1
TXN009021,501.01,UPI,Insufficient Funds,1449,10,4,0,59.81,1888.7,0,1
TXN009022,943.91,Net Banking,Authentication Failed,843,21,4,1,3.49,1480.45,0,0
TXN009023,828.65,Card,Network Error,773,26,6,0,55.92,1198.44,1,0
TXN009024,1092.35,UPI,Authentication Failed,351,13,4,0,0.76,945.71,0,1
TXN009025,1093.69,Card,Bank Decline,529,16,3,0,7.17,1604.02,0,1
TXN009026,1901.45,UPI,Expired Card,825,18,7,0,21.58,1777.18,1,0
TXN009027,1286.39,Card,Insufficient Funds,325,18,6,1,33.48,835.44,0,0
TXN009028,3319.24,UPI,Network Error,1372,22,3,0,3.29,905.64,0,1
TXN009029,1362.26,Wallet,Insufficient Funds,1409,18,2,1,49.01,936.93,1,0
TXN009030,519.29,Card,Insufficient Funds,1023,22,2,1,3.07,1656.65,1,1
TXN009031,720.14,UPI,Authentication Failed,701,19,5,0,36.51,1568.5,0,1
TXN009032,1888.26,Card,Network Error,596,16,5,0,38.9,576.1,0,0
TXN009033,256.53,UPI,Authentication Failed,641,19,1,0,24.1,2146.93,0,1
TXN009034,326.59,Net Banking,Bank Decline,214,12,3,0,39.88,1183.28,1,0
TXN009035,1107.24,Card,Bank Decline,192,16,3,2,1.56,7219.5,0,0
TXN009036,2580.74,Card,Bank Decline,983,19,5,1,46.76,523.92,0,0
TXN009037,3555.79,UPI,Expired Card,23,19,3,3,11.22,2143.06,1,1
TXN009038,901.99,Net Banking,Network Error,1320,18,8,1,6.3,1237.13,0,1
TXN009039,2849.06,Card,Authentication Failed,260,18,3,0,0.11,1841.39,1,1
TXN009040,1170.33,UPI,Insufficient Funds,977,21,5,0,15.21,636.49,1,0
TXN009041,276.37,UPI,Expired Card,617,23,8,0,1.16,695.33,0,0
TXN009042,1088.69,UPI,Bank Decline,452,15,2,0,0.22,913.05,0,1
TXN009043,628.28,Wallet,Insufficient Funds,1002,19,1,0,9.73,498.62,0,1
TXN009044,2505.91,UPI,Network Error,1486,23,7,1,1.13,1114.64,0,0
TXN009045,1071.58,Card,Network Error,1177,16,4,1,33.73,916.39,0,0
TXN009046,347.19,UPI,Insufficient Funds,890,10,4,0,0.84,2138.6,0,0
TXN009047,284.36,UPI,Insufficient Funds,1144,17,3,0,14.87,1323.67,1,1
TXN009048,1076.12,Card,Bank Decline,1127,17,2,0,13.53,1102.11,0,1
TXN009049,124.19,Wallet,Bank Decline,1412,20,4,1,14.84,512.84,0,0
TXN009050,687.91,Card,Bank Decline,1406,19,5,1,2.55,1018.97,1,1
TXN009051,1350.09,Net Banking,Insufficient Funds,989,19,4,1,38.49,1633.86,1,0
TXN009052,423.56,Card,Insufficient Funds,512,9,4,1,19.02,3946.2,0,1
TXN009053,2682.73,UPI,Authentication Failed,1352,24,3,2,27.46,806.41,1,0
TXN009054,3203.2,UPI,Authentication Failed,334,17,4,2,33.87,800.78,0,0
TXN009055,439.21,Card,Network Error,355,21,3,1,40.5,2470.89,1,1
TXN009056,838.62,Wallet,Authentication Failed,1200,10,9,1,23.08,1548.29,0,0
TXN009057,2684.43,Net Banking,Expired Card,313,10,7,4,23.33,583.32,0,0
TXN009058,1095.34,UPI,Insufficient Funds,205,21,5,0,2.91,879.9,1,0
TXN009059,312.61,UPI,Insufficient Funds,1207,16,5,1,3.34,976.06,0,0
TXN009060,963.92,UPI,Authentication Failed,1154,11,0,1,25.2,1345.77,0,0
TXN009061,508.96,Net Banking,Expired Card,1187,23,1,3,4.47,1167.48,1,0
TXN009062,2973.15,Net Banking,Limit Exceeded,613,21,3,0,14.49,2049.59,1,1
TXN009063,1891.9,Net Banking,Authentication Failed,1316,24,4,3,5.7,2657.21,0,1
TXN009064,826.85,UPI,Bank Decline,617,17,2,2,5.31,761.84,1,1
TXN009065,1246.3,Card,Insufficient Funds,927,17,6,0,10.79,316.27,1,0
TXN009066,337.88,Card,Insufficient Funds,241,21,3,0,3.25,1295.37,0,0
TXN009067,556.46,UPI,Insufficient Funds,1324,18,5,0,33.67,2704.51,0,0
TXN009068,4437.97,Card,Insufficient Funds,791,13,1,1,2.88,742.47,1,1
TXN009069,1150.74,UPI,Bank Decline,848,20,4,2,27.13,1308.64,0,0
TXN009070,2532.79,UPI,Insufficient Funds,1048,19,6,2,11.39,359.89,0,1
TXN009071,1351.29,Net Banking,Insufficient Funds,965,17,9,1,4.17,1296.5,1,1
TXN009072,3579.05,Card,Bank Decline,1204,24,2,0,7.55,1408.32,1,0
TXN009073,181.46,Card,Bank Decline,1433,25,2,0,10.01,969.44,0,1
TXN009074,925.75,Card,Bank Decline,387,24,6,0,5.88,14026.07,1,1
TXN009075,4818.91,UPI,Bank Decline,1150,19,8,1,29.87,719.85,1,1
TXN009076,2592.96,Card,Expired Card,774,24,9,0,7.85,539.71,1,0
TXN009077,3614.96,Net Banking,Authentication Failed,102,22,2,2,12.14,2281.38,0,0
TXN009078,1089.98,Card,Insufficient Funds,37,19,4,2,0.52,697.38,0,1
TXN009079,676.28,Card,Insufficient Funds,103,14,2,0,4.59,3385.47,0,1
TXN009080,435.09,UPI,Authentication Failed,711,18,6,1,1.53,928.93,0,1
TXN009081,408.61,UPI,Network Error,1076,23,5,2,43.07,1183.81,0,0
TXN009082,2267.32,Card,Limit Exceeded,242,22,3,3,35.56,889.4,1,1
TXN009083,1740.43,UPI,Insufficient Funds,343,23,9,0,5.93,553.82,0,1
TXN009084,1032.86,Card,Limit Exceeded,680,18,4,3,12.04,699.66,1,0
TXN009085,1732.59,UPI,Authentication Failed,291,15,7,2,7.07,685.83,1,0
TXN009086,1246.64,UPI,Expired Card,140,28,4,0,26.99,1331.34,0,1
TXN009087,2607.11,UPI,Insufficient Funds,775,17,5,0,4.76,1182.2,1,0
TXN009088,2584.84,Wallet,Authentication Failed,701,15,1,0,30.1,1234.5,1,1
TXN009089,420.19,UPI,Limit Exceeded,545,14,6,0,3.57,479.54,0,0
TXN009090,1402.88,Card,Limit Exceeded,266,16,4,0,6.2,561.92,0,0
TXN009091,244.21,Card,Insufficient Funds,509,22,3,1,39.5,1567.66,0,0
TXN009092,1236.1,UPI,Limit Exceeded,598,16,5,0,6.06,800.57,1,1
TXN009093,1889.13,Card,Insufficient Funds,1210,23,1,0,43.51,2012.08,0,1
TXN009094,336.18,Card,Bank Decline,902,23,9,0,2.62,1091.0,1,1
TXN009095,753.84,Card,Network Error,1297,21,6,2,17.98,425.6,0,1
TXN009096,1106.08,Net Banking,Bank Decline,1028,22,4,0,5.88,585.49,1,0
TXN009097,1353.6,UPI,Expired Card,90,13,6,2,6.96,3260.94,1,1
TXN009098,853.42,UPI,Network Error,416,22,1,0,32.28,1887.41,0,1
TXN009099,381.82,Net Banking,Insufficient Funds,1186,17,3,4,15.31,506.13,0,0
TXN009100,1044.6,UPI,Expired Card,334,22,2,4,4.44,1861.11,1,0
TXN009101,247.89,Card,Authentication Failed,352,12,5,4,52.36,999.86,1,1
TXN009102,889.47,Net Banking,Insufficient Funds,929,17,10,0,9.34,2384.53,1,1
TXN009103,737.13,UPI,Network Error,103,21,3,0,38.08,1171.61,0,1
TXN009104,971.81,Card,Bank Decline,643,20,6,1,43.72,641.91,0,0
TXN009105,662.89,UPI,Bank Decline,189,30,2,2,9.75,1704.48,0,0
TXN009106,282.33,UPI,Bank Decline,1357,23,2,2,9.61,383.87,0,1
TXN009107,788.63,UPI,Bank Decline,820,13,3,0,14.49,1472.18,0,1
TXN009108,2534.47,Net Banking,Insufficient Funds,902,15,3,2,18.24,825.23,0,0
TXN009109,3412.89,UPI,Authentication Failed,667,22,3,1,1.01,904.11,0,1
TXN009110,9851.72,Card,Network Error,951,11,7,0,1.26,495.76,1,1
TXN009111,5026.53,Net Banking,Network Error,808,15,6,0,5.19,1166.73,1,0
TXN009112,373.44,Card,Bank Decline,384,14,6,3,10.18,902.9,0,0
TXN009113,759.31,Card,Network Error,1117,23,3,0,19.15,1300.81,0,0
TXN009114,1074.37,Card,Bank Decline,686,23,6,0,3.93,803.32,0,1
TXN009115,1015.36,UPI,Bank Decline,1165,20,3,2,6.56,629.71,0,0
TXN009116,1167.45,Card,Bank Decline,96,11,3,1,9.43,3484.5,0,0
TXN009117,9574.25,Card,Bank Decline,494,15,4,0,5.9,2479.2,1,1
TXN009118,414.12,Wallet,Insufficient Funds,826,17,7,4,8.76,1067.19,0,0
TXN009119,576.99,Net Banking,Network Error,869,17,4,0,2.46,1782.76,0,0
TXN009120,4814.77,Net Banking,Limit Exceeded,749,28,5,1,0.28,462.9,1,1
TXN009121,629.94,Net Banking,Insufficient Funds,1119,17,3,1,3.95,3191.79,0,1
TXN009122,1562.78,Card,Insufficient Funds,1323,15,4,1,5.73,1555.43,0,1
TXN009123,2782.74,Card,Bank Decline,452,26,8,1,28.08,2033.9,0,0
TXN009124,1699.09,Net Banking,Authentication Failed,1429,12,2,0,25.07,938.39,0,1
TXN009125,1303.21,UPI,Limit Exceeded,1425,20,3,3,23.32,1730.35,0,1
TXN009126,2552.3,Wallet,Network Error,870,20,3,1,58.13,738.44,0,1
TXN009127,490.9,UPI,Authentication Failed,1047,25,8,0,9.48,2519.5,0,0
TXN009128,701.54,Card,Bank Decline,1272,18,4,2,1.99,1457.84,0,1
TXN009129,1775.92,Card,Authentication Failed,692,10,5,0,30.72,608.99,0,1
TXN009130,170.29,Wallet,Bank Decline,1034,15,1,2,15.75,388.47,0,1
TXN009131,3924.23,UPI,Bank Decline,287,16,3,1,149.95,795.84,0,0
TXN009132,1440.94,Card,Expired Card,975,19,4,0,7.46,1002.56,0,0
TXN009133,1258.57,Card,Bank Decline,539,13,4,0,37.3,1971.74,0,0
TXN009134,252.78,UPI,Network Error,1268,24,1,3,35.4,1161.35,1,0
TXN009135,344.49,Net Banking,Bank Decline,611,22,7,0,73.71,265.97,0,1
TXN009136,766.07,Card,Network Error,484,24,2,1,74.64,1686.87,0,1
TXN009137,2268.08,Card,Bank Decline,95,24,7,0,86.57,3243.26,0,1
TXN009138,169.19,UPI,Insufficient Funds,1143,24,2,2,44.17,2343.62,0,0
TXN009139,2229.49,Card,Authentication Failed,616,19,7,2,5.44,756.83,0,1
TXN009140,793.12,Card,Authentication Failed,148,20,5,2,10.48,664.78,1,1
TXN009141,896.88,UPI,Authentication Failed,668,21,4,0,63.41,1681.38,1,0
TXN009142,1377.79,UPI,Expired Card,566,17,5,1,9.16,1813.83,0,0
TXN009143,1397.42,Wallet,Expired Card,57,14,3,0,45.08,1122.95,1,1
TXN009144,577.56,Card,Network Error,214,14,3,0,25.43,385.31,1,0
TXN009145,1924.5,Card,Insufficient Funds,529,19,2,0,36.19,1022.73,0,0
TXN009146,135.98,UPI,Insufficient Funds,1300,24,0,1,25.49,1190.5,1,0
TXN009147,731.15,UPI,Bank Decline,1293,21,3,0,8.65,620.61,0,1
TXN009148,1259.3,UPI,Authentication Failed,715,16,7,0,5.73,2541.52,0,1
TXN009149,803.96,UPI,Insufficient Funds,1216,20,5,0,21.87,995.04,0,0
TXN009150,211.83,Card,Authentication Failed,814,16,3,0,1.65,904.86,0,1
TXN009151,2169.44,Card,Network Error,1251,13,3,1,3.67,2997.67,1,1
TXN009152,356.54,Card,Expired Card,87,16,6,1,0.55,787.76,0,0
TXN009153,1031.98,UPI,Insufficient Funds,415,20,3,3,6.0,618.67,0,1
TXN009154,1258.57,Card,Bank Decline,980,19,4,0,6.74,820.35,0,1
TXN009155,1116.38,UPI,Authentication Failed,897,15,4,0,40.3,1664.32,1,0
TXN009156,3140.41,UPI,Bank Decline,688,15,7,1,25.8,966.64,0,1
TXN009157,1045.3,Net Banking,Bank Decline,92,26,5,1,20.85,308.86,0,1
TXN009158,1611.16,Card,Insufficient Funds,110,20,2,0,28.7,1879.72,0,1
TXN009159,1042.82,Card,Insufficient Funds,1314,20,7,2,18.29,3113.6,0,1
TXN009160,1903.9,UPI,Bank Decline,466,12,1,0,5.47,805.84,0,0
TXN009161,3843.53,Net Banking,Expired Card,746,24,4,0,56.72,2017.7,1,1
TXN009162,1241.14,Card,Bank Decline,467,20,2,0,2.63,3371.1,1,0
TXN009163,2216.46,Card,Network Error,1151,16,1,1,2.03,473.31,1,1
TXN009164,4063.48,UPI,Insufficient Funds,1382,18,2,1,4.92,565.13,0,0
TXN009165,3719.95,Wallet,Limit Exceeded,446,19,1,2,34.93,1470.64,0,0
TXN009166,775.29,Net Banking,Limit Exceeded,575,19,9,0,10.53,774.59,1,1
TXN009167,2787.19,Net Banking,Insufficient Funds,1219,15,7,0,9.08,1288.23,1,1
TXN009168,1371.82,UPI,Bank Decline,875,12,6,1,6.0,863.32,0,1
TXN009169,2997.42,UPI,Insufficient Funds,556,26,6,0,57.83,1562.12,1,1
TXN009170,1829.45,UPI,Limit Exceeded,235,13,1,2,26.55,1047.2,1,1
TXN009171,1405.43,UPI,Limit Exceeded,1416,17,3,0,3.26,2337.09,1,1
TXN009172,1620.64,Net Banking,Authentication Failed,1161,17,4,1,7.71,4273.73,1,1
TXN009173,1379.83,UPI,Bank Decline,177,24,6,3,8.05,1029.74,0,1
TXN009174,1429.24,UPI,Bank Decline,1360,22,1,0,4.57,4689.69,0,0
TXN009175,950.56,UPI,Insufficient Funds,41,10,6,2,2.46,3361.52,1,1
TXN009176,874.32,UPI,Bank Decline,1231,16,8,1,32.76,1612.41,0,1
TXN009177,5360.74,UPI,Network Error,1198,19,4,0,13.23,1557.66,0,1
TXN009178,1685.43,Net Banking,Insufficient Funds,1276,9,6,2,7.9,1284.64,0,1
TXN009179,654.6,Card,Expired Card,1254,19,8,0,1.13,397.96,1,1
TXN009180,854.34,UPI,Network Error,347,21,2,1,5.23,1299.09,0,1
TXN009181,2837.37,Card,Limit Exceeded,576,18,3,0,23.22,1937.06,1,1
TXN009182,565.34,UPI,Bank Decline,543,14,2,1,40.51,851.94,0,1
TXN009183,288.93,UPI,Authentication Failed,1470,19,4,0,40.02,458.7,1,1
TXN009184,308.71,Card,Authentication Failed,550,21,5,2,6.75,1931.67,0,0
TXN009185,231.35,Card,Authentication Failed,1180,15,5,1,22.2,3582.62,1,1
TXN009186,340.72,Card,Limit Exceeded,362,18,1,0,2.87,1917.6,0,1
TXN009187,378.88,Card,Limit Exceeded,751,16,5,1,6.02,1097.71,1,0
TXN009188,3815.07,UPI,Network Error,1026,19,2,0,13.06,1181.33,0,1
TXN009189,1051.99,Wallet,Insufficient Funds,539,17,1,0,26.91,912.23,0,1
TXN009190,790.81,Net Banking,Expired Card,379,22,6,0,43.48,1738.94,0,0
TXN009191,299.14,Net Banking,Expired Card,1442,20,2,4,51.33,2382.26,0,0
TXN009192,964.09,UPI,Authentication Failed,1282,19,8,0,3.19,1583.15,0,1
TXN009193,229.62,Net Banking,Network Error,1022,21,3,1,10.5,1074.44,0,1
TXN009194,786.45,Net Banking,Bank Decline,20,14,7,0,20.27,1805.66,1,1
TXN009195,7030.72,Net Banking,Expired Card,221,22,5,0,25.15,1154.68,0,0
TXN009196,1993.05,UPI,Authentication Failed,542,24,3,0,12.65,2335.94,0,0
TXN009197,907.94,Card,Insufficient Funds,1050,12,4,3,1.06,487.05,1,1
TXN009198,2055.58,Wallet,Bank Decline,934,19,4,0,29.09,1746.89,1,1
TXN009199,685.82,Card,Network Error,442,15,4,2,35.64,683.4,0,1
TXN009200,533.46,Card,Insufficient Funds,1351,19,5,1,39.89,1941.97,0,0
TXN009201,5083.3,Net Banking,Insufficient Funds,997,17,4,0,37.51,1996.2,0,0
TXN009202,392.27,Card,Bank Decline,1082,26,7,4,25.23,1717.34,0,0
TXN009203,797.35,Card,Authentication Failed,363,12,2,3,9.67,2446.97,0,1
TXN009204,1444.37,Card,Insufficient Funds,725,13,5,0,3.57,2415.2,0,1
TXN009205,472.19,Net Banking,Bank Decline,878,15,4,1,2.54,1023.11,0,0
TXN009206,1969.52,UPI,Limit Exceeded,613,25,4,0,22.19,1860.73,1,1
TXN009207,832.19,Card,Authentication Failed,1378,15,5,1,27.13,377.84,0,1
TXN009208,1993.25,Card,Authentication Failed,784,24,6,0,19.0,1069.16,0,0
TXN009209,1858.24,Net Banking,Bank Decline,332,18,2,1,15.31,673.54,0,1
TXN009210,881.2,Card,Authentication Failed,533,19,6,4,16.03,682.01,1,0
TXN009211,5113.26,Net Banking,Insufficient Funds,693,19,5,1,1.22,720.29,0,0
TXN009212,602.57,Net Banking,Limit Exceeded,225,20,3,0,5.97,1579.6,1,0
TXN009213,3692.22,UPI,Expired Card,528,18,4,2,3.36,1441.22,0,1
TXN009214,3157.2,UPI,Bank Decline,411,13,7,0,10.91,871.85,1,1
TXN009215,5398.06,UPI,Network Error,1049,25,7,0,1.45,393.13,0,1
TXN009216,1282.61,UPI,Insufficient Funds,586,17,4,1,7.23,1700.38,0,1
TXN009217,539.3,Card,Authentication Failed,796,24,6,2,37.52,510.08,0,0
TXN009218,7109.0,Net Banking,Bank Decline,300,19,4,1,1.86,872.42,1,1
TXN009219,811.41,Net Banking,Network Error,21,16,4,3,15.0,528.54,1,0
TXN009220,527.32,UPI,Insufficient Funds,332,22,5,1,5.47,1335.97,0,1
TXN009221,924.44,UPI,Insufficient Funds,977,8,3,1,8.34,316.38,0,0
TXN009222,453.27,Card,Authentication Failed,164,23,8,0,6.41,1909.42,0,0
TXN009223,1760.82,Card,Limit Exceeded,1134,25,3,0,1.16,963.13,0,0
TXN009224,635.81,UPI,Authentication Failed,906,19,3,0,1.29,1676.71,1,1
TXN009225,846.63,Net Banking,Bank Decline,812,17,2,3,11.42,605.68,0,0
TXN009226,2620.19,Net Banking,Insufficient Funds,1312,14,0,1,33.78,2396.9,0,1
TXN009227,1922.39,UPI,Network Error,153,17,4,1,48.5,927.95,0,1
TXN009228,1112.12,Net Banking,Network Error,520,11,3,0,4.62,318.15,1,0
TXN009229,1278.94,UPI,Insufficient Funds,1098,18,5,0,41.0,292.67,1,1
TXN009230,1108.8,Card,Limit Exceeded,510,10,2,0,0.89,3195.31,1,1
TXN009231,743.94,Card,Bank Decline,1099,19,4,0,32.98,1531.87,0,1
TXN009232,1094.14,UPI,Insufficient Funds,419,16,2,3,14.36,1954.49,0,1
TXN009233,1705.75,Net Banking,Bank Decline,1094,24,7,1,1.62,1022.83,0,1
TXN009234,978.92,Card,Network Error,598,16,4,2,1.44,1444.11,0,1
TXN009235,1600.05,Card,Expired Card,772,22,3,1,2.76,2233.79,1,1
TXN009236,516.46,UPI,Network Error,243,15,4,0,0.89,1188.03,0,1
TXN009237,636.83,UPI,Network Error,402,17,8,1,22.08,2011.65,1,1
TXN009238,566.29,UPI,Insufficient Funds,1169,12,1,0,17.25,632.38,0,0
TXN009239,659.43,Card,Authentication Failed,1346,24,3,3,32.84,3207.25,0,0
TXN009240,3492.81,Card,Authentication Failed,1453,20,2,0,11.98,3179.97,1,0
TXN009241,2107.87,UPI,Expired Card,138,15,2,0,15.75,613.43,0,1
TXN009242,416.03,Card,Insufficient Funds,232,22,1,0,2.79,601.62,0,1
TXN009243,1625.79,Card,Network Error,124,17,9,3,13.25,3737.17,1,1
TXN009244,771.61,Card,Network Error,644,25,1,0,6.81,1463.1,0,1
TXN009245,593.39,Card,Authentication Failed,345,21,3,0,10.81,1198.29,1,1
TXN009246,287.96,Net Banking,Authentication Failed,425,11,7,1,32.62,462.89,0,1
TXN009247,2629.97,Card,Authentication Failed,1465,13,2,0,20.05,954.04,0,0
TXN009248,321.35,Card,Insufficient Funds,1209,18,7,1,1.13,2064.73,0,1
TXN009249,1046.53,UPI,Authentication Failed,468,22,2,1,57.42,507.58,0,1
TXN009250,467.93,UPI,Network Error,682,18,2,0,5.36,1460.15,0,1
TXN009251,2204.51,UPI,Limit Exceeded,724,15,5,2,11.07,1210.92,1,1
TXN009252,811.66,Card,Bank Decline,1134,14,6,0,11.41,973.18,0,1
TXN009253,971.64,UPI,Bank Decline,120,28,2,1,18.81,2589.55,0,0
TXN009254,1001.59,UPI,Bank Decline,1301,15,3,0,33.53,654.72,0,1
TXN009255,1439.88,Net Banking,Insufficient Funds,569,12,4,0,5.97,1077.84,1,0
TXN009256,1109.54,UPI,Bank Decline,312,20,5,1,6.29,1154.88,1,1
TXN009257,1054.74,UPI,Authentication Failed,629,19,4,0,4.53,1334.05,0,0
TXN009258,687.76,UPI,Insufficient Funds,61,21,5,2,25.68,2895.75,0,1
TXN009259,265.8,Net Banking,Insufficient Funds,530,12,5,0,18.2,682.49,0,0
TXN009260,400.74,UPI,Insufficient Funds,440,18,6,1,4.24,1810.27,1,0
TXN009261,2093.58,Card,Bank Decline,196,25,1,3,10.66,1739.36,0,1
TXN009262,832.77,Card,Authentication Failed,395,10,5,2,9.38,1971.76,0,0
TXN009263,603.29,Card,Insufficient Funds,673,23,5,2,13.87,1295.17,0,1
TXN009264,309.46,Card,Insufficient Funds,1365,17,3,0,30.98,638.91,1,0
TXN009265,233.3,Net Banking,Authentication Failed,352,7,4,2,40.15,2032.03,1,1
TXN009266,582.37,UPI,Authentication Failed,271,19,0,0,4.41,907.0,0,0
TXN009267,2438.77,UPI,Insufficient Funds,878,13,2,0,16.63,2454.16,1,0
TXN009268,664.24,UPI,Limit Exceeded,1134,16,4,1,29.19,581.25,0,1
TXN009269,1572.52,UPI,Expired Card,147,18,4,0,2.66,3347.77,0,1
TXN009270,637.3,UPI,Limit Exceeded,755,13,4,0,7.52,2653.26,1,1
TXN009271,1948.82,UPI,Network Error,562,28,1,2,3.17,849.65,0,0
TXN009272,799.05,Card,Authentication Failed,245,19,3,1,8.51,770.12,0,1
TXN009273,361.88,Card,Insufficient Funds,1460,10,3,1,0.77,898.3,0,1
TXN009274,860.87,UPI,Bank Decline,1128,19,7,3,12.26,1167.91,0,0
TXN009275,5713.58,Card,Bank Decline,842,13,1,2,101.9,1332.49,1,1
TXN009276,5491.17,UPI,Bank Decline,1491,13,4,1,37.44,1562.23,1,0
TXN009277,1699.14,UPI,Authentication Failed,976,28,5,2,12.8,1208.58,1,0
TXN009278,969.37,Card,Network Error,571,14,3,3,15.92,674.72,0,1
TXN009279,1441.6,UPI,Insufficient Funds,627,18,4,0,26.3,1067.23,1,1
TXN009280,1458.5,UPI,Bank Decline,263,21,2,0,4.75,1000.37,0,1
TXN009281,1057.96,UPI,Bank Decline,1041,19,2,1,14.36,5839.78,1,0
TXN009282,1630.84,Net Banking,Authentication Failed,184,16,5,0,11.88,485.41,0,1
TXN009283,1322.67,Card,Network Error,1423,19,4,0,8.74,4203.14,1,1
TXN009284,825.2,UPI,Expired Card,1324,21,4,1,10.95,721.4,0,0
TXN009285,374.0,Net Banking,Expired Card,989,10,4,1,26.42,534.0,0,0
TXN009286,724.84,Card,Limit Exceeded,403,22,7,2,8.62,932.37,0,1
TXN009287,2251.98,Card,Expired Card,1419,14,3,0,45.3,2593.71,0,1
TXN009288,1066.02,Net Banking,Bank Decline,543,20,6,1,41.08,2343.19,1,0
TXN009289,1436.92,UPI,Authentication Failed,644,14,5,3,65.49,1378.34,0,0
TXN009290,850.04,UPI,Limit Exceeded,272,20,5,3,1.2,1345.0,0,0
TXN009291,422.57,Card,Limit Exceeded,1163,12,5,1,16.82,1955.6,0,1
TXN009292,884.69,Card,Authentication Failed,1308,20,5,0,4.16,1415.21,0,0
TXN009293,436.94,Card,Limit Exceeded,991,21,3,1,1.5,1346.31,0,1
TXN009294,412.54,Card,Limit Exceeded,1131,18,5,0,12.99,473.43,0,1
TXN009295,3245.66,Net Banking,Authentication Failed,410,15,4,4,48.74,461.51,0,0
TXN009296,751.39,Net Banking,Insufficient Funds,1314,22,3,4,6.28,987.43,1,0
TXN009297,562.65,Net Banking,Network Error,1307,18,2,0,9.15,396.96,0,0
TXN009298,4703.98,Net Banking,Network Error,145,30,5,1,20.66,628.95,1,0
TXN009299,2283.55,Net Banking,Bank Decline,1251,22,3,2,37.44,1481.07,1,0
TXN009300,784.97,UPI,Limit Exceeded,75,15,4,0,1.94,1720.71,1,0
TXN009301,1611.42,UPI,Limit Exceeded,811,13,2,1,16.22,1110.09,0,0
TXN009302,886.95,Card,Expired Card,183,18,4,0,4.92,986.72,0,1
TXN009303,587.92,Net Banking,Authentication Failed,1403,22,3,1,27.0,1595.84,1,0
TXN009304,1681.13,Card,Bank Decline,551,24,5,0,5.55,758.96,1,1
TXN009305,819.04,Card,Limit Exceeded,307,21,5,1,23.4,482.47,1,1
TXN009306,1173.74,UPI,Network Error,1258,15,4,0,22.54,1013.27,0,1
TXN009307,2749.64,UPI,Bank Decline,1402,18,9,0,67.02,881.73,0,0
TXN009308,2490.13,Card,Insufficient Funds,1021,10,5,0,12.28,579.94,0,0
TXN009309,668.42,UPI,Authentication Failed,652,18,7,1,3.13,2686.77,0,1
TXN009310,1698.38,UPI,Network Error,405,26,1,0,28.36,1347.23,0,0
TXN009311,397.39,UPI,Limit Exceeded,1173,17,6,3,24.76,485.61,1,1
TXN009312,1644.8,UPI,Network Error,763,29,4,0,34.26,1308.31,1,1
TXN009313,1253.44,Card,Insufficient Funds,1167,18,5,0,14.72,888.83,0,1
TXN009314,1542.38,UPI,Bank Decline,579,18,6,0,19.37,2102.34,0,1
TXN009315,839.07,Card,Bank Decline,62,22,4,1,59.53,3015.63,0,0
TXN009316,7155.7,UPI,Authentication Failed,388,17,3,0,0.29,373.05,0,0
TXN009317,487.28,Net Banking,Insufficient Funds,477,23,5,0,19.84,1124.13,0,1
TXN009318,2629.1,UPI,Authentication Failed,1238,19,4,2,11.1,617.81,1,1
TXN009319,433.32,Card,Authentication Failed,641,22,3,2,9.53,276.15,0,0
TXN009320,1726.6,Card,Authentication Failed,749,18,4,3,6.39,3152.6,1,1
TXN009321,1841.27,UPI,Network Error,41,20,0,0,23.3,1045.2,1,0
TXN009322,1152.26,Net Banking,Authentication Failed,1296,22,3,1,2.2,1461.91,0,0
TXN009323,702.19,Card,Bank Decline,982,18,6,0,4.69,705.41,0,0
TXN009324,1245.16,Card,Insufficient Funds,27,19,7,1,6.98,1161.15,0,0
TXN009325,1394.53,UPI,Bank Decline,1170,17,1,2,4.08,1168.61,1,1
TXN009326,5491.42,Net Banking,Authentication Failed,271,17,4,1,2.84,771.41,1,0
TXN009327,500.14,Card,Insufficient Funds,1430,17,6,0,11.96,1144.92,0,0
TXN009328,664.93,UPI,Network Error,463,19,4,0,2.27,7072.94,0,1
TXN009329,1416.95,UPI,Insufficient Funds,1150,21,5,3,6.6,636.91,0,1
TXN009330,870.92,Net Banking,Bank Decline,956,16,1,1,42.83,955.64,0,0
TXN009331,1002.21,Card,Insufficient Funds,389,19,4,1,14.23,2998.34,0,0
TXN009332,2873.59,Card,Authentication Failed,541,12,5,0,13.19,1046.8,1,1
TXN009333,86.64,Card,Network Error,1069,16,3,0,29.97,317.22,0,1
TXN009334,640.24,Card,Authentication Failed,990,8,4,0,21.14,976.17,0,1
TXN009335,228.58,UPI,Expired Card,1052,17,3,0,8.13,274.27,0,1
TXN009336,373.82,UPI,Authentication Failed,53,17,2,3,2.6,797.32,0,0
TXN009337,9548.72,Card,Network Error,752,20,6,0,25.13,1515.15,0,0
TXN009338,1878.73,Wallet,Expired Card,545,19,1,0,2.11,716.14,0,1
TXN009339,2582.23,UPI,Network Error,1414,17,1,1,6.56,1512.3,1,1
TXN009340,1019.96,Card,Network Error,1078,10,3,0,27.05,819.46,0,0
TXN009341,2170.78,Card,Limit Exceeded,685,27,5,2,21.96,2236.47,1,0
TXN009342,223.65,Card,Expired Card,990,13,5,2,33.57,1525.17,1,0
TXN009343,2791.87,Net Banking,Limit Exceeded,1111,14,4,2,16.72,897.68,0,1
TXN009344,524.34,Card,Limit Exceeded,51,17,3,3,17.68,570.0,0,1
TXN009345,679.81,UPI,Insufficient Funds,281,14,4,0,12.35,649.99,0,0
TXN009346,1727.85,Wallet,Expired Card,991,18,8,1,6.55,1327.35,1,0
TXN009347,1457.97,Card,Insufficient Funds,1341,23,2,1,12.02,1284.53,0,0
TXN009348,1183.41,Net Banking,Network Error,238,15,6,1,2.28,1670.59,0,0
TXN009349,321.57,Card,Expired Card,92,12,9,0,92.21,1439.95,0,1
TXN009350,1199.71,Net Banking,Authentication Failed,1135,27,4,3,7.56,1955.34,0,0
TXN009351,2603.22,UPI,Insufficient Funds,183,22,3,3,34.96,647.6,0,0
TXN009352,679.1,UPI,Insufficient Funds,644,16,8,2,43.52,1086.92,1,0
TXN009353,3581.16,Net Banking,Insufficient Funds,1219,20,3,0,0.49,1363.1,0,1
TXN009354,499.98,UPI,Bank Decline,1090,18,3,0,16.34,742.8,0,0
TXN009355,1103.11,UPI,Limit Exceeded,1250,20,2,1,34.63,309.93,0,1
TXN009356,4366.84,Net Banking,Limit Exceeded,594,14,6,1,10.36,1155.09,0,0
TXN009357,593.92,Net Banking,Limit Exceeded,609,24,5,1,1.13,733.14,1,1
TXN009358,2831.57,UPI,Authentication Failed,1146,17,4,0,8.69,338.92,0,1
TXN009359,6484.61,Net Banking,Bank Decline,1197,18,4,2,5.8,586.14,0,1
TXN009360,1279.14,Card,Insufficient Funds,644,14,3,1,39.27,788.68,1,1
TXN009361,682.45,Card,Insufficient Funds,1475,16,5,0,19.75,735.52,0,1
TXN009362,547.05,Net Banking,Authentication Failed,1263,14,3,3,5.43,1338.0,0,1
TXN009363,3548.01,UPI,Limit Exceeded,120,12,3,0,29.45,1030.55,0,1
TXN009364,3460.0,UPI,Expired Card,1005,24,2,0,12.79,774.01,0,1
TXN009365,4041.53,UPI,Bank Decline,618,21,4,0,37.49,2012.07,0,1
TXN009366,1064.7,Card,Bank Decline,157,18,4,0,29.08,2316.44,0,1
TXN009367,2790.64,Card,Authentication Failed,590,21,4,1,19.7,1960.94,0,0
TXN009368,1049.47,Net Banking,Insufficient Funds,994,17,7,0,2.21,886.32,1,1
TXN009369,495.34,Net Banking,Limit Exceeded,376,18,1,3,16.61,1076.58,1,0
TXN009370,3016.22,Card,Bank Decline,1379,17,2,1,17.25,2015.38,1,1
TXN009371,4771.82,Net Banking,Insufficient Funds,981,15,7,2,30.45,1523.7,0,1
TXN009372,437.67,UPI,Limit Exceeded,1197,18,4,3,3.66,694.69,0,1
TXN009373,430.31,UPI,Bank Decline,78,25,4,2,16.94,945.22,1,0
TXN009374,1136.81,Net Banking,Expired Card,866,24,5,0,31.66,1215.67,0,1
TXN009375,2592.86,UPI,Expired Card,359,13,3,0,0.33,1526.61,0,1
TXN009376,395.27,UPI,Network Error,1041,18,7,0,17.07,1447.96,0,1
TXN009377,1345.22,Card,Limit Exceeded,816,19,2,1,30.35,582.89,1,1
TXN009378,644.59,UPI,Network Error,747,18,7,1,10.79,914.54,0,0
TXN009379,2060.59,Net Banking,Bank Decline,644,18,4,0,3.82,3154.34,0,1
TXN009380,534.8,UPI,Limit Exceeded,159,22,6,2,27.58,1210.88,1,0
TXN009381,2196.5,UPI,Network Error,1192,11,1,0,1.69,1232.16,0,1
TXN009382,951.09,UPI,Insufficient Funds,392,11,1,1,13.72,1333.69,1,1
TXN009383,471.81,Card,Authentication Failed,697,19,7,2,0.11,734.14,0,0
TXN009384,1161.33,UPI,Network Error,1174,21,3,0,11.48,2460.51,1,1
TXN009385,191.68,Card,Authentication Failed,145,22,4,1,40.88,1111.9,0,0
TXN009386,663.03,Net Banking,Authentication Failed,212,20,2,0,47.93,823.03,0,0
TXN009387,1485.73,Net Banking,Bank Decline,102,24,3,2,3.21,1127.06,0,0
TXN009388,222.61,UPI,Network Error,732,18,2,1,17.42,4433.39,1,1
TXN009389,108.42,Card,Bank Decline,1386,9,2,1,1.03,133.74,1,1
TXN009390,133.56,Card,Bank Decline,324,19,5,1,20.54,2256.26,0,0
TXN009391,3620.67,Net Banking,Authentication Failed,518,19,6,0,26.21,594.36,0,0
TXN009392,1023.43,Wallet,Limit Exceeded,25,17,4,0,11.03,5250.54,0,1
TXN009393,679.11,UPI,Insufficient Funds,1443,22,2,1,9.97,660.31,0,1
TXN009394,2567.38,Card,Network Error,413,26,4,0,14.35,1190.55,0,1
TXN009395,762.04,UPI,Authentication Failed,975,12,7,3,6.25,1544.36,0,0
TXN009396,1396.35,UPI,Network Error,1432,16,3,0,11.81,1011.42,1,1
TXN009397,1122.35,UPI,Limit Exceeded,869,18,4,1,36.8,1536.24,0,0
TXN009398,717.74,Card,Limit Exceeded,107,25,1,1,2.13,1130.5,1,1
TXN009399,1429.0,Card,Bank Decline,599,25,3,1,14.37,755.68,0,0
TXN009400,2199.39,UPI,Bank Decline,701,17,2,0,6.87,967.47,0,1
TXN009401,928.51,Card,Expired Card,24,15,0,0,25.76,564.4,0,1
TXN009402,724.51,UPI,Network Error,1185,15,6,2,7.39,614.8,0,1
TXN009403,805.72,Card,Network Error,135,18,5,0,28.59,1638.53,0,1
TXN009404,138.64,UPI,Expired Card,998,13,4,0,9.1,1037.28,0,0
TXN009405,1414.81,UPI,Limit Exceeded,1345,14,2,0,17.36,1384.81,0,1
TXN009406,369.37,UPI,Bank Decline,372,20,5,1,21.69,1174.23,0,1
TXN009407,1932.84,UPI,Insufficient Funds,468,17,2,1,6.97,649.53,1,0
TXN009408,1010.92,Card,Bank Decline,1191,17,8,0,9.78,584.15,1,0
TXN009409,1205.45,UPI,Network Error,941,22,4,2,33.34,2343.62,0,1
TXN009410,2059.66,Card,Bank Decline,1406,17,1,0,10.5,2010.13,0,1
TXN009411,476.34,UPI,Network Error,338,22,4,0,11.37,1480.63,0,1
TXN009412,1528.93,Card,Insufficient Funds,691,17,4,2,15.8,811.7,0,0
TXN009413,1395.29,Card,Network Error,917,17,3,4,27.38,916.3,0,1
TXN009414,928.62,UPI,Bank Decline,26,21,2,0,1.32,3510.29,0,1
TXN009415,475.63,Card,Network Error,552,18,4,2,16.42,3913.36,1,1
TXN009416,1873.78,UPI,Bank Decline,578,12,2,1,36.01,2241.8,0,1
TXN009417,2065.46,Card,Bank Decline,468,20,3,3,7.4,2218.13,0,1
TXN009418,1214.69,UPI,Authentication Failed,1188,22,3,1,20.74,4276.42,1,0
TXN009419,418.52,Card,Insufficient Funds,1394,14,3,1,5.36,1419.41,1,0
TXN009420,682.18,Card,Expired Card,915,19,8,0,2.06,1121.11,0,0
TXN009421,1038.67,Net Banking,Authentication Failed,611,16,5,0,3.4,956.93,0,0
TXN009422,2037.84,Card,Network Error,329,15,4,1,23.03,1368.65,0,0
TXN009423,263.71,Card,Authentication Failed,95,16,5,1,16.07,785.08,0,1
TXN009424,660.22,UPI,Insufficient Funds,179,16,3,0,3.9,849.02,0,1
TXN009425,763.26,Net Banking,Network Error,46,17,6,1,0.65,632.58,0,1
TXN009426,1017.5,Net Banking,Bank Decline,940,17,1,0,31.65,2288.35,0,1
TXN009427,339.95,UPI,Insufficient Funds,209,16,5,1,21.72,1029.18,0,0
TXN009428,901.64,Net Banking,Bank Decline,249,16,3,0,10.81,1464.92,0,0
TXN009429,829.29,Card,Bank Decline,94,15,4,1,4.16,1977.36,0,1
TXN009430,431.03,Net Banking,Expired Card,680,14,3,0,60.66,712.77,0,0
TXN009431,986.17,Net Banking,Authentication Failed,538,21,5,1,8.53,2574.99,0,0
TXN009432,673.81,UPI,Insufficient Funds,666,15,5,2,47.06,1005.7,1,0
TXN009433,1713.04,Card,Bank Decline,719,14,4,1,4.52,489.73,0,1
TXN009434,494.33,UPI,Bank Decline,1181,7,5,0,38.93,606.71,1,0
TXN009435,1188.98,UPI,Bank Decline,1130,18,5,0,14.12,591.06,1,1
TXN009436,529.77,UPI,Limit Exceeded,253,19,3,0,51.81,7530.09,0,0
TXN009437,639.2,Card,Bank Decline,631,18,5,2,2.38,1002.1,0,0
TXN009438,1433.05,UPI,Insufficient Funds,737,30,5,0,84.63,1394.07,0,0
TXN009439,1354.58,UPI,Expired Card,991,19,4,0,4.08,635.52,0,0
TXN009440,753.46,Card,Authentication Failed,502,17,4,3,1.76,2638.2,0,1
TXN009441,860.51,UPI,Network Error,1319,20,2,3,14.97,912.01,1,0
TXN009442,296.41,UPI,Network Error,421,18,3,3,20.53,542.28,0,1
TXN009443,3875.72,UPI,Insufficient Funds,976,18,7,1,8.58,572.1,0,0
TXN009444,2035.94,UPI,Bank Decline,621,14,5,1,21.54,2895.06,1,0
TXN009445,1971.01,Card,Bank Decline,85,8,3,0,52.56,418.98,0,1
TXN009446,260.99,UPI,Bank Decline,1415,21,4,0,28.64,2045.44,0,0
TXN009447,641.66,Wallet,Authentication Failed,1468,22,7,1,39.13,626.4,1,1
TXN009448,811.52,Card,Network Error,534,18,5,0,41.07,608.16,0,1
TXN009449,192.88,UPI,Insufficient Funds,1371,22,4,4,6.4,1208.37,0,0
TXN009450,2442.93,UPI,Bank Decline,1089,22,8,1,22.1,600.17,1,0
TXN009451,4058.21,Card,Bank Decline,712,18,4,0,24.76,1457.32,1,1
TXN009452,7014.55,Card,Network Error,643,20,4,0,2.33,593.74,1,1
TXN009453,427.82,UPI,Bank Decline,905,15,2,0,11.93,2220.75,0,1
TXN009454,1218.76,UPI,Bank Decline,917,20,3,0,19.21,2640.82,1,1
TXN009455,3606.66,Net Banking,Network Error,550,15,5,4,6.18,973.95,0,0
TXN009456,872.83,UPI,Bank Decline,1022,23,7,0,18.33,2681.48,1,1
TXN009457,658.33,UPI,Insufficient Funds,696,18,3,0,0.97,589.78,0,1
TXN009458,204.5,Net Banking,Insufficient Funds,225,12,5,2,16.07,691.33,0,0
TXN009459,3039.23,Card,Bank Decline,1130,22,6,0,1.92,1456.62,1,0
TXN009460,1077.79,UPI,Insufficient Funds,1001,20,4,1,20.64,1545.55,1,1
TXN009461,568.84,Card,Bank Decline,109,21,3,0,19.24,562.77,0,1
TXN009462,1415.83,UPI,Limit Exceeded,890,19,7,0,17.57,1157.02,0,1
TXN009463,1258.54,Card,Expired Card,636,12,7,0,5.35,1040.34,0,0
TXN009464,1275.93,Card,Network Error,761,17,3,0,19.89,1475.51,0,0
TXN009465,902.0,Net Banking,Authentication Failed,1149,24,4,0,9.64,3852.72,0,1
TXN009466,4722.64,Wallet,Bank Decline,13,18,3,2,13.83,930.09,1,1
TXN009467,972.34,Net Banking,Authentication Failed,394,19,9,1,20.74,877.74,0,1
TXN009468,4709.75,Net Banking,Bank Decline,834,12,5,1,8.32,1017.22,0,1
TXN009469,1822.03,Card,Bank Decline,1311,13,2,0,94.52,508.15,0,0
TXN009470,1504.26,UPI,Bank Decline,48,13,4,2,1.16,2704.18,0,0
TXN009471,990.34,Card,Insufficient Funds,102,21,2,1,23.57,2537.82,0,1
TXN009472,2634.8,Card,Authentication Failed,252,14,3,0,4.95,1653.75,0,1
TXN009473,1214.02,Net Banking,Insufficient Funds,1254,11,4,2,72.15,1160.0,1,1
TXN009474,473.94,UPI,Bank Decline,120,16,2,2,13.61,917.1,0,0
TXN009475,459.92,Net Banking,Bank Decline,550,12,2,0,27.66,2365.98,0,0
TXN009476,1603.97,Net Banking,Insufficient Funds,336,10,2,2,4.08,534.78,1,0
TXN009477,484.62,Wallet,Insufficient Funds,1183,16,5,1,38.22,1503.92,0,1
TXN009478,1036.9,Net Banking,Insufficient Funds,1247,13,2,3,60.07,1907.73,0,1
TXN009479,2839.74,UPI,Bank Decline,278,7,4,2,13.94,1319.31,0,1
TXN009480,1441.69,UPI,Authentication Failed,1430,9,4,0,34.27,1304.59,1,1
TXN009481,572.54,UPI,Bank Decline,1380,28,7,0,19.94,722.74,0,0
TXN009482,3901.0,UPI,Insufficient Funds,1452,19,3,0,5.04,2157.22,0,1
TXN009483,1795.59,Card,Expired Card,267,26,5,1,45.1,1012.28,0,0
TXN009484,2740.82,Net Banking,Authentication Failed,723,24,4,1,27.19,383.96,0,0
TXN009485,142.48,Net Banking,Bank Decline,270,18,4,0,39.94,822.73,1,1
TXN009486,1477.0,Card,Bank Decline,807,16,1,2,8.11,1147.16,0,1
TXN009487,2340.08,UPI,Authentication Failed,324,24,4,1,10.88,940.3,1,1
TXN009488,5065.76,UPI,Insufficient Funds,1146,18,3,2,6.12,1794.37,0,1
TXN009489,293.7,UPI,Network Error,1242,29,2,2,7.37,823.46,1,1
TXN009490,3247.05,UPI,Bank Decline,166,18,3,1,5.44,785.4,0,1
TXN009491,4817.17,Card,Authentication Failed,483,24,1,0,23.39,563.12,0,1
TXN009492,178.47,UPI,Authentication Failed,647,26,0,0,8.57,441.62,0,1
TXN009493,1687.04,UPI,Limit Exceeded,865,20,5,2,23.68,937.92,0,0
TXN009494,1911.91,UPI,Bank Decline,154,19,3,2,20.2,1709.32,1,1
TXN009495,817.04,Card,Bank Decline,1477,17,1,1,14.58,753.74,0,0
TXN009496,705.51,Card,Bank Decline,1108,17,3,4,20.05,453.03,0,1
TXN009497,2000.33,Card,Authentication Failed,981,18,6,0,14.52,1055.86,0,1
TXN009498,630.5,Card,Authentication Failed,1292,19,3,2,22.88,463.99,0,0
TXN009499,901.87,Wallet,Bank Decline,58,16,4,1,7.11,1166.72,1,1
TXN009500,2278.31,UPI,Expired Card,264,27,4,2,27.36,1220.7,0,0
TXN009501,5316.86,Card,Insufficient Funds,1026,12,5,0,6.38,512.95,1,1
TXN009502,1779.67,Card,Bank Decline,254,24,4,0,69.59,831.19,0,1
TXN009503,1236.62,Card,Expired Card,294,12,7,0,8.79,2580.85,0,0
TXN009504,689.0,Net Banking,Bank Decline,1284,25,2,0,0.24,2372.78,1,1
TXN009505,441.62,UPI,Bank Decline,953,19,6,0,11.27,2454.93,0,1
TXN009506,2976.85,Card,Insufficient Funds,220,20,5,1,56.14,1696.88,0,1
TXN009507,955.18,UPI,Limit Exceeded,1122,10,3,4,18.08,509.11,0,0
TXN009508,3089.09,Card,Authentication Failed,550,21,5,1,1.94,1098.0,1,0
TXN009509,815.18,UPI,Authentication Failed,238,20,6,0,2.06,1068.53,1,0
TXN009510,611.33,UPI,Expired Card,649,12,2,1,10.73,811.34,0,1
TXN009511,1601.54,Card,Network Error,19,17,3,1,4.6,1435.63,1,1
TXN009512,1023.64,Card,Bank Decline,844,22,4,2,16.7,3925.04,0,0
TXN009513,370.56,UPI,Authentication Failed,539,15,4,2,48.92,2528.85,0,0
TXN009514,5628.69,Card,Network Error,1475,17,5,0,60.86,910.24,0,1
TXN009515,623.73,Card,Expired Card,845,15,3,0,45.74,1811.68,1,1
TXN009516,2527.11,UPI,Expired Card,625,14,2,1,6.32,821.67,1,1
TXN009517,2339.45,Card,Limit Exceeded,412,18,2,0,67.62,1421.8,1,1
TXN009518,353.01,Card,Insufficient Funds,294,10,4,0,6.63,2209.82,0,0
TXN009519,444.9,Card,Bank Decline,432,23,7,3,17.7,1452.74,1,0
TXN009520,836.01,UPI,Expired Card,442,27,5,0,39.82,2045.54,0,0
TXN009521,503.16,UPI,Authentication Failed,996,10,1,2,19.35,466.39,1,1
TXN009522,5186.48,Card,Expired Card,87,16,5,1,102.15,1449.83,0,1
TXN009523,915.84,Net Banking,Bank Decline,1212,21,6,4,7.73,465.52,1,0
TXN009524,2442.49,Card,Bank Decline,364,19,3,3,2.29,1533.19,0,1
TXN009525,1741.1,UPI,Limit Exceeded,708,15,3,0,4.48,952.72,0,0
TXN009526,1390.78,Card,Limit Exceeded,261,16,1,2,3.66,564.94,1,1
TXN009527,1137.16,Net Banking,Network Error,905,15,3,1,42.11,641.99,1,1
TXN009528,3338.97,UPI,Bank Decline,172,18,3,0,11.29,1816.06,1,1
TXN009529,521.87,Wallet,Authentication Failed,471,17,7,1,13.05,625.7,1,0
TXN009530,5185.92,Net Banking,Network Error,262,14,9,0,3.42,620.92,0,1
TXN009531,344.3,UPI,Limit Exceeded,429,11,5,0,4.34,2647.21,0,1
TXN009532,2215.78,Net Banking,Insufficient Funds,204,17,3,1,28.93,604.15,0,0
TXN009533,309.62,UPI,Bank Decline,1243,23,5,0,20.67,1297.08,0,1
TXN009534,825.4,Net Banking,Authentication Failed,563,16,3,0,7.19,884.4,0,1
TXN009535,1192.7,UPI,Insufficient Funds,889,14,0,1,28.57,5587.42,0,1
TXN009536,707.67,Card,Network Error,531,13,2,0,0.99,1447.91,0,1
TXN009537,931.22,Card,Network Error,1082,22,5,4,1.32,2202.47,0,1
TXN009538,314.73,Net Banking,Limit Exceeded,1295,20,2,0,1.67,1776.28,0,1
TXN009539,450.92,UPI,Bank Decline,1355,16,4,1,21.88,1133.9,0,0
TXN009540,1717.18,Card,Insufficient Funds,561,24,5,0,16.31,541.56,0,1
TXN009541,1126.31,UPI,Authentication Failed,13,20,5,0,35.62,1810.94,1,0
TXN009542,589.06,UPI,Network Error,50,17,7,0,62.31,713.75,0,0
TXN009543,3611.4,UPI,Insufficient Funds,1202,25,2,1,7.51,788.19,0,1
TXN009544,365.79,Card,Insufficient Funds,1132,15,4,0,17.84,2472.77,1,0
TXN009545,792.01,UPI,Authentication Failed,741,19,6,2,36.78,1231.68,0,1
TXN009546,695.69,UPI,Insufficient Funds,595,22,10,1,4.78,3611.46,1,1
TXN009547,1907.47,UPI,Network Error,818,17,1,0,1.81,4241.0,0,0
TXN009548,1145.21,UPI,Bank Decline,1326,14,2,3,73.16,1216.54,0,0
TXN009549,994.91,Card,Authentication Failed,1235,26,5,0,41.35,508.59,1,1
TXN009550,208.56,Wallet,Limit Exceeded,497,18,2,0,16.95,1336.95,0,0
TXN009551,2388.76,UPI,Network Error,324,13,2,1,0.19,527.47,1,1
TXN009552,901.41,Net Banking,Insufficient Funds,1201,24,6,0,4.62,3884.38,0,0
TXN009553,1216.94,Card,Authentication Failed,224,17,4,1,21.41,2725.18,0,0
TXN009554,559.08,Card,Bank Decline,507,15,3,0,8.03,942.87,0,1
TXN009555,485.29,Card,Authentication Failed,1223,17,4,0,15.14,1887.3,0,1
TXN009556,4227.47,Net Banking,Network Error,339,14,6,3,1.03,2049.51,0,1
TXN009557,222.31,UPI,Expired Card,1183,20,1,2,14.32,832.38,1,1
TXN009558,424.63,Card,Insufficient Funds,559,21,5,0,2.79,1492.77,0,1
TXN009559,4156.56,Card,Limit Exceeded,1053,15,1,0,2.01,1592.21,0,1
TXN009560,1952.12,Card,Bank Decline,222,20,5,2,12.09,1096.1,0,1
TXN009561,818.18,Net Banking,Bank Decline,1073,26,7,2,12.96,951.9,1,0
TXN009562,3367.54,UPI,Insufficient Funds,1391,18,3,0,41.6,452.23,0,1
TXN009563,1639.55,Card,Insufficient Funds,749,16,3,1,80.52,871.84,1,1
TXN009564,1352.07,Card,Insufficient Funds,942,15,7,0,2.07,361.37,0,0
TXN009565,1343.46,UPI,Bank Decline,420,18,6,1,6.83,1277.47,0,1
TXN009566,1666.89,UPI,Authentication Failed,1448,15,6,2,23.96,1087.01,0,0
TXN009567,1728.7,Card,Bank Decline,628,21,3,1,19.29,2947.33,1,0
TXN009568,7913.9,Net Banking,Expired Card,623,17,2,1,1.52,1332.33,0,0
TXN009569,920.2,Card,Insufficient Funds,322,13,3,0,1.09,1252.82,1,1
TXN009570,946.11,Net Banking,Network Error,1460,17,4,0,9.64,646.35,0,1
TXN009571,360.25,UPI,Network Error,773,14,3,1,12.36,589.46,0,0
TXN009572,1046.59,UPI,Authentication Failed,505,20,5,3,15.29,610.75,1,1
TXN009573,5864.06,UPI,Limit Exceeded,355,16,3,0,18.32,1019.1,0,0
TXN009574,2659.88,UPI,Bank Decline,81,26,3,1,11.84,2204.58,1,1
TXN009575,672.3,UPI,Limit Exceeded,239,21,6,1,22.79,571.25,0,0
TXN009576,1126.69,UPI,Insufficient Funds,919,11,6,0,2.24,883.79,0,1
TXN009577,341.45,Card,Network Error,730,18,3,0,24.38,1453.52,0,0
TXN009578,458.42,Card,Insufficient Funds,576,25,3,0,17.38,4160.69,0,1
TXN009579,1254.51,UPI,Bank Decline,44,23,5,1,0.17,2250.33,1,0
TXN009580,702.74,UPI,Bank Decline,268,13,3,0,11.48,1418.14,1,1
TXN009581,428.32,UPI,Expired Card,1476,18,1,0,7.8,1005.06,0,1
TXN009582,1704.21,Card,Network Error,218,15,5,0,5.26,1169.8,0,0
TXN009583,1018.39,UPI,Limit Exceeded,1488,14,1,0,1.02,1122.06,0,1
TXN009584,267.52,UPI,Network Error,997,23,2,2,68.16,730.16,1,0
TXN009585,169.42,Net Banking,Insufficient Funds,1312,16,3,1,5.91,1858.17,0,1
TXN009586,656.54,Net Banking,Limit Exceeded,791,23,3,0,11.03,1383.85,1,1
TXN009587,262.58,UPI,Limit Exceeded,212,16,2,0,1.78,1068.34,0,0
TXN009588,203.97,UPI,Authentication Failed,11,14,6,3,28.69,816.43,1,0
TXN009589,3029.26,UPI,Network Error,1273,17,10,0,0.43,387.3,0,1
TXN009590,1004.31,Net Banking,Limit Exceeded,154,23,0,2,16.05,935.21,1,0
TXN009591,863.59,Card,Limit Exceeded,981,14,5,0,5.83,941.47,1,0
TXN009592,925.59,UPI,Insufficient Funds,1353,21,1,0,7.63,824.2,0,1
TXN009593,393.84,Card,Insufficient Funds,393,25,4,1,13.4,161.38,1,1
TXN009594,1587.44,UPI,Insufficient Funds,1423,15,3,0,11.39,1060.28,0,1
TXN009595,974.93,UPI,Bank Decline,1280,21,4,2,9.52,613.1,0,0
TXN009596,554.65,UPI,Network Error,434,16,1,0,17.72,555.9,0,1
TXN009597,634.69,Card,Authentication Failed,375,27,1,1,14.31,1643.57,0,0
TXN009598,363.32,UPI,Bank Decline,1007,14,7,4,7.24,506.34,0,0
TXN009599,760.81,UPI,Expired Card,654,20,2,3,3.76,2962.36,0,0
TXN009600,883.89,UPI,Expired Card,1477,19,3,3,3.05,987.73,0,0
TXN009601,743.18,UPI,Insufficient Funds,1052,27,0,0,0.67,1478.92,0,1
TXN009602,1152.44,Net Banking,Insufficient Funds,556,12,8,1,10.6,3534.16,0,1
TXN009603,1021.82,UPI,Network Error,545,10,1,0,3.46,1038.51,0,1
TXN009604,1349.77,UPI,Expired Card,1312,18,3,1,38.49,1390.88,1,1
TXN009605,2562.62,Card,Authentication Failed,1309,20,2,1,9.88,1050.95,0,1
TXN009606,1870.05,Net Banking,Bank Decline,1150,13,3,0,17.73,2191.12,0,1
TXN009607,2589.27,Net Banking,Authentication Failed,1283,22,3,0,6.73,1633.79,0,1
TXN009608,511.34,Card,Bank Decline,483,8,2,0,5.4,489.91,1,1
TXN009609,693.84,UPI,Expired Card,1095,19,1,1,30.49,274.83,1,0
TXN009610,1974.83,Card,Network Error,1333,23,0,0,8.3,1045.03,1,0
TXN009611,2006.87,Card,Insufficient Funds,1347,18,3,3,1.8,2343.4,0,1
TXN009612,595.4,UPI,Insufficient Funds,180,21,6,0,7.03,612.59,0,1
TXN009613,1901.55,Net Banking,Insufficient Funds,1445,19,3,0,2.28,1084.87,0,1
TXN009614,469.1,UPI,Bank Decline,1290,22,5,0,11.2,460.18,1,1
TXN009615,1690.79,Wallet,Limit Exceeded,1315,23,6,0,6.23,437.5,0,1
TXN009616,1070.98,Net Banking,Insufficient Funds,79,22,4,2,30.9,523.69,0,0
TXN009617,315.45,Card,Network Error,1109,27,4,2,1.22,2237.28,1,1
TXN009618,741.99,Net Banking,Bank Decline,1074,17,4,0,74.98,239.32,0,1
TXN009619,7816.88,Card,Limit Exceeded,751,15,8,0,28.57,643.5,1,0
TXN009620,1316.2,UPI,Limit Exceeded,1033,11,6,0,19.76,378.36,0,0
TXN009621,8694.14,Card,Limit Exceeded,449,18,5,0,0.98,410.69,0,0
TXN009622,299.01,UPI,Network Error,85,25,3,1,70.27,2242.89,1,0
TXN009623,2155.26,UPI,Bank Decline,1407,12,1,3,25.76,1308.03,0,0
TXN009624,112.07,Card,Limit Exceeded,145,17,5,0,10.81,1359.49,1,1
TXN009625,1096.4,UPI,Insufficient Funds,821,20,2,1,31.76,1131.38,0,0
TXN009626,1935.45,UPI,Bank Decline,1037,18,5,1,7.44,1062.04,0,0
TXN009627,2331.11,Card,Insufficient Funds,889,17,8,0,9.45,1064.59,0,1
TXN009628,534.14,Net Banking,Expired Card,731,25,7,1,20.06,1069.92,0,0
TXN009629,2793.87,UPI,Expired Card,519,18,5,0,45.98,1127.43,0,1
TXN009630,678.35,UPI,Expired Card,702,14,4,1,45.33,1427.71,0,1
TXN009631,946.07,UPI,Bank Decline,733,21,5,0,4.85,857.85,0,1
TXN009632,742.49,Card,Insufficient Funds,83,18,4,1,18.49,1567.76,0,1
TXN009633,394.35,UPI,Authentication Failed,1073,21,2,1,38.83,2413.86,0,1
TXN009634,4504.12,Card,Network Error,1187,21,1,2,1.97,1196.49,0,1
TXN009635,1145.06,UPI,Bank Decline,536,19,2,4,3.7,2781.84,0,1
TXN009636,2917.8,UPI,Network Error,1250,19,5,2,27.77,380.77,0,0
TXN009637,2808.03,Net Banking,Insufficient Funds,1019,23,2,1,14.87,2003.54,1,0
TXN009638,458.91,UPI,Insufficient Funds,196,15,1,0,1.05,1461.78,1,1
TXN009639,3276.45,Card,Bank Decline,881,14,3,1,13.77,717.92,1,1
TXN009640,1725.16,UPI,Bank Decline,268,17,3,1,45.8,880.2,0,1
TXN009641,429.74,Card,Bank Decline,150,22,6,2,3.64,1659.89,0,1
TXN009642,1642.49,Card,Authentication Failed,647,16,4,0,1.28,736.02,0,0
TXN009643,436.74,UPI,Network Error,284,15,4,1,52.68,3239.16,0,1
TXN009644,4655.54,UPI,Network Error,820,22,7,1,8.6,563.08,0,1
TXN009645,2281.09,UPI,Expired Card,313,16,4,0,26.95,483.47,0,1
TXN009646,1028.61,Card,Authentication Failed,613,18,4,1,16.78,2559.88,1,0
TXN009647,3423.17,Net Banking,Insufficient Funds,556,10,8,3,3.73,1820.95,1,0
TXN009648,264.07,Card,Limit Exceeded,1186,19,4,2,4.05,8904.79,1,0
TXN009649,558.69,Card,Network Error,306,14,4,1,24.43,398.08,1,1
TXN009650,873.77,UPI,Insufficient Funds,353,14,7,1,18.12,841.08,1,0
TXN009651,8201.86,UPI,Bank Decline,1453,12,7,2,0.27,656.65,1,1
TXN009652,418.45,UPI,Network Error,432,26,6,1,12.31,1046.4,1,1
TXN009653,235.9,UPI,Expired Card,48,15,5,2,45.2,1049.87,1,0
TXN009654,298.88,UPI,Bank Decline,322,13,4,2,13.69,3673.45,0,0
TXN009655,2478.96,Card,Network Error,644,11,4,2,0.51,736.13,0,0
TXN009656,642.41,Card,Expired Card,83,24,6,1,12.1,1676.14,1,1
TXN009657,950.34,Net Banking,Bank Decline,102,28,4,1,0.83,1787.64,0,1
TXN009658,2178.84,UPI,Authentication Failed,1293,17,3,0,10.85,975.79,1,1
TXN009659,951.2,Card,Authentication Failed,825,18,9,1,24.06,1931.12,0,1
TXN009660,1317.82,Net Banking,Network Error,743,18,4,1,2.53,1133.05,0,0
TXN009661,1775.24,Card,Authentication Failed,756,16,6,0,7.51,1716.54,0,1
TXN009662,744.26,UPI,Insufficient Funds,211,20,4,0,3.99,985.21,0,1
TXN009663,944.18,UPI,Insufficient Funds,1318,12,5,3,9.0,438.32,0,1
TXN009664,1363.43,UPI,Bank Decline,1293,16,2,0,2.92,1074.78,0,1
TXN009665,2395.53,UPI,Network Error,942,13,4,3,5.71,4249.91,0,0
TXN009666,537.47,Card,Network Error,661,17,6,2,2.6,1188.8,0,0
TXN009667,72.35,UPI,Network Error,321,13,1,1,9.57,1195.7,0,1
TXN009668,2021.56,UPI,Insufficient Funds,1399,14,3,2,11.48,3734.36,1,1
TXN009669,2527.39,Card,Insufficient Funds,1282,20,3,1,15.92,387.46,0,0
TXN009670,1312.95,Net Banking,Authentication Failed,1363,27,1,1,25.43,1116.1,1,1
TXN009671,1396.14,Card,Authentication Failed,750,26,4,1,1.97,422.44,1,1
TXN009672,659.92,Card,Expired Card,1456,12,5,0,36.62,659.25,1,0
TXN009673,1720.15,UPI,Expired Card,301,14,6,2,21.65,1130.55,1,1
TXN009674,2363.38,UPI,Network Error,837,18,1,2,2.06,2615.84,1,1
TXN009675,1153.84,UPI,Insufficient Funds,648,23,3,1,8.59,809.61,0,1
TXN009676,10322.94,Card,Bank Decline,291,12,3,0,8.55,1417.03,1,1
TXN009677,268.44,Net Banking,Expired Card,1347,16,4,0,21.92,914.48,0,1
TXN009678,1269.86,UPI,Network Error,518,15,2,0,2.92,1776.49,0,0
TXN009679,381.11,Card,Insufficient Funds,1014,21,4,0,1.14,1913.61,1,1
TXN009680,2420.82,UPI,Authentication Failed,35,18,4,1,0.46,2999.13,0,1
TXN009681,264.19,Card,Limit Exceeded,1324,18,4,0,36.37,1621.94,1,0
TXN009682,330.12,UPI,Bank Decline,1037,21,4,1,17.36,1607.71,1,1
TXN009683,620.26,UPI,Network Error,548,19,6,1,0.37,1159.5,0,0
TXN009684,1393.05,Net Banking,Authentication Failed,221,20,9,2,49.77,4668.7,1,0
TXN009685,641.67,Card,Insufficient Funds,633,13,4,0,2.07,1387.58,0,1
TXN009686,647.49,Card,Network Error,221,12,6,3,24.86,1030.64,0,0
TXN009687,931.87,UPI,Bank Decline,1194,14,3,1,34.72,2590.39,0,0
TXN009688,881.82,UPI,Bank Decline,1200,12,6,0,18.89,2031.22,0,0
TXN009689,4182.67,UPI,Limit Exceeded,227,18,10,0,1.32,604.96,0,1
TXN009690,2033.11,Net Banking,Bank Decline,1030,12,2,4,15.06,2078.24,1,1
TXN009691,818.83,Wallet,Insufficient Funds,1290,22,2,4,10.86,600.34,1,0
TXN009692,7239.52,Card,Insufficient Funds,267,17,4,1,25.61,1800.18,1,0
TXN009693,1707.0,UPI,Insufficient Funds,1030,17,4,1,5.63,528.39,1,0
TXN009694,458.49,Net Banking,Bank Decline,572,21,4,0,21.4,1145.03,1,1
TXN009695,1381.41,Card,Expired Card,807,22,2,0,4.08,2038.06,1,0
TXN009696,1775.72,Card,Insufficient Funds,1285,18,6,0,22.2,1144.18,1,0
TXN009697,590.6,UPI,Expired Card,1308,20,4,0,5.48,635.23,0,0
TXN009698,425.28,Card,Expired Card,652,22,8,1,78.11,280.99,0,0
TXN009699,1185.37,Card,Bank Decline,1054,19,2,0,46.83,988.55,1,1
TXN009700,792.98,Net Banking,Network Error,995,13,2,0,12.76,1784.13,1,1
TXN009701,4151.46,Net Banking,Expired Card,1463,15,4,1,21.77,2044.43,0,1
TXN009702,2136.75,UPI,Bank Decline,998,28,9,1,30.35,2697.15,1,1
TXN009703,616.03,Card,Bank Decline,635,19,3,0,20.67,1103.55,1,0
TXN009704,1608.96,Net Banking,Network Error,484,10,4,2,30.24,1539.62,0,0
TXN009705,3430.34,UPI,Authentication Failed,388,18,1,0,6.64,742.77,0,0
TXN009706,312.8,UPI,Bank Decline,825,10,4,4,2.33,624.98,0,1
TXN009707,436.81,UPI,Bank Decline,380,24,6,0,2.37,435.66,0,1
TXN009708,1085.67,Card,Bank Decline,559,14,5,0,18.6,1447.14,1,1
TXN009709,1132.34,UPI,Insufficient Funds,768,24,4,0,11.42,1438.45,1,0
TXN009710,1046.31,Card,Network Error,1353,26,5,2,30.74,949.44,0,1
TXN009711,829.07,UPI,Bank Decline,1119,18,1,0,1.09,2626.51,0,1
TXN009712,817.74,Net Banking,Insufficient Funds,98,16,3,1,14.19,827.24,0,0
TXN009713,1549.72,UPI,Bank Decline,383,16,9,0,3.11,4699.0,0,1
TXN009714,3042.85,UPI,Insufficient Funds,1111,22,5,0,21.95,627.35,1,0
TXN009715,711.33,Card,Bank Decline,609,11,3,0,7.05,980.7,1,1
TXN009716,9843.43,Card,Insufficient Funds,106,16,3,0,4.89,885.02,0,1
TXN009717,6403.64,UPI,Insufficient Funds,1153,18,3,4,0.15,1575.26,0,1
TXN009718,3627.61,UPI,Limit Exceeded,806,13,2,0,12.9,1100.85,0,1
TXN009719,1920.3,UPI,Authentication Failed,1426,19,2,4,16.63,503.83,0,0
TXN009720,6682.11,Card,Insufficient Funds,29,16,3,1,21.57,320.0,0,0
TXN009721,844.63,Net Banking,Network Error,662,16,3,0,78.21,1808.33,0,1
TXN009722,518.35,Card,Bank Decline,776,11,6,0,15.0,447.95,0,0
TXN009723,683.09,Card,Network Error,525,27,3,0,19.01,704.37,0,0
TXN009724,444.68,Card,Bank Decline,1307,14,7,1,16.14,1643.24,0,0
TXN009725,1223.68,UPI,Bank Decline,1125,17,3,1,20.98,1504.6,0,0
TXN009726,1436.33,Wallet,Expired Card,925,15,2,0,45.87,479.15,0,1
TXN009727,1313.9,Net Banking,Insufficient Funds,1412,21,3,0,60.82,745.0,1,0
TXN009728,1084.43,UPI,Insufficient Funds,383,15,4,3,15.67,2484.06,0,0
TXN009729,1236.25,UPI,Limit Exceeded,1055,19,6,1,15.98,986.77,0,1
TXN009730,5232.75,UPI,Expired Card,297,26,5,0,31.87,2294.38,1,0
TXN009731,1916.1,UPI,Network Error,1257,22,5,1,0.29,264.29,0,1
TXN009732,2515.58,Card,Bank Decline,1203,15,4,1,3.86,923.58,0,0
TXN009733,1302.07,Card,Network Error,1483,22,2,3,3.47,672.8,1,1
TXN009734,256.2,Net Banking,Bank Decline,1318,23,3,0,1.35,654.52,1,0
TXN009735,214.33,Card,Bank Decline,1099,12,7,1,8.03,718.67,1,1
TXN009736,7147.58,Card,Network Error,1311,18,0,0,25.1,3332.61,1,1
TXN009737,679.5,Card,Network Error,869,23,3,0,16.29,1139.09,0,0
TXN009738,629.5,UPI,Expired Card,348,19,2,0,5.61,338.02,1,1
TXN009739,1367.99,UPI,Expired Card,876,12,1,0,40.01,1106.38,0,0
TXN009740,1799.68,Card,Bank Decline,1363,17,4,1,6.74,778.01,1,1
TXN009741,2016.62,UPI,Bank Decline,1416,13,2,2,13.33,1668.6,1,0
TXN009742,5415.26,UPI,Bank Decline,1372,20,1,0,0.79,1200.91,1,1
TXN009743,4232.99,Net Banking,Network Error,323,22,1,1,33.09,826.73,0,1
TXN009744,528.56,Card,Bank Decline,1337,13,4,0,68.15,3753.91,1,0
TXN009745,2622.44,UPI,Authentication Failed,1203,15,5,0,39.93,1376.28,0,0
TXN009746,776.13,Card,Expired Card,550,24,4,1,9.46,1125.12,1,0
TXN009747,968.98,Net Banking,Authentication Failed,1230,17,4,3,3.07,1466.29,1,0
TXN009748,409.69,UPI,Expired Card,81,10,6,0,6.49,590.65,1,1
TXN009749,238.95,UPI,Authentication Failed,782,26,3,1,44.63,702.95,1,0
TXN009750,1065.92,Net Banking,Expired Card,223,15,4,1,65.67,2859.68,0,0
TXN009751,463.88,UPI,Authentication Failed,639,24,3,1,1.11,603.04,0,1
TXN009752,2527.62,UPI,Insufficient Funds,538,22,6,0,2.55,555.25,1,1
TXN009753,851.53,Card,Insufficient Funds,455,12,6,4,30.97,481.8,1,0
TXN009754,1447.7,Card,Network Error,1037,20,2,0,3.39,745.42,1,1
TXN009755,3754.74,UPI,Authentication Failed,895,14,5,1,8.8,2720.75,0,1
TXN009756,288.08,UPI,Bank Decline,399,24,4,1,0.67,744.4,0,1
TXN009757,571.26,UPI,Insufficient Funds,1416,9,7,0,4.19,2862.43,0,1
TXN009758,1290.51,Wallet,Network Error,1177,13,1,0,3.51,1595.83,0,1
TXN009759,1452.84,UPI,Expired Card,322,13,6,0,30.51,494.35,0,1
TXN009760,2960.6,Card,Bank Decline,460,13,3,0,1.11,518.01,1,1
TXN009761,2393.32,Net Banking,Expired Card,1217,22,3,0,16.31,610.86,0,0
TXN009762,1196.6,UPI,Authentication Failed,1355,19,2,4,15.8,3308.93,1,1
TXN009763,1440.96,Wallet,Authentication Failed,819,17,8,0,53.61,1887.51,1,1
TXN009764,1477.3,Net Banking,Bank Decline,324,20,4,0,1.89,438.54,1,1
TXN009765,292.15,Net Banking,Bank Decline,400,20,5,0,18.48,921.07,1,0
TXN009766,952.66,UPI,Bank Decline,385,17,1,1,25.68,1580.67,1,1
TXN009767,1371.45,Card,Bank Decline,711,16,7,2,0.15,697.23,0,0
TXN009768,1656.89,Card,Insufficient Funds,800,23,6,0,18.78,3209.86,0,0
TXN009769,477.27,Wallet,Limit Exceeded,1048,20,4,1,2.19,1239.77,1,1
TXN009770,350.05,UPI,Bank Decline,833,13,2,0,17.91,2019.44,0,0
TXN009771,887.95,Card,Authentication Failed,155,23,7,1,6.08,2511.4,0,1
TXN009772,6442.23,UPI,Authentication Failed,564,23,5,0,2.09,816.94,1,1
TXN009773,524.62,UPI,Insufficient Funds,1042,23,4,2,10.95,4187.76,1,0
TXN009774,3154.34,Card,Authentication Failed,748,19,4,1,17.57,1268.79,0,1
TXN009775,4565.42,Net Banking,Expired Card,468,16,6,0,6.86,1406.92,1,0
TXN009776,1142.44,Card,Network Error,1190,17,5,2,13.49,1228.06,0,1
TXN009777,594.75,Card,Bank Decline,983,17,3,2,8.3,1060.74,1,0
TXN009778,1739.82,Wallet,Network Error,701,12,2,1,50.45,668.74,0,1
TXN009779,1307.0,UPI,Bank Decline,573,17,4,1,16.31,1883.27,0,0
TXN009780,506.14,Card,Network Error,272,10,5,1,7.07,1195.66,1,1
TXN009781,606.12,UPI,Insufficient Funds,553,15,9,0,4.41,922.06,0,0
TXN009782,1649.49,UPI,Network Error,86,18,1,4,15.51,846.56,0,1
TXN009783,2540.45,Card,Bank Decline,524,21,5,2,70.81,1075.25,0,0
TXN009784,820.15,Net Banking,Insufficient Funds,1098,21,1,1,11.74,1770.76,0,0
TXN009785,1030.48,Card,Network Error,708,23,1,2,43.69,1683.46,0,1
TXN009786,2001.75,Card,Network Error,250,28,5,3,13.6,3934.96,0,0
TXN009787,938.95,UPI,Bank Decline,15,26,3,1,29.34,1054.68,0,1
TXN009788,837.65,UPI,Insufficient Funds,1187,14,4,1,16.04,722.32,0,0
TXN009789,555.68,Card,Authentication Failed,470,17,2,0,15.82,1262.01,0,1
TXN009790,547.07,UPI,Network Error,652,15,7,0,9.85,1908.49,0,0
TXN009791,12112.51,UPI,Insufficient Funds,1330,12,5,1,20.9,1672.75,1,1
TXN009792,919.12,Card,Network Error,1350,19,4,0,12.26,1363.29,0,1
TXN009793,3746.41,UPI,Network Error,255,21,5,0,33.55,1381.12,0,0
TXN009794,4992.01,UPI,Insufficient Funds,329,25,3,0,46.01,569.9,1,1
TXN009795,929.62,Card,Network Error,562,17,3,0,12.17,1537.85,0,0
TXN009796,1527.8,Card,Limit Exceeded,1492,12,2,3,5.5,751.26,0,1
TXN009797,1202.59,Net Banking,Limit Exceeded,1428,13,4,1,10.75,1037.92,0,0
TXN009798,256.99,Card,Insufficient Funds,399,11,7,0,21.93,1135.68,1,0
TXN009799,271.3,UPI,Authentication Failed,1258,26,6,0,12.57,1002.09,1,1
TXN009800,1145.92,Net Banking,Bank Decline,925,14,2,2,9.08,1612.44,0,0
TXN009801,748.13,Net Banking,Authentication Failed,575,12,3,1,0.49,889.41,1,0
TXN009802,6017.47,UPI,Insufficient Funds,250,22,5,2,3.65,810.6,0,0
TXN009803,886.33,UPI,Network Error,1087,20,4,1,33.09,1079.2,0,1
TXN009804,6347.63,Card,Network Error,1173,15,3,3,26.01,1983.03,0,1
TXN009805,714.26,Card,Bank Decline,198,15,2,0,1.57,767.08,0,1
TXN009806,6130.19,Net Banking,Limit Exceeded,525,15,2,2,2.02,3854.9,0,1
TXN009807,1729.84,Card,Network Error,1434,21,2,0,48.88,1312.85,0,1
TXN009808,1820.68,Card,Insufficient Funds,966,25,7,1,28.74,677.21,1,1
TXN009809,691.88,Wallet,Network Error,1305,19,5,0,9.38,1098.81,0,1
TXN009810,1843.14,Card,Network Error,1069,24,3,1,64.79,1160.01,1,0
TXN009811,5031.34,UPI,Insufficient Funds,199,13,6,2,65.03,683.91,0,0
TXN009812,962.62,Net Banking,Authentication Failed,333,23,4,1,109.55,614.25,1,0
TXN009813,807.98,UPI,Authentication Failed,489,26,4,2,8.6,2517.22,0,1
TXN009814,878.23,Net Banking,Bank Decline,31,15,2,0,13.7,1310.26,1,0
TXN009815,4713.1,Wallet,Network Error,108,17,7,0,18.95,786.53,0,1
TXN009816,2368.04,Card,Bank Decline,669,19,4,3,30.71,199.25,1,0
TXN009817,4035.61,Card,Limit Exceeded,223,17,3,2,3.89,1248.84,0,0
TXN009818,1454.27,Card,Authentication Failed,748,16,9,1,7.14,562.86,0,0
TXN009819,1136.13,UPI,Bank Decline,273,19,2,1,7.96,572.57,0,1
TXN009820,1606.08,UPI,Limit Exceeded,168,22,8,0,32.39,1348.57,0,1
TXN009821,2873.09,Card,Network Error,293,15,5,0,11.69,518.61,0,1
TXN009822,877.95,Card,Bank Decline,684,27,1,3,15.57,579.96,1,1
TXN009823,3758.63,Card,Authentication Failed,892,22,7,1,27.43,1235.35,0,0
TXN009824,1524.23,UPI,Network Error,253,19,4,3,18.26,2068.21,0,0
TXN009825,125.76,Card,Bank Decline,180,17,5,0,44.13,695.32,0,1
TXN009826,2428.78,Net Banking,Expired Card,1426,25,3,2,3.0,3183.12,0,0
TXN009827,348.95,Card,Bank Decline,1039,19,1,0,11.48,391.97,1,1
TXN009828,2376.19,Card,Bank Decline,915,18,1,0,8.83,606.56,1,1
TXN009829,2468.5,Net Banking,Authentication Failed,1478,16,1,0,30.46,314.87,0,1
TXN009830,1475.72,Card,Expired Card,1024,11,7,0,11.85,651.73,1,1
TXN009831,1788.82,UPI,Limit Exceeded,794,23,3,0,45.74,456.7,0,0
TXN009832,2948.3,Net Banking,Bank Decline,603,11,3,0,5.93,445.66,1,1
TXN009833,702.0,UPI,Network Error,668,19,2,2,5.09,794.1,1,1
TXN009834,2239.68,Wallet,Authentication Failed,1351,10,5,3,15.89,771.73,1,1
TXN009835,3123.54,UPI,Bank Decline,1155,14,3,0,0.92,664.41,0,1
TXN009836,5345.84,UPI,Insufficient Funds,47,18,3,0,19.42,1560.25,0,1
TXN009837,405.37,Net Banking,Network Error,343,14,3,1,26.2,731.31,0,0
TXN009838,1583.93,UPI,Bank Decline,332,15,4,1,5.48,2306.35,0,1
TXN009839,461.58,Card,Insufficient Funds,1216,20,8,0,7.94,1410.64,0,1
TXN009840,444.29,Net Banking,Authentication Failed,1271,14,5,3,19.69,771.67,0,0
TXN009841,1514.93,Net Banking,Authentication Failed,1369,18,4,0,14.67,475.27,1,1
TXN009842,1175.81,Wallet,Network Error,1124,17,1,0,17.79,981.42,1,0
TXN009843,3073.28,UPI,Limit Exceeded,925,17,5,0,14.79,2906.8,0,0
TXN009844,803.07,Card,Authentication Failed,1446,18,3,1,12.39,3089.8,0,1
TXN009845,972.0,UPI,Expired Card,1093,13,5,1,0.55,433.2,1,1
TXN009846,1326.57,UPI,Insufficient Funds,1022,15,2,1,8.38,1851.93,1,1
TXN009847,504.9,Net Banking,Insufficient Funds,739,21,5,3,16.66,547.64,0,0
TXN009848,572.06,UPI,Insufficient Funds,526,18,5,0,28.91,675.92,0,0
TXN009849,2994.37,Card,Insufficient Funds,1239,18,4,0,35.73,2523.33,0,0
TXN009850,669.1,Card,Bank Decline,1239,18,3,0,8.08,722.31,1,1
TXN009851,3178.7,Card,Bank Decline,1406,23,4,1,21.64,822.69,0,1
TXN009852,1894.26,Wallet,Bank Decline,91,27,7,0,1.55,1355.9,1,1
TXN009853,272.39,UPI,Insufficient Funds,213,13,3,2,8.09,891.49,0,0
TXN009854,1767.53,Card,Network Error,1377,20,6,0,3.12,1296.39,0,1
TXN009855,1755.01,Net Banking,Bank Decline,167,19,5,0,11.43,731.5,1,0
TXN009856,1604.61,Card,Limit Exceeded,456,15,5,3,18.41,2158.55,0,0
TXN009857,965.18,UPI,Insufficient Funds,122,11,4,1,50.97,716.12,0,0
TXN009858,470.57,Card,Limit Exceeded,368,17,4,1,33.5,3742.68,1,1
TXN009859,3683.4,UPI,Authentication Failed,1281,19,9,0,3.23,1178.75,0,1
TXN009860,1000.82,UPI,Expired Card,918,11,3,0,25.92,1138.84,0,0
TXN009861,495.19,Net Banking,Limit Exceeded,189,18,7,0,15.52,1067.41,0,1
TXN009862,1655.27,Card,Authentication Failed,682,20,8,3,30.8,2134.63,0,1
TXN009863,562.0,Net Banking,Insufficient Funds,1358,17,2,2,11.66,666.29,0,1
TXN009864,466.76,Net Banking,Authentication Failed,598,20,3,1,4.05,825.53,1,1
TXN009865,782.17,Card,Limit Exceeded,1037,13,3,0,1.45,2103.69,0,1
TXN009866,602.53,UPI,Expired Card,1417,20,1,0,5.57,760.39,0,1
TXN009867,482.5,Card,Bank Decline,937,21,5,0,3.89,1265.98,0,1
TXN009868,2266.0,UPI,Network Error,1400,25,2,1,16.95,1180.14,0,1
TXN009869,989.85,Net Banking,Expired Card,769,15,3,0,18.62,817.41,0,0
TXN009870,3384.81,UPI,Network Error,618,16,3,0,10.5,836.3,0,1
TXN009871,508.23,UPI,Expired Card,85,16,2,0,10.93,3217.05,0,1
TXN009872,231.64,Card,Insufficient Funds,1251,14,3,0,36.2,1783.71,0,1
TXN009873,1253.75,UPI,Bank Decline,1442,16,4,0,2.8,2541.21,0,0
TXN009874,5827.72,UPI,Bank Decline,688,22,4,0,2.07,424.15,1,0
TXN009875,1768.5,Card,Bank Decline,1127,18,3,0,1.35,1802.94,0,0
TXN009876,19807.91,UPI,Insufficient Funds,399,18,2,0,11.63,2050.21,0,1
TXN009877,1478.6,UPI,Insufficient Funds,474,17,2,2,27.33,1408.88,0,0
TXN009878,1355.6,UPI,Bank Decline,876,15,3,4,19.94,446.67,0,1
TXN009879,157.62,Card,Network Error,1401,26,2,2,1.66,4563.68,0,0
TXN009880,1611.87,Card,Insufficient Funds,1423,18,4,0,12.63,2067.65,0,0
TXN009881,1276.4,Card,Authentication Failed,24,22,5,2,0.75,4316.18,1,1
TXN009882,760.0,Card,Limit Exceeded,1214,21,2,0,2.45,401.51,0,1
TXN009883,969.61,UPI,Limit Exceeded,1173,17,6,0,4.23,2243.74,0,1
TXN009884,1031.44,Net Banking,Insufficient Funds,1493,15,4,0,10.07,901.05,1,1
TXN009885,932.68,UPI,Network Error,1364,20,5,0,8.21,839.9,0,1
TXN009886,7192.14,Card,Network Error,68,18,0,3,20.56,935.81,0,0
TXN009887,785.42,Net Banking,Authentication Failed,169,19,4,1,25.75,1610.29,0,1
TXN009888,1277.14,Net Banking,Limit Exceeded,558,23,4,4,42.8,586.09,0,1
TXN009889,762.41,UPI,Network Error,185,19,3,0,16.82,546.02,1,1
TXN009890,2219.61,UPI,Authentication Failed,1265,20,1,4,5.41,622.03,1,1
TXN009891,1285.74,Card,Insufficient Funds,1090,17,4,1,12.86,930.64,1,1
TXN009892,852.42,UPI,Insufficient Funds,1258,10,2,0,18.35,1002.95,1,0
TXN009893,193.76,Net Banking,Expired Card,245,20,3,2,3.65,1002.79,0,1
TXN009894,1365.09,Card,Insufficient Funds,574,17,5,1,9.7,1423.75,0,1
TXN009895,829.96,Card,Insufficient Funds,752,13,3,2,6.92,2599.36,0,0
TXN009896,1038.29,UPI,Limit Exceeded,90,19,7,1,18.68,1900.08,0,1
TXN009897,378.34,Card,Bank Decline,1071,20,3,0,1.74,2003.65,0,1
TXN009898,3983.65,Card,Network Error,444,19,2,1,30.94,898.85,0,1
TXN009899,2371.0,Net Banking,Authentication Failed,535,7,2,2,1.81,923.58,1,1
TXN009900,3974.43,UPI,Bank Decline,111,17,5,0,32.09,1191.76,0,1
TXN009901,3078.76,UPI,Insufficient Funds,543,19,3,0,2.69,777.34,0,1
TXN009902,1868.86,UPI,Insufficient Funds,388,21,5,0,26.81,1625.95,1,1
TXN009903,392.27,UPI,Insufficient Funds,1123,14,4,3,36.17,1236.39,1,0
TXN009904,5762.05,Card,Insufficient Funds,1245,17,2,4,15.54,1026.07,0,0
TXN009905,475.86,Net Banking,Insufficient Funds,223,30,2,3,42.36,1766.36,1,0
TXN009906,861.29,UPI,Bank Decline,495,12,5,1,6.23,1971.46,0,0
TXN009907,2071.88,Net Banking,Bank Decline,157,16,4,2,7.35,406.26,1,1
TXN009908,2166.54,UPI,Expired Card,1404,22,7,3,8.48,527.79,1,1
TXN009909,1835.39,UPI,Authentication Failed,819,28,4,2,59.08,2078.62,0,1
TXN009910,764.9,UPI,Limit Exceeded,637,15,3,1,1.32,1606.99,0,0
TXN009911,635.09,UPI,Network Error,1479,25,4,0,0.14,2559.02,1,1
TXN009912,10733.01,Net Banking,Insufficient Funds,428,20,3,3,0.96,1559.35,1,0
TXN009913,1058.51,UPI,Expired Card,652,12,5,2,12.09,3014.41,1,1
TXN009914,948.05,Card,Bank Decline,213,19,7,0,4.48,1779.98,0,1
TXN009915,576.98,Card,Insufficient Funds,781,19,8,1,12.02,1892.1,0,1
TXN009916,1366.77,Net Banking,Limit Exceeded,840,19,3,4,13.67,1625.4,1,0
TXN009917,1310.57,UPI,Bank Decline,594,24,4,1,11.93,2126.61,1,1
TXN009918,1080.73,UPI,Insufficient Funds,570,24,4,0,10.71,713.76,0,1
TXN009919,1546.2,UPI,Authentication Failed,232,19,5,0,8.99,1581.7,1,1
TXN009920,5362.49,Card,Authentication Failed,810,22,3,0,7.02,1096.93,0,1
TXN009921,641.91,UPI,Bank Decline,696,15,6,1,7.03,1244.9,0,1
TXN009922,1139.99,Net Banking,Bank Decline,1417,28,3,0,4.26,647.1,0,1
TXN009923,612.12,Card,Network Error,112,23,3,2,9.11,1675.15,1,1
TXN009924,1429.71,Card,Limit Exceeded,1106,22,4,0,14.32,1330.08,0,0
TXN009925,657.46,Card,Insufficient Funds,522,18,0,0,50.5,882.86,0,0
TXN009926,683.41,UPI,Network Error,954,26,3,2,23.25,1260.54,0,0
TXN009927,294.84,Card,Authentication Failed,193,28,11,0,43.49,2929.43,0,0
TXN009928,1197.53,Wallet,Bank Decline,538,23,3,1,4.44,1939.84,0,0
TXN009929,1614.52,Net Banking,Authentication Failed,281,20,5,0,5.14,1611.23,0,1
TXN009930,5851.36,Net Banking,Authentication Failed,545,15,1,0,6.52,531.53,1,1
TXN009931,1673.3,Net Banking,Bank Decline,654,10,4,0,61.53,516.97,0,0
TXN009932,731.64,UPI,Limit Exceeded,24,17,7,1,13.51,779.15,1,1
TXN009933,322.56,UPI,Bank Decline,291,18,7,1,31.1,410.44,0,0
TXN009934,365.34,UPI,Limit Exceeded,1332,14,3,0,30.24,961.06,0,0
TXN009935,341.7,UPI,Limit Exceeded,938,11,2,3,39.01,1456.37,0,0
TXN009936,5944.6,UPI,Bank Decline,1020,29,3,0,4.15,456.26,0,1
TXN009937,1420.88,Card,Expired Card,911,19,3,1,13.12,910.74,0,1
TXN009938,648.93,Card,Limit Exceeded,656,23,3,0,16.16,820.82,0,1
TXN009939,462.26,Net Banking,Bank Decline,858,20,6,1,12.97,227.01,0,0
TXN009940,507.5,Card,Insufficient Funds,263,13,4,2,34.64,450.75,0,0
TXN009941,633.73,Net Banking,Insufficient Funds,1249,8,4,0,49.87,263.87,0,0
TXN009942,3585.42,UPI,Network Error,650,12,5,2,4.5,1763.82,0,1
TXN009943,1067.47,UPI,Authentication Failed,363,23,2,0,1.07,854.87,0,1
TXN009944,298.06,Card,Limit Exceeded,262,13,7,1,23.96,762.17,1,0
TXN009945,8772.82,UPI,Bank Decline,614,18,5,0,12.82,1449.78,0,1
TXN009946,393.02,UPI,Network Error,1304,28,3,0,50.27,2554.73,0,0
TXN009947,644.35,UPI,Bank Decline,340,14,3,0,22.24,3273.46,0,1
TXN009948,3565.75,UPI,Insufficient Funds,1398,13,2,1,6.74,519.32,0,1
TXN009949,1593.41,Card,Network Error,21,24,3,0,13.64,1430.11,0,0
TXN009950,718.43,Card,Bank Decline,185,33,6,1,41.19,2695.7,1,0
TXN009951,362.05,Card,Network Error,1475,21,7,0,33.94,3424.44,1,0
TXN009952,459.43,Card,Authentication Failed,1433,13,8,1,11.33,975.63,1,1
TXN009953,485.0,UPI,Network Error,94,22,1,1,4.51,819.51,0,1
TXN009954,1103.6,UPI,Network Error,100,22,5,0,2.02,573.8,1,1
TXN009955,1302.39,UPI,Insufficient Funds,851,19,6,1,3.39,975.49,0,1
TXN009956,959.31,UPI,Authentication Failed,1425,13,5,1,10.51,1656.88,1,1
TXN009957,1058.61,Card,Limit Exceeded,34,17,4,0,22.69,537.0,0,0
TXN009958,425.96,Card,Authentication Failed,703,17,4,0,3.39,613.1,0,1
TXN009959,1427.7,Card,Bank Decline,81,15,3,0,20.66,1125.89,0,1
TXN009960,3471.93,UPI,Network Error,60,13,7,0,6.54,890.51,1,1
TXN009961,947.18,Card,Network Error,327,11,4,0,17.7,548.42,0,1
TXN009962,930.7,Card,Insufficient Funds,766,14,9,0,11.99,2702.01,0,1
TXN009963,1181.69,Card,Expired Card,1264,12,2,4,37.14,373.22,0,1
TXN009964,3000.05,Card,Authentication Failed,636,18,0,1,46.53,618.87,1,0
TXN009965,490.17,Card,Insufficient Funds,1260,20,3,0,8.75,618.27,0,0
TXN009966,4047.13,Card,Insufficient Funds,338,17,6,2,8.3,512.76,1,0
TXN009967,1602.15,Card,Limit Exceeded,323,25,3,0,17.08,3679.72,0,1
TXN009968,1125.31,UPI,Bank Decline,107,18,4,0,6.25,3705.36,0,1
TXN009969,3267.94,Card,Network Error,254,19,3,0,15.86,731.15,0,1
TXN009970,378.47,UPI,Expired Card,867,22,4,0,9.55,1423.26,0,1
TXN009971,1754.33,UPI,Bank Decline,876,16,4,0,11.65,1117.61,1,1
TXN009972,1615.3,Wallet,Limit Exceeded,227,19,5,1,28.19,1599.87,0,1
TXN009973,472.52,Wallet,Network Error,1369,20,5,0,2.11,2639.93,0,0
TXN009974,1660.0,UPI,Authentication Failed,154,17,3,0,2.9,642.76,0,1
TXN009975,1415.13,Card,Limit Exceeded,1019,19,7,1,2.2,838.04,1,0
TXN009976,933.68,UPI,Authentication Failed,1326,21,1,1,17.5,6412.96,0,1
TXN009977,2384.0,Card,Insufficient Funds,1437,15,2,1,36.4,523.48,0,1
TXN009978,655.51,Net Banking,Bank Decline,587,19,6,2,41.81,872.13,1,0
TXN009979,1398.69,Wallet,Insufficient Funds,484,20,2,1,13.33,484.15,0,1
TXN009980,974.08,Card,Bank Decline,1054,15,5,3,18.81,3878.56,0,1
TXN009981,630.66,UPI,Authentication Failed,889,17,4,1,21.1,719.88,1,1
TXN009982,1724.33,Card,Bank Decline,1216,23,7,3,11.12,2302.84,0,0
TXN009983,909.63,UPI,Limit Exceeded,176,24,4,4,19.02,450.19,0,1
TXN009984,291.28,Net Banking,Bank Decline,444,19,2,0,7.86,944.22,0,0
TXN009985,216.81,Net Banking,Bank Decline,1023,16,6,1,17.77,1603.82,1,0
TXN009986,2230.88,Card,Authentication Failed,307,19,4,1,12.34,241.22,1,1
TXN009987,365.57,UPI,Bank Decline,694,16,5,2,3.16,492.71,0,0
TXN009988,1410.14,UPI,Limit Exceeded,1394,20,3,0,33.56,440.67,0,0
TXN009989,1152.23,UPI,Bank Decline,994,16,5,0,5.56,963.18,0,0
TXN009990,787.07,Net Banking,Authentication Failed,1207,15,4,0,1.98,1928.71,0,0
TXN009991,6380.5,Card,Network Error,150,14,5,2,31.98,975.35,0,1
TXN009992,1289.11,UPI,Limit Exceeded,529,20,6,0,36.02,142.6,0,1
TXN009993,2164.77,Card,Insufficient Funds,665,16,3,3,0.89,371.25,0,1
TXN009994,1417.05,Net Banking,Network Error,491,27,3,1,49.82,2619.76,1,1
TXN009995,890.35,UPI,Authentication Failed,828,15,3,0,1.31,1591.39,0,0
TXN009996,1077.95,Net Banking,Authentication Failed,1467,14,4,2,4.22,836.8,0,0
TXN009997,4075.25,Net Banking,Insufficient Funds,201,10,3,2,0.11,1961.92,1,1
TXN009998,2919.87,Net Banking,Bank Decline,472,12,6,0,0.27,1587.62,0,0
TXN009999,6353.67,UPI,Bank Decline,984,14,3,1,1.6,622.52,0,1
TXN010000,1338.73,UPI,Insufficient Funds,1106,15,8,0,39.0,3465.71,1,0
